Restaurant ID,Restaurant name,Subzone,City,Order ID,Order Placed At,Order Status,Delivery,Distance,Items in order,Instructions,Discount construct,Bill subtotal,Packaging charges,Restaurant discount (Promo),"Restaurant discount (Flat offs, Freebies & others)",Gold discount,Brand pack discount,Total,Rating,Review,Cancellation / Rejection reason,Restaurant compensation (Cancellation),Restaurant penalty (Rejection),KPT duration (minutes),Rider wait time (minutes),Order Ready Marked,Customer complaint tag,Customer ID
20320607,Swaad,Sector 4,Delhi NCR,6168884918,"11:38 PM, September 10 2024",Delivered,Zomato Delivery,3km,"1 x Grilled Chicken Jamaican Tender, 1 x Grilled Chicken Peri Peri Tangdi",,40% off upto Rs.80,715.0,31.75,80.0,0.0,0.0,0.0,666.75,,,,,,18.35,11.6,Correctly,,5d6c2b96db963098bc69768bea504c8bf46106a8a5178edf91a42e66a8179458
20320607,Swaad,Sector 4,Delhi NCR,6170707559,"11:34 PM, September 10 2024",Delivered,Zomato Delivery,2km,"1 x Peri Peri Fries, 1 x Fried Chicken Angara Tender, 1 x Grilled Chicken Angara Tender",,Flat Rs.175 off,1179.0,50.2,175.0,0.0,0.0,0.0,1054.2,,,,,,16.95,3.6,Correctly,,0781815deb4a10a574e9fee4fa0b86b074d4a0b36175d5a626dbc4710568bff4
20320607,Swaad,Sector 4,Delhi NCR,6169375019,"03:52 PM, September 10 2024",Delivered,Zomato Delivery,<1km,1 x Bone in Peri Peri Grilled Chicken,,40% off upto Rs.80,310.0,11.5,80.0,0.0,0.0,0.0,241.5,,,,,,14.05,12.2,Correctly,,f93362f5ce5382657482d164e368186bcec9c6225fd93d374453a2e6983151de
20320607,Swaad,Sector 4,Delhi NCR,6151677434,"03:45 PM, September 10 2024",Delivered,Zomato Delivery,2km,"1 x Fried Chicken Ghostbuster Tender, 1 x Angara Grilled Paneer (8 pcs)",,40% off upto Rs.80,620.0,27.0,80.0,0.0,0.0,0.0,567.0,4.0,,,,,19.0,3.3,Correctly,,1ed226d1b8a5f7acee12fc1d6676558330a3b2b742af5d5c9d3ea550397d49ac
20320607,Swaad,Sector 4,Delhi NCR,6167540897,"03:04 PM, September 10 2024",Delivered,Zomato Delivery,2km,"1 x Peri Peri Krispers, 1 x Fried Chicken Angara Tender",,40% off upto Rs.80,584.0,25.2,80.0,0.0,0.0,0.0,529.2,,,,,,15.97,1.0,Correctly,,d21a2ac6ea06b31cc3288ab20c4ef2f292066c096f2c5f110a3098eeb39596d9
20320607,Swaad,Sector 4,Delhi NCR,6164725184,"12:28 PM, September 10 2024",Delivered,Zomato Delivery,1km,"1 x Grilled Chicken Jamaican Tangdi, 1 x Bone in Jamaican Grilled Chicken",,40% off upto Rs.80,715.0,31.75,80.0,0.0,0.0,0.0,666.75,5.0,,,,,20.48,1.0,Correctly,,4103fd4f3ee2166d322e76fabd420ae15f14a2816ca5a3be43133260bb1327f4
20320607,Swaad,Sector 4,Delhi NCR,6151460444,"12:03 AM, September 10 2024",Delivered,Zomato Delivery,6km,1 x Bone in Jamaican Grilled Chicken,,40% off upto Rs.80,370.0,14.5,80.0,0.0,0.0,0.0,304.5,,,,,,10.53,7.0,Incorrectly,,24d7ca74eb1efe217e88062d2519403ba11d62f5953186d71cfd3a02233275ab
20320607,Swaad,Sector 4,Delhi NCR,6167255032,"10:54 PM, September 09 2024",Delivered,Zomato Delivery,2km,1 x Bone in Angara Grilled Chicken,,40% off upto Rs.80,310.0,11.5,80.0,0.0,0.0,0.0,241.5,,,,,,9.68,1.5,Correctly,,fa1710c1c41dd4f29b810b78f8e7c08a356ca0fdc3930713e020e1ed258ceb4e
20320607,Swaad,Sector 4,Delhi NCR,6167184688,"10:51 PM, September 09 2024",Delivered,Zomato Delivery,1km,"1 x Fried Chicken Angara Tender, 1 x Angara Rice",,40% off upto Rs.80,473.0,19.65,80.0,0.0,0.0,0.0,412.65,,,,,,15.2,8.3,Correctly,,c521ccf21e7bb2207c3f08d578b6e028d2c3b25986cb35dd5930ede1d8a643da
20320607,Swaad,Sector 4,Delhi NCR,6163081676,"03:22 PM, September 09 2024",Delivered,Zomato Delivery,<1km,1 x Grilled Chicken Peri Peri Tangdi,,40% off upto Rs.80,405.0,16.25,80.0,0.0,0.0,0.0,341.25,,,,,,11.38,3.7,Correctly,,ac2ee09679412d4248884cdfd7637d9b3529eeac0e2f27a6c143a53bba064764
20320607,Swaad,Sector 4,Delhi NCR,6164758457,"10:03 PM, September 08 2024",Delivered,Zomato Delivery,6km,1 x Bone in Jamaican Grilled Chicken,,50% off upto Rs.100,370.0,13.5,100.0,0.0,0.0,0.0,283.5,,,,,,11.67,5.5,Correctly,,24d7ca74eb1efe217e88062d2519403ba11d62f5953186d71cfd3a02233275ab
20320607,Swaad,Sector 4,Delhi NCR,6159645418,"09:49 PM, September 08 2024",Delivered,Zomato Delivery,2km,1 x Bone in Jamaican Grilled Chicken,,40% off upto Rs.80,645.0,28.25,80.0,0.0,0.0,0.0,593.25,,,,,,14.27,5.9,Correctly,,e1248ba01f5b3ffbab3adde359bfc48adb924a123dd15daed0063f1c695e5c01
20320607,Swaad,Sector 4,Delhi NCR,6163201423,"07:48 PM, September 08 2024",Delivered,Zomato Delivery,3km,1 x Bone in Smoky Bbq Grilled Chicken,,50% off upto Rs.100,310.0,10.5,100.0,0.0,0.0,0.0,220.5,2.0,,,,,17.23,8.8,Correctly,,db8331544bffcb3d70e0a6eacf709657d5bc03f4eec32d293feb61c9fcad86b9
20320607,Swaad,Sector 4,Delhi NCR,6161956272,"07:48 PM, September 08 2024",Delivered,Zomato Delivery,4km,1 x Fried Chicken Peri Peri Tender,,40% off upto Rs.80,460.0,19.0,80.0,0.0,0.0,0.0,399.0,,,,,,16.83,12.1,Correctly,,8cc49e1c87db248d9bf994de02c7da0229cd3b46bb99002b299345a60d562a7a
20320607,Swaad,Sector 4,Delhi NCR,6153489136,"07:21 PM, September 08 2024",Delivered,Zomato Delivery,4km,"2 x Tipsy Tiger Ginger Ale, 1 x Bone in Jamaican Grilled Chicken, 1 x Bone in Smoky Bbq Grilled Chicken",,,858.1,42.91,0.0,0.0,0.0,0.0,901.01,,,,,,20.3,8.6,Correctly,,a4fb8d5447830dfa482d20ce3a20bce637c3a956fba93cee95726869ddb39231
20320607,Swaad,Sector 4,Delhi NCR,6163049565,"06:33 PM, September 08 2024",Delivered,Zomato Delivery,3km,1 x Bone in Angara Grilled Chicken,,40% off upto Rs.80,695.0,30.75,80.0,0.0,0.0,0.0,645.75,,,,,,18.05,11.1,Correctly,,7ecba12675df48b9b8c245c81a354abc2c6a4a8dd4d28be92f2b955fae0c8150
20320607,Swaad,Sector 4,Delhi NCR,6155177885,"03:23 PM, September 08 2024",Delivered,Zomato Delivery,5km,1 x Fried Chicken Peri Peri Tender,,40% off upto Rs.80,460.0,19.0,80.0,0.0,0.0,0.0,399.0,,,,,,14.97,5.6,Correctly,,e0501d56d905f021333ed64371ab8635f8be47ea516aaf8f2424da63793a6bc6
20320607,Swaad,Sector 4,Delhi NCR,6156719166,"02:55 AM, September 08 2024",Delivered,Zomato Delivery,3km,1 x Angara Aloo Tuk Tuki,,40% off upto Rs.80,218.0,6.9,80.0,0.0,0.0,0.0,144.9,,,,,,20.75,10.9,Correctly,,f9e9f7e806c4b5601873c0b9ff2eac2a45b4ab29d61572bd0c8eb8d3ec0487ce
20320607,Swaad,Sector 4,Delhi NCR,6158533370,"02:23 AM, September 08 2024",Delivered,Zomato Delivery,4km,1 x Grilled Chicken Peri Peri Tangdi,,50% off upto Rs.100,405.0,15.25,100.0,0.0,0.0,0.0,320.25,,,,,,10.8,3.2,Incorrectly,,75386768d73d08a035ee5cbb91c59ed2f971d6f770eaf083420f7b3b8ed49ee9
20320607,Swaad,Sector 4,Delhi NCR,6152228975,"01:57 AM, September 08 2024",Delivered,Zomato Delivery,6km,1 x Grilled Chicken Smoky BBQ Tender,,50% off upto Rs.100,435.0,16.75,100.0,0.0,0.0,0.0,351.75,,,,,,9.42,1.4,Correctly,,65235b6b25a0daf7bb923d0ca8c76a58581c05ca5483bdeee3f88df77d6ffd36
20320607,Swaad,Sector 4,Delhi NCR,6157229636,"09:24 PM, September 07 2024",Delivered,Zomato Delivery,2km,1 x Grilled Chicken Smoky BBQ Tangdi,,50% off upto Rs.100,635.0,26.75,100.0,0.0,0.0,0.0,561.75,,,,,,12.38,1.6,Correctly,,bf3dbdf507a5e0b61ee60d981dc53f57fca7cb06d05f78794472587fc7f9093f
20320607,Swaad,Sector 4,Delhi NCR,6160420881,"08:35 PM, September 07 2024",Delivered,Zomato Delivery,2km,1 x Bone in Jamaican Grilled Chicken,,40% off upto Rs.80,310.0,11.5,80.0,0.0,0.0,0.0,241.5,,,,,,,3.2,Missed,,31e6e136219f784a75bb09e36e5ed588c332aa7ce3aef6d74c16f3e7560768de
20320607,Swaad,Sector 4,Delhi NCR,6158429833,"06:09 PM, September 07 2024",Delivered,Zomato Delivery,5km,"1 x Animal Fries, 1 x Salted Fries",,40% off upto Rs.80,524.0,22.2,80.0,0.0,0.0,0.0,466.2,4.0,,,,,16.88,13.3,Correctly,,49e49a6a003c4e24baf07ad57097ef267b67bd47b86120650a6376eb18299bbb
20320607,Swaad,Sector 4,Delhi NCR,6156152215,"04:00 PM, September 07 2024",Delivered,Zomato Delivery,2km,"1 x Bone in Jamaican Grilled Chicken, 1 x Fried Chicken Angara Tender",,Flat Rs.175 off,910.0,36.75,175.0,0.0,0.0,0.0,771.75,,,,,,19.82,0.7,Correctly,,80650c4426a3fc8d969e8b43126bc197f68b301ca14e037644fc2c5218707d6b
20320607,Swaad,Sector 4,Delhi NCR,6159249185,"12:43 PM, September 07 2024",Delivered,Zomato Delivery,4km,1 x Bone in Kabuli Grilled Chicken,,40% off upto Rs.80,310.0,11.5,80.0,0.0,0.0,0.0,241.5,,,,,,19.2,15.4,Correctly,,b85edd5052b39954b086319952ca2d76184ce8d424fe20fa549b9ade2b4e173f
20320607,Swaad,Sector 4,Delhi NCR,6159181202,"02:00 AM, September 07 2024",Delivered,Zomato Delivery,4km,1 x Bone in Peri Peri Grilled Chicken,,50% off upto Rs.100,585.0,24.25,100.0,0.0,0.0,0.0,509.25,,,,,,10.63,1.7,Correctly,,6f68ba8ce8a4c4b6b82a095980151c96ba4d59a02ac267ba67f7d19cec84d3c2
20320607,Swaad,Sector 4,Delhi NCR,6158034744,"12:58 AM, September 07 2024",Delivered,Zomato Delivery,1km,1 x Fried Chicken Peri Peri Tender,,Flat Rs.80 off,325.0,12.25,80.0,0.0,0.0,0.0,257.25,,,,,,7.77,5.4,Incorrectly,,432e8f108fb6faf72c98a5d5299f6a52d58e948f9d6b0c8aef39b3b4976d2dc4
20320607,Swaad,Sector 4,Delhi NCR,6144978141,"11:25 PM, September 06 2024",Delivered,Zomato Delivery,4km,1 x Fried Chicken Peri Peri Tender,,Flat Rs.80 off,325.0,12.25,80.0,0.0,0.0,0.0,257.25,,,,,,13.05,1.8,Correctly,,693e71ee644f2badf452477f2be8483e5211592ae22cd49bf81a164b125af2b0
20320607,Swaad,Sector 4,Delhi NCR,6155011355,"09:50 PM, September 06 2024",Delivered,Zomato Delivery,8km,"1 x Bone in Angara Grilled Chicken, 1 x Bone in Jamaican Grilled Chicken",,50% off upto Rs.100,895.0,39.75,100.0,0.0,0.0,0.0,834.75,,,,,,13.0,0.4,Correctly,,f948793b932876cb63b8bc6b3cbe85d5d442c5e2fc1c9da348c903fead35b81a
20320607,Swaad,Sector 4,Delhi NCR,6157562143,"09:23 PM, September 06 2024",Delivered,Zomato Delivery,3km,"1 x Jamaican Sauce, 2 x Grilled Chicken Jamaican Tender",,Flat Rs.80 off,680.0,30.0,80.0,0.0,0.0,0.0,630.0,,,,,,15.98,2.4,Correctly,,a84ab19e1691226e429b3f4495db99b2937f431d216e1899dcde06722eb4daee
20320607,Swaad,Sector 4,Delhi NCR,6155576594,"08:59 PM, September 06 2024",Delivered,Zomato Delivery,3km,"1 x Bone in Smoky Bbq Grilled Chicken, 1 x AAC Signature Fries, 1 x Bone in Peri Peri Grilled Chicken",,Flat Rs.80 off,1084.0,50.2,80.0,0.0,0.0,0.0,1054.2,,,,,,10.67,0.9,Correctly,,e27eadf180f5389911e6c5b369ac1ae5ac05259d54bc65721819869ee14e18c7
20320607,Swaad,Sector 4,Delhi NCR,6149438913,"08:36 PM, September 06 2024",Delivered,Zomato Delivery,1km,"1 x Bone in Jamaican Grilled Chicken, 1 x Grilled Chicken Peri Peri Tender, 1 x Grilled Chicken Angara Tenders + Salted Fries",,Flat Rs.175 off,1290.0,55.75,175.0,0.0,0.0,0.0,1170.75,,,,,,22.43,1.2,Correctly,,096a9f7a0c5cf71b57729f2de20cf0080b608dffe8e9c77bf9fa4a3055568590
20320607,Swaad,Sector 4,Delhi NCR,6157743878,"08:36 PM, September 06 2024",Delivered,Zomato Delivery,3km,1 x Bone in Jamaican Grilled Chicken,,40% off upto Rs.80,695.0,30.75,80.0,0.0,0.0,0.0,645.75,5.0,,,,,7.87,4.7,Incorrectly,,ced9e9119fce4573dfcda41998964378f3a2a079d70e503a603cb001658b75ce
20320607,Swaad,Sector 4,Delhi NCR,6158241703,"08:08 PM, September 06 2024",Delivered,Zomato Delivery,2km,1 x Bone in Jamaican Grilled Chicken,,50% off upto Rs.100,310.0,10.5,100.0,0.0,0.0,0.0,220.5,,,,,,8.83,14.3,Incorrectly,,61e7481fdb65a6580cd5520d12517ba4dd78ef3c7d4df2b6ff475d48075ea42c
20320607,Swaad,Sector 4,Delhi NCR,6156620875,"03:09 PM, September 06 2024",Delivered,Zomato Delivery,4km,1 x Fried Chicken Peri Peri Tender,,40% off upto Rs.80,325.0,12.25,80.0,0.0,0.0,0.0,257.25,,,,,,3.35,5.4,Incorrectly,,693e71ee644f2badf452477f2be8483e5211592ae22cd49bf81a164b125af2b0
20320607,Swaad,Sector 4,Delhi NCR,6154403375,"02:49 PM, September 06 2024",Delivered,Zomato Delivery,6km,1 x Bone in Kabuli Grilled Chicken,,40% off upto Rs.80,310.0,11.5,80.0,0.0,0.0,0.0,241.5,5.0,,,,,16.42,8.5,Incorrectly,,5393bd13d96ca939871e15d6f950f8d5ce66ed2d9688b96e0c4f7d1ec2a5b41f
20320607,Swaad,Sector 4,Delhi NCR,6154147762,"11:39 AM, September 06 2024",Delivered,Zomato Delivery,1km,1 x Animal Fries,,50% off upto Rs.100,355.0,12.75,100.0,0.0,0.0,0.0,267.75,,,,,,17.73,11.5,Correctly,,81836124bc23518067df460ac476f26b1f0e3cda956fc9aee91f52c6f92a9114
20320607,Swaad,Sector 4,Delhi NCR,6150715172,"03:24 AM, September 06 2024",Delivered,Zomato Delivery,3km,1 x AAC Signature Krispers,,50% off upto Rs.100,199.0,4.98,99.5,0.0,0.0,0.0,104.48,,,,,,10.95,0.8,Correctly,,f9e9f7e806c4b5601873c0b9ff2eac2a45b4ab29d61572bd0c8eb8d3ec0487ce
20320607,Swaad,Sector 4,Delhi NCR,6150789630,"02:03 AM, September 06 2024",Delivered,Zomato Delivery,1km,"1 x Bone in Smoky Bbq Grilled Chicken, 1 x Fried Chicken Peri Peri Tenders + Peri Peri Fries",,Flat Rs.175 off,775.0,30.0,175.0,0.0,0.0,0.0,630.0,,,,,,16.92,2.5,Correctly,,096a9f7a0c5cf71b57729f2de20cf0080b608dffe8e9c77bf9fa4a3055568590
20320607,Swaad,Sector 4,Delhi NCR,6151158050,"01:54 AM, September 06 2024",Delivered,Zomato Delivery,7km,"1 x Angara Aloo Tuk Tuki, 1 x AAC Signature Fries",,50% off upto Rs.100,347.0,12.35,100.0,0.0,0.0,0.0,259.35,,,,,,25.52,11.8,Correctly,,6292149fd8cc18ad66b1804144ff15fa31e5f1ee90f87f0dee8dbaf97b345b94
20320607,Swaad,Sector 4,Delhi NCR,6155965734,"01:10 AM, September 06 2024",Delivered,Zomato Delivery,4km,1 x Animal Fries,,50% off upto Rs.100,355.0,12.75,100.0,0.0,0.0,0.0,267.75,,,,,,13.3,1.0,Correctly,,ebd60c19b0f492b7377b19d314ab1ecd690e365ce5744030851d2932feb4ade7
20320607,Swaad,Sector 4,Delhi NCR,6155526018,"12:48 AM, September 06 2024",Delivered,Zomato Delivery,7km,1 x Grilled Chicken Jamaican Tender,,50% off upto Rs.100,310.0,10.5,100.0,0.0,0.0,0.0,220.5,,,,,,7.87,1.2,Correctly,,9ae38c952fdef0c4c067098312f0be853006239e7f7a7304008d0b7ae47b0917
20320607,Swaad,Sector 4,Delhi NCR,6146261091,"11:50 PM, September 05 2024",Delivered,Zomato Delivery,4km,"1 x Animal Fries, 1 x Grilled Chicken Smoky BBQ Tender",,40% off upto Rs.80,665.0,29.25,80.0,0.0,0.0,0.0,614.25,,,,,,15.67,3.9,Correctly,,19cb886d7bd07a82573682a85d6042bc2fa0eeda217659f116b1930308a0ce38
20320607,Swaad,Sector 4,Delhi NCR,6155286499,"11:42 PM, September 05 2024",Delivered,Zomato Delivery,8km,"1 x Bone in Smoky Bbq Grilled Chicken, 1 x Bone in Jamaican Grilled Chicken",,50% off upto Rs.100,620.0,26.0,100.0,0.0,0.0,0.0,546.0,,,,,,18.48,4.5,Correctly,,dbb7b0b85ee66218f881e953ecd62bbdc356188fed58a43e27ba37d0c06dc552
20320607,Swaad,Sector 4,Delhi NCR,6155319009,"10:57 PM, September 05 2024",Delivered,Zomato Delivery,3km,1 x Bone in Jamaican Grilled Chicken,,Flat Rs.175 off,755.0,29.0,175.0,0.0,0.0,0.0,609.0,,,,,,11.93,0.9,Correctly,,0a299b2d813b99f45018a6af6c423279b5a0cba30d8c7f3a3f0a69fdfae3c865
20320607,Swaad,Sector 4,Delhi NCR,6155343744,"08:56 PM, September 05 2024",Delivered,Zomato Delivery,1km,1 x Grilled Chicken Smoky BBQ Tender,,Flat Rs.80 off,435.0,17.75,80.0,0.0,0.0,0.0,372.75,,,,,,9.93,0.3,Correctly,,c521ccf21e7bb2207c3f08d578b6e028d2c3b25986cb35dd5930ede1d8a643da
20320607,Swaad,Sector 4,Delhi NCR,6151641967,"07:48 PM, September 05 2024",Delivered,Zomato Delivery,2km,1 x Fried Chicken Angara Tender,,50% off upto Rs.100,325.0,11.25,100.0,0.0,0.0,0.0,236.25,,,,,,13.63,1.4,Correctly,,bcfa051a96036fe2f67b8b7d0f27b37d983dede68aab0aeb2541811d09b0c859
20320607,Swaad,Sector 4,Delhi NCR,6152673880,"07:20 PM, September 05 2024",Delivered,Zomato Delivery,6km,1 x Fried Chicken Peri Peri Tender,,,629.0,31.45,0.0,0.0,0.0,0.0,660.45,4.0,,,,,19.0,0.5,Correctly,,6bd9d2a22ced3c8d3466c08c0570a30c671b1f8a837c51f788966332398a6a45
20320607,Swaad,Sector 4,Delhi NCR,6145690912,"02:14 AM, September 05 2024",Delivered,Zomato Delivery,7km,1 x Bone in Jamaican Grilled Chicken,,50% off upto Rs.100,585.0,24.25,100.0,0.0,0.0,0.0,509.25,,,,,,14.42,1.0,Correctly,,f3fc5884a2568a19739f9ac18b494e1c504694463152534c3cf99614585fafdd
20320607,Swaad,Sector 4,Delhi NCR,6152587141,"02:04 AM, September 05 2024",Delivered,Zomato Delivery,10km,"1 x Bone in Smoky Bbq Grilled Chicken, 1 x Bone in Jamaican Grilled Chicken",,,1230.0,32.25,0.0,585.0,0.0,0.0,677.25,,,,,,18.23,7.1,Correctly,,fcf74c5042b5d8f18e224c0e35d026cdff1a07e7508262d1f70f5b57aa9451a1
20320607,Swaad,Sector 4,Delhi NCR,6143319424,"01:30 AM, September 05 2024",Delivered,Zomato Delivery,10km,"1 x Fried Chicken Peri Peri Tender, 1 x Grilled Chicken Jamaican Tender",,,815.0,22.25,0.0,370.0,0.0,0.0,467.25,,,,,,15.8,1.2,Correctly,,51f61d6e41c956156e1b8be1c84f2e6af08f784750003ae78ec808d0b333d403
20320607,Swaad,Sector 4,Delhi NCR,6152649630,"01:23 AM, September 05 2024",Delivered,Zomato Delivery,4km,"1 x Bone in Jamaican Grilled Chicken, 1 x Bone in Peri Peri Grilled Chicken",,,620.0,15.5,0.0,310.0,0.0,0.0,325.5,,,,,,15.4,2.2,Correctly,,1e7b5292b0110052dbef10afb693806d92a549b702bb3e72dc27305c4fa02aa1
20320607,Swaad,Sector 4,Delhi NCR,6146501186,"01:16 AM, September 05 2024",Delivered,Zomato Delivery,8km,2 x Bone in Jamaican Grilled Chicken,,,840.0,21.0,0.0,420.0,0.0,0.0,441.0,,,,,,17.03,1.2,Correctly,,233304762f6d9e8903e3fd792fa1ab106425d77d02a7ae09898b5c78de784284
20320607,Swaad,Sector 4,Delhi NCR,6145930056,"12:38 AM, September 05 2024",Delivered,Zomato Delivery,9km,2 x Bone in Kabuli Grilled Chicken,,,1170.0,29.25,0.0,585.0,0.0,0.0,614.25,,,,,,18.73,2.8,Correctly,,cffe01c0be11370e104086d48ca7464817fb4b0e69e4a54a6846d9446fda1398
20320607,Swaad,Sector 4,Delhi NCR,6145885503,"12:25 AM, September 05 2024",Delivered,Zomato Delivery,10km,"1 x Fried Chicken Angara Tender, 1 x Salted Fries",,,494.0,16.25,0.0,169.0,0.0,0.0,341.25,,,,,,24.62,0.5,Correctly,,0eb263c3300bd21008a9dc15f0b90a6033a0670799a9d7231b1dc447ba376118
20320607,Swaad,Sector 4,Delhi NCR,6153460436,"12:21 AM, September 05 2024",Delivered,Zomato Delivery,10km,"1 x Fried Chicken Peri Peri Tender, 1 x Garlic Aioli, 1 x Fried Chicken Classic Tender, 1 x Indian Pico De-Gallo",,,905.0,26.0,0.0,385.0,0.0,0.0,546.0,,,,,,20.03,2.1,Correctly,,932461e0c80b5cd50d0585d7081ae87732ddf0e5e4d9ea6fc978e38528705fb8
20320607,Swaad,Sector 4,Delhi NCR,6149384788,"12:14 AM, September 05 2024",Delivered,Zomato Delivery,1km,"1 x Grilled Chicken Jamaican Tender, 1 x Grilled Chicken Peri Peri Tender",,,620.0,15.5,0.0,310.0,0.0,0.0,325.5,,,,,,14.43,2.3,Correctly,,d79a64d183f2c30be582132ff90226e91149f4bef5f2094437bd3e1a297a3386
20320607,Swaad,Sector 4,Delhi NCR,6153295379,"12:13 AM, September 05 2024",Delivered,Zomato Delivery,2km,"1 x Bone in Smoky Bbq Grilled Chicken, 1 x Fried Chicken Classic Tender",Order: Please provide garlic aioli dip on the side instead of harissa.,,635.0,16.25,0.0,310.0,0.0,0.0,341.25,5.0,,,,,17.17,2.5,Correctly,Poor taste or quality,5e8a4ed663825c80c69777fdfb19b3b07ba28e3e060cc9c9ba3ee5913191d6cf
20320607,Swaad,Sector 4,Delhi NCR,6151765091,"11:42 PM, September 04 2024",Delivered,Zomato Delivery,3km,"1 x Bone in Angara Grilled Chicken, 1 x Bone in Jamaican Grilled Chicken",,,620.0,15.5,0.0,310.0,0.0,0.0,325.5,,,,,,16.0,0.8,Correctly,,63d92052e68f12bb766da2073286771ff9fdb5195d1778f74c93676f1bbcb2f4
20320607,Swaad,Sector 4,Delhi NCR,6151170863,"11:31 PM, September 04 2024",Delivered,Zomato Delivery,1km,"1 x Fried Chicken Peri Peri Tender, 1 x AAC Saucy Fries",,,600.0,16.25,0.0,275.0,0.0,0.0,341.25,,,,,,20.73,14.7,Correctly,,1837740b4c913731f06809b4939f99049af0a01db4165c14e2ff12a324e861c7
20320607,Swaad,Sector 4,Delhi NCR,6148418552,"11:27 PM, September 04 2024",Delivered,Zomato Delivery,1km,"1 x Bone in Jamaican Grilled Chicken, 1 x Grilled Chicken Peri Peri Tender",,,745.0,21.75,0.0,310.0,0.0,0.0,456.75,,,,,,,5.6,Missed,,096a9f7a0c5cf71b57729f2de20cf0080b608dffe8e9c77bf9fa4a3055568590
20320607,Swaad,Sector 4,Delhi NCR,6151566063,"10:51 PM, September 04 2024",Delivered,Zomato Delivery,2km,"1 x Bone in Angara Grilled Chicken, 1 x Bone in Peri Peri Grilled Chicken",Order: please sir can u give chicken breast piece,,620.0,15.5,0.0,310.0,0.0,0.0,325.5,,,,,,16.65,11.1,Correctly,,67fcb929df09c634f7ea7180357cba65cf6fcabf87df2356ebffec469ddcb0ab
20320607,Swaad,Sector 4,Delhi NCR,6145781285,"10:34 PM, September 04 2024",Delivered,Zomato Delivery,2km,2 x Bone in Peri Peri Grilled Chicken,,,1290.0,32.25,0.0,645.0,0.0,0.0,677.25,,,,,,15.92,5.9,Correctly,,e1248ba01f5b3ffbab3adde359bfc48adb924a123dd15daed0063f1c695e5c01
20320607,Swaad,Sector 4,Delhi NCR,6151947675,"10:16 PM, September 04 2024",Delivered,Zomato Delivery,1km,2 x Bone in Peri Peri Grilled Chicken,,,1170.0,29.25,0.0,585.0,0.0,0.0,614.25,,,,,,14.88,3.4,Correctly,,f27f1678df564169a9126446616480abcec3d2e0f70808500182ab2254ce1ca0
20320607,Swaad,Sector 4,Delhi NCR,6149007950,"10:12 PM, September 04 2024",Delivered,Zomato Delivery,3km,"1 x Bone in Jamaican Grilled Chicken, 1 x Bone in Smoky Bbq Grilled Chicken",,,1170.0,29.25,0.0,585.0,0.0,0.0,614.25,,,,,,15.88,3.9,Correctly,,056027e8e28c1ebd006f8c0060d278b7033877c64b2a676909e7079d0857db06
20320607,Swaad,Sector 4,Delhi NCR,6147952636,"09:49 PM, September 04 2024",Delivered,Zomato Delivery,1km,"1 x Grilled Chicken Smoky BBQ Tender, 1 x Grilled Chicken Jamaican Tender",,,620.0,15.5,0.0,310.0,0.0,0.0,325.5,,,,,,13.53,0.8,Correctly,,c1d52f9d0acfcc61c0a477f04eae4f4e1fbe35f3ceae6274cdf80b22e535200a
20320607,Swaad,Sector 4,Delhi NCR,6146517611,"09:44 PM, September 04 2024",Delivered,Zomato Delivery,6km,"1 x Bone in Smoky Bbq Grilled Chicken, 1 x Grilled Chicken Peri Peri Tender",,,620.0,15.5,0.0,310.0,0.0,0.0,325.5,,,,,,8.97,1.4,Correctly,,fa41cad255318d632dc4b34e6af0ab45fe7e21c680c03b078e272e09bae8c38d
20320607,Swaad,Sector 4,Delhi NCR,6147223342,"09:44 PM, September 04 2024",Delivered,Zomato Delivery,4km,"1 x Fried Chicken Classic Tender, 1 x Grilled Chicken Peri Peri Tender",,,635.0,16.25,0.0,310.0,0.0,0.0,341.25,4.0,The fried chicken is really good from ur place I would suggest to shake off the excess flour off the chicken as the end product is 60%flour and 40% chicken otherwise really good food,,,,11.05,0.7,Correctly,,9a6a44e1b5d0d38f838c0ca28f23bc57d95787ecd41f8b4438124ea7d76f3beb
20320607,Swaad,Sector 4,Delhi NCR,6148317461,"09:39 PM, September 04 2024",Delivered,Zomato Delivery,2km,"1 x Fried Chicken Peri Peri Tender, 1 x Grilled Chicken Smoky BBQ Tender",,,895.0,23.0,0.0,435.0,0.0,0.0,483.0,,,,,,12.68,1.0,Correctly,,f948ecb190a2faa06694f5ef9e00c7bc3e05adcaf18129650305b0118b4ea48d
20320607,Swaad,Sector 4,Delhi NCR,6150575094,"09:16 PM, September 04 2024",Delivered,Zomato Delivery,1km,"1 x Bone in Kabuli Grilled Chicken, 1 x Fried Chicken Classic Tender",,,635.0,16.25,0.0,310.0,0.0,0.0,341.25,,,,,,25.88,10.5,Correctly,,0b5fd6204af7c52628a559147ac7fc08b4b4db49d12af218c47690f8e813a371
20320607,Swaad,Sector 4,Delhi NCR,6147352865,"09:13 PM, September 04 2024",Delivered,Zomato Delivery,4km,"2 x Grilled Chicken Smoky BBQ Tangdi, 1 x Fried Chicken Classic Tender, 1 x Grilled Chicken Jamaican Tender",,,1445.0,36.5,0.0,715.0,0.0,0.0,766.5,,,,,,22.9,1.5,Correctly,,7babac4e1c879400e88c6246478861778312573e3b831070ce9dce1542091e05
20320607,Swaad,Sector 4,Delhi NCR,6152604746,"08:59 PM, September 04 2024",Delivered,Zomato Delivery,3km,"1 x Bone in Kabuli Grilled Chicken, 1 x Bone in Jamaican Grilled Chicken",,,730.0,21.0,0.0,310.0,0.0,0.0,441.0,,,,,,15.77,2.0,Correctly,,645ceb83ae6e9f8ebe14a657c086090aab3ec9ec1ab3b627e7138daebe3b0ef0
20320607,Swaad,Sector 4,Delhi NCR,6125480550,"08:52 PM, September 04 2024",Delivered,Zomato Delivery,3km,"1 x Bone in Jamaican Grilled Chicken, 1 x Bone in Smoky Bbq Grilled Chicken",,,620.0,15.5,0.0,310.0,0.0,0.0,325.5,,,,,,12.02,1.1,Correctly,,25ac12ce2f426c43ddde044e3fba270bc4854fa2ecdc36c8526d18085af29511
20320607,Swaad,Sector 4,Delhi NCR,6147529218,"08:48 PM, September 04 2024",Delivered,Zomato Delivery,1km,"1 x Bone in Smoky Bbq Grilled Chicken, 1 x Bone in Jamaican Grilled Chicken",,,1170.0,29.25,0.0,585.0,0.0,0.0,614.25,,,,,,13.22,0.9,Correctly,,9898e405eb3e4729af2131be8ec1b2bba0f861a9f1c6e179fb7f54023addadc8
20320607,Swaad,Sector 4,Delhi NCR,6151551465,"08:17 PM, September 04 2024",Returned,Zomato Delivery,7km,"1 x Grilled Chicken Angara Tender, 1 x Grilled Chicken Peri Peri Tender",,,620.0,15.5,0.0,310.0,0.0,0.0,325.5,,,Cancelled by Zomato,233.58,,11.07,3.1,Incorrectly,,3a6f85e21f147c838f0143b942ba0c0e42178fc8aa27c7cca83398ce45e8b80d
20320607,Swaad,Sector 4,Delhi NCR,6145952899,"08:15 PM, September 04 2024",Delivered,Zomato Delivery,1km,"1 x Grilled Chicken Peri Peri Tangdi, 1 x Grilled Chicken Ghostbuster Tangdi",,,810.0,20.25,0.0,405.0,0.0,0.0,425.25,4.0,,,,,13.9,0.3,Correctly,,6c7f524181b7529ad6138cb29e52a10b14fc7c3bd077d0a3e09068c9cdbfaf51
20320607,Swaad,Sector 4,Delhi NCR,6152451484,"07:49 PM, September 04 2024",Delivered,Zomato Delivery,3km,"2 x Bone in Peri Peri Grilled Chicken, 2 x Garlic Aioli",Order: less spicy please.,,960.0,24.0,0.0,480.0,0.0,0.0,504.0,,,,,,19.27,0.1,Correctly,,3a2f94ba1632c59e184821af36cf18763ebacbd2119bfe63d729077d3c4fe499
20320607,Swaad,Sector 4,Delhi NCR,6145028896,"07:40 PM, September 04 2024",Delivered,Zomato Delivery,7km,2 x Bone in Jamaican Grilled Chicken,,,620.0,15.5,0.0,310.0,0.0,0.0,325.5,,,,,,11.48,0.6,Correctly,,50e4a3c3e292b0826f0225967b64baeb7c0b2d19f48271092bfa727b6612b492
20320607,Swaad,Sector 4,Delhi NCR,6143017232,"07:12 PM, September 04 2024",Delivered,Zomato Delivery,2km,"2 x India Dynamite sauce, 2 x Bone in Angara Grilled Chicken, 1 x AAC Special Slaw",,,1498.0,42.65,0.0,645.0,0.0,0.0,895.65,,,,,,10.1,1.2,Correctly,,8a766ef646ef1de0bbbde631f5117d0bee4dceb361852fb00024f75b1e51011b
20320607,Swaad,Sector 4,Delhi NCR,6146212039,"06:36 PM, September 04 2024",Delivered,Zomato Delivery,7km,2 x Bone in Jamaican Grilled Chicken,,,2310.0,57.75,0.0,1155.0,0.0,0.0,1212.75,,,,,,18.8,5.4,Correctly,,86e308b8028b462169dd40781a734737233dce0204ab2f13d97b9f40e955f88c
20320607,Swaad,Sector 4,Delhi NCR,6146853616,"06:28 PM, September 04 2024",Delivered,Zomato Delivery,8km,"1 x Bone in Smoky Bbq Grilled Chicken, 1 x Animal Fries",,,665.0,17.75,0.0,310.0,0.0,0.0,372.75,,,,,,14.15,5.7,Correctly,,072368d2f5e6867fcc4627b23bed6082e37f640c05bdf037d73a17afd63d8c60
20320607,Swaad,Sector 4,Delhi NCR,6130555847,"06:13 PM, September 04 2024",Delivered,Zomato Delivery,1km,"2 x Grilled Chicken Peri Peri Tender, 2 x Salted Krispers",,,978.0,24.45,0.0,489.0,0.0,0.0,513.45,1.0,not picking calls and not responding and now arguments that I cannot pick calls ..if you want to cancel the order pls go ahead ,,,,14.28,5.9,Correctly,,f6964b4dbe5c91e63c19798e3aeaeae5bd1b4661f6531954931b2caec13b5adf
20320607,Swaad,Sector 4,Delhi NCR,6151773822,"04:42 PM, September 04 2024",Delivered,Zomato Delivery,2km,"1 x Cafreal dip, 1 x Indian Pico De-Gallo, 1 x Bone in Peri Peri Grilled Chicken, 1 x Bone in Angara Grilled Chicken",,,740.0,18.5,0.0,370.0,0.0,0.0,388.5,5.0,,,,,19.73,9.9,Correctly,,8a766ef646ef1de0bbbde631f5117d0bee4dceb361852fb00024f75b1e51011b
20320607,Swaad,Sector 4,Delhi NCR,6143779367,"03:52 PM, September 04 2024",Delivered,Zomato Delivery,2km,2 x Bone in Jamaican Grilled Chicken,,,620.0,15.5,0.0,310.0,0.0,0.0,325.5,,,,,,14.3,3.4,Correctly,,338de5c25cf918a023998c410b84ad8d891ff2ee8dff49541ce3b141d02ea2dc
20320607,Swaad,Sector 4,Delhi NCR,6146106285,"03:26 PM, September 04 2024",Delivered,Zomato Delivery,4km,"1 x Bone in Jamaican Grilled Chicken, 1 x Bone in Smoky Bbq Grilled Chicken",,,620.0,15.5,0.0,310.0,0.0,0.0,325.5,5.0,,,,,18.32,5.4,Correctly,,1383b3f90bf1fd9be331f38e7727dd54f588ec667bf2efdd9c36a7c0e7a526a3
20320607,Swaad,Sector 4,Delhi NCR,6146094951,"03:21 PM, September 04 2024",Delivered,Zomato Delivery,7km,"1 x Animal Fries, 1 x Bone in Smoky Bbq Grilled Chicken",,,665.0,17.75,0.0,310.0,0.0,0.0,372.75,,,,,,19.65,6.2,Correctly,,10f3615f9751e530b4702559f84c8cbf289de17968c8ef594c5b92fe633454c8
20320607,Swaad,Sector 4,Delhi NCR,6148163639,"02:56 PM, September 04 2024",Delivered,Zomato Delivery,7km,"1 x Animal Fries, 1 x Grilled Chicken Jamaican Tender",,,790.0,21.75,0.0,355.0,0.0,0.0,456.75,,,,,,21.37,0.6,Correctly,,ede1896d41535f1d4dfce1408dabb92aa7dac54818639dd952fce03ad9d19651
20320607,Swaad,Sector 4,Delhi NCR,6147899210,"01:56 PM, September 04 2024",Delivered,Zomato Delivery,<1km,"1 x Fried Chicken Angara Tender, 1 x Fried Chicken Ghostbuster Tender",Order: can you send harissa mayo instead of angara sauce with chicken angara tenders?,,650.0,16.25,0.0,325.0,0.0,0.0,341.25,,,,,,16.25,0.5,Correctly,,716e95ba787f96ea9442baaa38713a890563f9efe1c863c6aa531d3ec57a849d
20320607,Swaad,Sector 4,Delhi NCR,6150311284,"12:40 PM, September 04 2024",Delivered,Zomato Delivery,1km,"1 x Bone in Peri Peri Grilled Chicken, 1 x Bone in Jamaican Grilled Chicken",,,620.0,15.5,0.0,310.0,0.0,0.0,325.5,,,,,,16.03,10.1,Incorrectly,,ac2faca5090b2834e20b58c616d0815bc82dfca0bb1d71e9457472d0af29e490
20320607,Swaad,Sector 4,Delhi NCR,6149415596,"12:35 PM, September 04 2024",Delivered,Zomato Delivery,4km,2 x Bone in Smoky Bbq Grilled Chicken,,,620.0,15.5,0.0,310.0,0.0,0.0,325.5,,,,,,20.53,5.7,Incorrectly,,529281c0ce40540fe562c31ee840d3bdea272ffd09c8d92965b73c7d69246921
20320607,Swaad,Sector 4,Delhi NCR,6150898091,"12:23 PM, September 04 2024",Delivered,Zomato Delivery,1km,1 x Fried Chicken Angara Tender,,50% off upto Rs.100,325.0,11.25,100.0,0.0,0.0,0.0,236.25,5.0,,,,,25.85,12.1,Correctly,,d4391d772e0ba1a9ba6f010955a0db8efc05ea75d9f22046f05f11f8390c203b
20320607,Swaad,Sector 4,Delhi NCR,6143948696,"12:17 PM, September 04 2024",Delivered,Zomato Delivery,1km,"2 x Bone in Jamaican Grilled Chicken, 2 x Grilled Chicken Angara Tender, 2 x Grilled Chicken Jamaican Tender",,,3020.0,75.5,0.0,1510.0,0.0,0.0,1585.5,,,,,,37.23,15.7,Correctly,,39b23bc8a3f90fe38c859eb3d82f6ae8a5f03f081ca65facfaf192d4c3f8a564
20320607,Swaad,Sector 4,Delhi NCR,6147557942,"12:16 PM, September 04 2024",Delivered,Zomato Delivery,7km,"1 x Fried Chicken Peri Peri Tender, 1 x Fried Chicken Classic Tender",,,650.0,16.25,0.0,325.0,0.0,0.0,341.25,,,,,,16.35,0.1,Correctly,,8bc4cd31d40295540bbbfb4e4f75a9eb82ffe993a030a6b9cf25d33abe7fbd6f
20320607,Swaad,Sector 4,Delhi NCR,6148529759,"11:59 AM, September 04 2024",Delivered,Zomato Delivery,6km,"1 x Bone in Peri Peri Grilled Chicken, 1 x Bone in Angara Grilled Chicken",,,1170.0,29.25,0.0,585.0,0.0,0.0,614.25,,,,,,23.7,2.2,Correctly,,f08c291479937827f8180776208e9dd231aa0cf5b4b8a0ee6a7dbf5328538d09
20320607,Swaad,Sector 4,Delhi NCR,6150238934,"11:57 AM, September 04 2024",Delivered,Zomato Delivery,9km,"1 x Bone in Angara Grilled Chicken, 1 x Bone in Peri Peri Grilled Chicken",,,620.0,15.5,0.0,310.0,0.0,0.0,325.5,,,,,,22.12,9.5,Correctly,,1bfd48131ad71e3519ea301f2174c536d131a89c984293dd62059f2345363eea
20320607,Swaad,Sector 4,Delhi NCR,6146697877,"03:17 AM, September 04 2024",Delivered,Zomato Delivery,8km,1 x Bone in Smoky Bbq Grilled Chicken,,,310.0,15.5,0.0,0.0,0.0,0.0,325.5,,,,,,10.87,13.0,Incorrectly,,9c939891b70a31435e32b9a20bad40b4d51b02c9d6dd11459c5c5ae358afef03
20320607,Swaad,Sector 4,Delhi NCR,6145306142,"01:15 AM, September 04 2024",Delivered,Zomato Delivery,7km,"1 x Fried Chicken Angara Tender, 1 x Bone in Smoky Bbq Grilled Chicken",,Flat Rs.175 off,970.0,39.75,175.0,0.0,0.0,0.0,834.75,,,,,,17.05,7.6,Correctly,,55b5844a4e40c54ee43c562b4f28668be7f0005e324859a46d7da5fb72e25e09
20320607,Swaad,Sector 4,Delhi NCR,6149979442,"01:04 AM, September 04 2024",Delivered,Zomato Delivery,3km,1 x Grilled Chicken Jamaican Tender,,40% off upto Rs.80,435.0,17.75,80.0,0.0,0.0,0.0,372.75,,,,,,15.0,8.9,Correctly,,a84ab19e1691226e429b3f4495db99b2937f431d216e1899dcde06722eb4daee
20320607,Swaad,Sector 4,Delhi NCR,6145994013,"01:04 AM, September 04 2024",Delivered,Zomato Delivery,2km,"1 x Bone in Jamaican Grilled Chicken, 1 x Grilled Chicken Angara Tender",,50% off upto Rs.100,620.0,26.0,100.0,0.0,0.0,0.0,546.0,,,,,,14.15,1.7,Correctly,,5be917b0cca2165580288ef114a2337abe550768f99d824f4a773e31943bda89
20320607,Swaad,Sector 4,Delhi NCR,6150183759,"09:50 PM, September 03 2024",Delivered,Zomato Delivery,4km,1 x Animal Fries,,50% off upto Rs.100,355.0,12.75,100.0,0.0,0.0,0.0,267.75,,,,,,13.72,8.8,Correctly,,a45725de9df9f5dd37d005b420a4593826b5355666fac9191ca14a60ca009f3c
20320607,Swaad,Sector 4,Delhi NCR,6144643572,"09:10 PM, September 03 2024",Delivered,Zomato Delivery,3km,1 x Grilled Chicken Angara Tangdi,,50% off upto Rs.100,405.0,15.25,100.0,0.0,0.0,0.0,320.25,,,,,,10.27,0.3,Correctly,,24003da97a124fe1e78799e64438afb4afd0b8d18937939d09a51245477e80d6
20320607,Swaad,Sector 4,Delhi NCR,6137428219,"09:09 PM, September 03 2024",Delivered,Zomato Delivery,3km,1 x Bone in Jamaican Grilled Chicken,,50% off upto Rs.100,585.0,24.25,100.0,0.0,0.0,0.0,509.25,,,,,,10.65,1.4,Correctly,,93b3ae84a3f4930f6119202fecc289a3b80d00f45b91bde7436bd36042137a48
20320607,Swaad,Sector 4,Delhi NCR,6141943607,"08:45 PM, September 03 2024",Delivered,Zomato Delivery,2km,1 x Bone in Peri Peri Grilled Chicken,,50% off upto Rs.100,310.0,10.5,100.0,0.0,0.0,0.0,220.5,,,,,,14.7,6.2,Correctly,,fa1710c1c41dd4f29b810b78f8e7c08a356ca0fdc3930713e020e1ed258ceb4e
20320607,Swaad,Sector 4,Delhi NCR,6145238773,"07:12 PM, September 03 2024",Delivered,Zomato Delivery,8km,"1 x Bone in Smoky Bbq Grilled Chicken, 1 x Bone in Jamaican Grilled Chicken, 1 x Salted Fries",,Flat Rs.175 off,1009.0,41.7,175.0,0.0,0.0,0.0,875.7,,,,,,20.88,11.7,Correctly,,4f65f2ff76e0e677db2bf06c27e6fdfdd119decb0e1da47de7a8761e56a60405
20320607,Swaad,Sector 4,Delhi NCR,6142278831,"04:14 PM, September 03 2024",Delivered,Zomato Delivery,2km,1 x Bone in Jamaican Grilled Chicken,,40% off upto Rs.80,310.0,11.5,80.0,0.0,0.0,0.0,241.5,,,,,,11.97,8.2,Incorrectly,,df8aa80893427149dcfac7e8a8173e337488e36cf0aba07b0d39e5e0611678f0
20320607,Swaad,Sector 4,Delhi NCR,6146100417,"04:04 PM, September 03 2024",Delivered,Zomato Delivery,2km,1 x Bone in Peri Peri Grilled Chicken,,,420.0,21.0,0.0,0.0,0.0,0.0,441.0,,,,,,21.72,15.6,Correctly,,2372b0178c3722bf589e08c4a9fbc4bce4cc12bcee433debc3846380f62595db
20320607,Swaad,Sector 4,Delhi NCR,6147028506,"11:16 AM, September 03 2024",Delivered,Zomato Delivery,5km,1 x Grilled Chicken Angara Tender,,40% off upto Rs.80,545.0,23.25,80.0,0.0,0.0,0.0,488.25,,,,,,12.33,3.7,Correctly,,dff9c72ce47f4b600b554ba68f50fe24deefde3c70bf54f53102585718b50020
20320607,Swaad,Sector 4,Delhi NCR,6145190300,"12:06 AM, September 03 2024",Delivered,Zomato Delivery,3km,1 x Fried Chicken Peri Peri Tender,,40% off upto Rs.80,460.0,19.0,80.0,0.0,0.0,0.0,399.0,,,,,,14.0,10.8,Correctly,,8a75063104f506c6b79daa374cecab99bdf1cf3df9268e08f067cc01cacece4b
20320607,Swaad,Sector 4,Delhi NCR,6144881186,"08:59 PM, September 02 2024",Delivered,Zomato Delivery,3km,"1 x AAC Saucy Fries, 1 x Bone in Peri Peri Grilled Chicken",,40% off upto Rs.80,585.0,25.25,80.0,0.0,0.0,0.0,530.25,,,,,,15.68,4.7,Correctly,,91291f86932f7af16e2104406b5c3b24690d48f9d0e43df8dcc4fbbb1f0e252d
20320607,Swaad,Sector 4,Delhi NCR,6145582608,"08:26 PM, September 02 2024",Delivered,Zomato Delivery,8km,"1 x Bone in Jamaican Grilled Chicken, 1 x Bone in Peri Peri Grilled Chicken",,20% off upto Rs.50,620.0,28.5,50.0,0.0,0.0,0.0,598.5,,,,,,11.87,0.6,Correctly,,041087dfb96d6042cbf453bebd894b17fba6c290368887123b1845c90f11e492
20320607,Swaad,Sector 4,Delhi NCR,6141922791,"07:39 PM, September 02 2024",Delivered,Zomato Delivery,3km,1 x Animal Fries,,40% off upto Rs.80,355.0,13.75,80.0,0.0,0.0,0.0,288.75,,,,,,14.3,6.7,Correctly,,6b019bce3450a02fc73bde5811552860149f4ca129378597d7afa69dc94b9a8e
20320607,Swaad,Sector 4,Delhi NCR,6141318955,"05:48 PM, September 02 2024",Delivered,Zomato Delivery,2km,"1 x Angara Rice, 1 x Grilled Chicken Peri Peri Tangdi",,,553.0,27.65,0.0,0.0,0.0,0.0,580.65,,,,,,14.07,1.9,Correctly,,d3fcde4a35986cdb1148b6644cda068c9ef4baf189320d4e524453809f964d88
20320607,Swaad,Sector 4,Delhi NCR,6145627993,"12:37 PM, September 02 2024",Delivered,Zomato Delivery,1km,1 x Bone in Jamaican Grilled Chicken,,40% off upto Rs.80,310.0,11.5,80.0,0.0,0.0,0.0,241.5,,,,,,17.13,7.9,Correctly,,4103fd4f3ee2166d322e76fabd420ae15f14a2816ca5a3be43133260bb1327f4
20320607,Swaad,Sector 4,Delhi NCR,6140918262,"01:06 AM, September 02 2024",Delivered,Zomato Delivery,3km,1 x Bone in Angara Grilled Chicken,,50% off upto Rs.100,310.0,10.5,100.0,0.0,0.0,0.0,220.5,,,,,,14.12,1.5,Correctly,,5e7328921d693450cde7f3fdc623603457114e69c288a3ea66ab0c97c512476f
20320607,Swaad,Sector 4,Delhi NCR,6143587716,"12:52 AM, September 02 2024",Delivered,Zomato Delivery,2km,1 x Bone in Jamaican Grilled Chicken,,,310.0,15.5,0.0,0.0,0.0,0.0,325.5,,,,,,8.55,3.9,Correctly,,c8d4972397b6e08486bdf488e524457e9127b685e46a9ae678247e3353b7d52b
20320607,Swaad,Sector 4,Delhi NCR,6141317336,"11:54 PM, September 01 2024",Delivered,Zomato Delivery,1km,1 x Bone in Smoky Bbq Grilled Chicken,,50% off upto Rs.100,310.0,10.5,100.0,0.0,0.0,0.0,220.5,,,,,,15.33,1.0,Correctly,,c223607e9327802460f107e974edfbfffe9fbe3e2e8196313fad73b9c3ea11cc
20320607,Swaad,Sector 4,Delhi NCR,6143870258,"10:01 PM, September 01 2024",Delivered,Zomato Delivery,2km,1 x Bone in Jamaican Grilled Chicken,,40% off upto Rs.80,645.0,28.25,80.0,0.0,0.0,0.0,593.25,,,,,,13.85,7.8,Correctly,,e1248ba01f5b3ffbab3adde359bfc48adb924a123dd15daed0063f1c695e5c01
20320607,Swaad,Sector 4,Delhi NCR,6144280420,"09:08 PM, September 01 2024",Delivered,Zomato Delivery,3km,1 x Grilled Chicken Peri Peri Tender,,Flat Rs.150 off,310.0,10.55,99.0,0.0,0.0,0.0,221.55,,,,,,13.93,0.9,Correctly,,91291f86932f7af16e2104406b5c3b24690d48f9d0e43df8dcc4fbbb1f0e252d
20320607,Swaad,Sector 4,Delhi NCR,6144589662,"08:35 PM, September 01 2024",Delivered,Zomato Delivery,4km,"1 x Bone in Jamaican Grilled Chicken, 1 x Grilled Chicken Smoky BBQ Tender, 1 x Fried Chicken Peri Peri Tenders + Peri Peri Fries",,Flat Rs.175 off,1820.0,82.25,175.0,0.0,0.0,0.0,1727.25,,,,,,22.47,1.5,Correctly,,096a9f7a0c5cf71b57729f2de20cf0080b608dffe8e9c77bf9fa4a3055568590
20320607,Swaad,Sector 4,Delhi NCR,6134811002,"07:36 PM, September 01 2024",Delivered,Zomato Delivery,3km,"1 x Fried Chicken Peri Peri Tenders + Peri Peri Fries, 1 x Bone in Angara Grilled Chicken",,50% off upto Rs.100,1050.0,47.5,100.0,0.0,0.0,0.0,997.5,,,,,,31.42,17.3,Correctly,,ced9e9119fce4573dfcda41998964378f3a2a079d70e503a603cb001658b75ce
20320607,Swaad,Sector 4,Delhi NCR,6137221693,"07:31 PM, September 01 2024",Delivered,Zomato Delivery,6km,"1 x Bone in Smoky Bbq Grilled Chicken, 1 x Bone in Angara Grilled Chicken, 1 x Bone in Peri Peri Grilled Chicken, 1 x Bone in Jamaican Grilled Chicken",,Flat Rs.175 off,1790.0,80.75,175.0,0.0,0.0,0.0,1695.75,,,,,,,16.6,Missed,,e33afa09633ab31d30c14d93c785296357aa9b43f666e04d5bf3172e0660af48
20320607,Swaad,Sector 4,Delhi NCR,6143808250,"07:10 PM, September 01 2024",Delivered,Zomato Delivery,3km,"1 x Grilled Chicken Peri Peri Tangdi, 1 x Bone in Peri Peri Grilled Chicken",,,945.0,47.25,0.0,0.0,0.0,0.0,992.25,,,,,,17.72,5.5,Correctly,,fd56d07da4d9937b3e25357aa4674141e8528a0b8ad55dc1f30ae692497d2f5c
20320607,Swaad,Sector 4,Delhi NCR,6143301652,"06:57 PM, September 01 2024",Delivered,Zomato Delivery,5km,"1 x Animal Fries, 1 x Bone in Jamaican Grilled Chicken",,40% off upto Rs.80,725.0,32.25,80.0,0.0,0.0,0.0,677.25,,,,,,21.93,9.4,Correctly,,e78624502fac03969b09ee99dd068dfb759b4bf409c7e7a8d26cd60c092712f9
20320607,Swaad,Sector 4,Delhi NCR,6129647327,"01:13 PM, September 01 2024",Delivered,Zomato Delivery,4km,1 x Grilled Chicken Peri Peri Tender,,40% off upto Rs.80,310.0,11.5,80.0,0.0,0.0,0.0,241.5,,,,,,8.12,2.4,Correctly,,3fc290e3fce8a3ebc6444971e040c91b3fb902070e24af177a677753a09505c6
20320607,Swaad,Sector 4,Delhi NCR,6129115176,"03:14 AM, September 01 2024",Delivered,Zomato Delivery,7km,1 x AAC Signature Fries,,50% off upto Rs.100,249.0,7.45,100.0,0.0,0.0,0.0,156.45,,,,,,5.45,1.3,Correctly,,37f75472bb17baa629aa57afd3faaceba64a8c4c9ad647fddc62621f82a343f1
20320607,Swaad,Sector 4,Delhi NCR,6138727282,"02:24 AM, September 01 2024",Delivered,Zomato Delivery,10km,"1 x Bone in Smoky Bbq Grilled Chicken, 1 x Bone in Jamaican Grilled Chicken",,Flat Rs.175 off,1230.0,52.75,175.0,0.0,0.0,0.0,1107.75,,,,,,15.53,0.6,Correctly,,fcf74c5042b5d8f18e224c0e35d026cdff1a07e7508262d1f70f5b57aa9451a1
20320607,Swaad,Sector 4,Delhi NCR,6141878957,"02:21 AM, September 01 2024",Delivered,Zomato Delivery,1km,"1 x Bone in Angara Grilled Chicken, 1 x Fried Chicken Peri Peri Tenders + Peri Peri Fries",,Flat Rs.175 off,775.0,30.0,175.0,0.0,0.0,0.0,630.0,,,,,,17.13,2.1,Correctly,,096a9f7a0c5cf71b57729f2de20cf0080b608dffe8e9c77bf9fa4a3055568590
20320607,Swaad,Sector 4,Delhi NCR,6128060895,"02:10 AM, September 01 2024",Delivered,Zomato Delivery,2km,1 x Bone in Kabuli Grilled Chicken,,50% off upto Rs.100,310.0,10.5,100.0,0.0,0.0,0.0,220.5,,,,,,14.87,3.0,Incorrectly,,3a25f367ff62cc2e63d88f8c4d152823bd4cf6512ee29a98fda51ee5e26e12f1
20554001,Swaad,Greater Kailash 2 (GK2),Delhi NCR,6161928381,"11:41 PM, September 10 2024",Delivered,Zomato Delivery,6km,1 x Grilled Chicken Smoky BBQ Tender,,Flat Rs.80 off,435.0,17.75,80.0,0.0,0.0,0.0,372.75,,,,,,11.63,0.3,Correctly,,eadae21e8d34aa3a634bc2685fb15aa744fe186c43211b7c436101752bf2eb0c
20554001,Swaad,Greater Kailash 2 (GK2),Delhi NCR,6168218078,"11:09 PM, September 10 2024",Delivered,Zomato Delivery,3km,"1 x Bone in Peri Peri Grilled Chicken, 1 x Bone in Jamaican Grilled Chicken",,,730.0,36.5,0.0,0.0,0.0,0.0,766.5,,,,,,15.13,0.3,Correctly,,c112f67e0a04ba5da6b699baa271ec5e751a2211cf670a12fafcd56d2f4bb316
20554001,Swaad,Greater Kailash 2 (GK2),Delhi NCR,6168427326,"09:45 PM, September 10 2024",Delivered,Zomato Delivery,2km,1 x Bone in Angara Grilled Chicken,,50% off upto Rs.100,310.0,10.5,100.0,0.0,0.0,0.0,220.5,,,,,,14.1,7.1,Correctly,,a590663273ef153e51af05a9be3856dd1c84565c80f1656b37ab2f6318269c72
20554001,Swaad,Greater Kailash 2 (GK2),Delhi NCR,6169424336,"09:28 PM, September 10 2024",Delivered,Zomato Delivery,<1km,1 x Grilled Chicken Tangdi Jamaican + Salted Krispers,,50% off upto Rs.100,694.0,29.7,100.0,0.0,0.0,0.0,623.7,,,,,,15.53,0.3,Correctly,,d377e028f5e2f70606c076bd4373b8a797c370c4c88d40b78eb134556e98e8bd
20554001,Swaad,Greater Kailash 2 (GK2),Delhi NCR,6167121590,"07:19 PM, September 10 2024",Delivered,Zomato Delivery,1km,1 x Grilled Chicken Jamaican Tender,,,435.0,21.75,0.0,0.0,0.0,0.0,456.75,,,,,,15.37,6.1,Incorrectly,,7920e391ef07b7a11e568c87bebe0f9d27d14db28bbb582759efa0d69a0cca3b
20554001,Swaad,Greater Kailash 2 (GK2),Delhi NCR,6167995589,"07:13 PM, September 10 2024",Delivered,Zomato Delivery,7km,1 x Bone in Jamaican Grilled Chicken Quarter + Angara Rice,,50% off upto Rs.100,415.0,15.75,100.0,0.0,0.0,0.0,330.75,,,,,,24.73,10.5,Correctly,,cff956a81bf1ec181e05c3af040d52c09727902a8989e3022ece23b1c9710bf4
20554001,Swaad,Greater Kailash 2 (GK2),Delhi NCR,6165031782,"07:12 PM, September 10 2024",Delivered,Zomato Delivery,<1km,1 x Bone in Jamaican Grilled Chicken,,40% off upto Rs.80,420.0,17.0,80.0,0.0,0.0,0.0,357.0,,,,,,25.2,0.5,Correctly,,0ee004395c4a6d692171608ac44e0a6a28af02f9778b2906855e4c5152aeb8c8
20554001,Swaad,Greater Kailash 2 (GK2),Delhi NCR,6169113831,"07:00 PM, September 10 2024",Delivered,Zomato Delivery,5km,"1 x Angara Rice, 1 x Fried Chicken Angara Tender, 1 x Angara Aloo Tuk Tuki, 1 x Onion Bombs",,50% off upto Rs.100,789.0,34.45,100.0,0.0,0.0,0.0,723.45,,,,,,21.0,5.9,Correctly,,d6746a64d75c5bf82c17637c2297996def4c4f915364fb85a263b9ad358c7bf2
20554001,Swaad,Greater Kailash 2 (GK2),Delhi NCR,6168717281,"03:48 PM, September 10 2024",Delivered,Zomato Delivery,2km,"1 x AAC Saucy Fries, 1 x Fried Chicken Peri Peri Tender, 1 x Grilled Chicken Peri Peri Tender",,Flat Rs.744 off,1159.0,52.95,100.0,0.0,0.0,0.0,1111.95,,,,,,23.85,10.0,Correctly,,fa6607806ffd05a490bd1e664c47dcd191bd9a76874684f0abf1b0f3bd4aac29
20554001,Swaad,Greater Kailash 2 (GK2),Delhi NCR,6169142809,"02:52 PM, September 10 2024",Delivered,Zomato Delivery,4km,1 x AAC Saucy Fries,,50% off upto Rs.100,275.0,8.75,100.0,0.0,0.0,0.0,183.75,,,,,,13.42,1.5,Correctly,,9c548bd8e65c0fe2a2f72f82ca3e0fb558a245d604cc6f72bef845b7147fb8b0
20554001,Swaad,Greater Kailash 2 (GK2),Delhi NCR,6168242254,"02:51 PM, September 10 2024",Delivered,Zomato Delivery,5km,1 x Grilled Chicken Angara Tender,,50% off upto Rs.100,310.0,10.5,100.0,0.0,0.0,0.0,220.5,,,,,,14.23,2.1,Correctly,,197c5ba5a08d0d1eaad7bd8109ed0e07edd0728e4f314c15176692425b5f1f06
20554001,Swaad,Greater Kailash 2 (GK2),Delhi NCR,6167707628,"02:18 PM, September 10 2024",Delivered,Zomato Delivery,2km,1 x Animal Fries,,50% off upto Rs.100,355.0,12.75,100.0,0.0,0.0,0.0,267.75,,,,,,14.53,0.2,Correctly,,ad3919952974ebd1aa7f343c08cdea353a4c7d16bf089bfe6afb87e71b8be53d
20554001,Swaad,Greater Kailash 2 (GK2),Delhi NCR,6167358098,"02:08 PM, September 10 2024",Delivered,Zomato Delivery,7km,1 x Fried Chicken Angara Tender,,50% off upto Rs.100,325.0,11.25,100.0,0.0,0.0,0.0,236.25,,,,,,12.93,2.1,Correctly,,9cfa07f5cb58d238909ffc2a5bf4c5d2d40cd42699c67d07421648a62d000778
20554001,Swaad,Greater Kailash 2 (GK2),Delhi NCR,6168418159,"01:52 PM, September 10 2024",Delivered,Zomato Delivery,2km,1 x Bone in Jamaican Grilled Chicken Quarter + Angara Rice,Order: Can you please pack the pico separate from the rice? Thank you! :),50% off upto Rs.100,415.0,15.75,100.0,0.0,0.0,0.0,330.75,,,,,,16.77,2.4,Correctly,,c2154f12f0989771079302ecf2116891c7a9c852772f649799242495ed3449b9
20554001,Swaad,Greater Kailash 2 (GK2),Delhi NCR,6167150125,"01:33 PM, September 10 2024",Delivered,Zomato Delivery,3km,1 x Bone in Jamaican Grilled Chicken,,50% off upto Rs.100,420.0,16.0,100.0,0.0,0.0,0.0,336.0,,,,,,22.85,1.3,Correctly,,298f792c366f938b4fbc32ec53f5ed0f45fabf37c7d39267786aa734cf475010
20554001,Swaad,Greater Kailash 2 (GK2),Delhi NCR,6165976485,"12:43 PM, September 10 2024",Delivered,Zomato Delivery,2km,1 x Bone in Smoky Bbq Grilled Chicken,,50% off upto Rs.100,420.0,16.0,100.0,0.0,0.0,0.0,336.0,,,,,,,5.9,Missed,,22ef48e9b486ef7ce92cb80ad133cf4f7c2488672d58c57ae20b82452663d2bb
20554001,Swaad,Greater Kailash 2 (GK2),Delhi NCR,6167194990,"11:21 AM, September 10 2024",Delivered,Zomato Delivery,1km,1 x Fried Chicken Angara Tender,,40% off upto Rs.80,325.0,12.25,80.0,0.0,0.0,0.0,257.25,,,,,,15.18,10.9,Correctly,,37a046e7b4e1b8b19bb103ac7e8a9cc24c441bcbd657c21e704db42a3bea2de4
20554001,Swaad,Greater Kailash 2 (GK2),Delhi NCR,6148368487,"03:53 AM, September 10 2024",Delivered,Zomato Delivery,1km,"1 x Peri Peri Fries, 1 x Fried Chicken Kabuli Tender",,50% off upto Rs.100,514.0,20.7,100.0,0.0,0.0,0.0,434.7,,,,,,12.65,4.4,Incorrectly,,6c32773ad7bb868741a9008f614c645093e12548c865c8c5ef75172c054886cd
20554001,Swaad,Greater Kailash 2 (GK2),Delhi NCR,6165289639,"03:19 AM, September 10 2024",Delivered,Zomato Delivery,2km,1 x Bone in Jamaican Grilled Chicken,,50% off upto Rs.100,585.0,24.25,100.0,0.0,0.0,0.0,509.25,,,,,,17.13,11.9,Correctly,,1a0f9c17d6a0dc8c9e98a5f0be3fdbd544897c8387d07c8b54b3afc2109d1dd2
20554001,Swaad,Greater Kailash 2 (GK2),Delhi NCR,6168262742,"01:33 AM, September 10 2024",Delivered,Zomato Delivery,1km,1 x Grilled Chicken Smoky BBQ Tender,,Flat Rs.80 off,435.0,17.75,80.0,0.0,0.0,0.0,372.75,,,,,,14.12,0.3,Correctly,,89310375b73d367b4a652c57565263ee08681e2c593c56bac2c7c37f7251ee57
20554001,Swaad,Greater Kailash 2 (GK2),Delhi NCR,6162561202,"12:18 AM, September 10 2024",Delivered,Zomato Delivery,6km,1 x Grilled Chicken Smoky BBQ Tender,,Flat Rs.80 off,435.0,17.75,80.0,0.0,0.0,0.0,372.75,,,,,,11.88,1.4,Correctly,,eadae21e8d34aa3a634bc2685fb15aa744fe186c43211b7c436101752bf2eb0c
20554001,Swaad,Greater Kailash 2 (GK2),Delhi NCR,6149764916,"10:12 PM, September 09 2024",Delivered,Zomato Delivery,7km,"1 x Fried Chicken Angara Tender, 1 x Fried Chicken Kabuli Tender, 1 x AAC Signature Krispers, 1 x Animal Fries",,Flat Rs.175 off,1204.0,51.45,175.0,0.0,0.0,0.0,1080.45,,,,,,16.68,2.7,Correctly,,960b6543eb5611330f0e49b13ee776597444ca7c81314eb2d8abc73cbd81e0e0
20554001,Swaad,Greater Kailash 2 (GK2),Delhi NCR,6165679122,"09:00 PM, September 09 2024",Delivered,Zomato Delivery,6km,"1 x Angara Rice, 1 x Bone in Jamaican Grilled Chicken, 1 x Angara Aloo Tuk Tuki",Order: GREEN CHILLIES EXTRA in food. thank you!,Flat Rs.175 off,896.0,36.05,175.0,0.0,0.0,0.0,757.05,,,,,,18.65,10.5,Correctly,,7a9a207052cb94b4d7fbe2fd21cd282c4a877926b243d3da8b8412c2ce4d7125
20554001,Swaad,Greater Kailash 2 (GK2),Delhi NCR,6164186421,"08:36 PM, September 09 2024",Delivered,Zomato Delivery,1km,2 x Bone in Peri Peri Grilled Chicken,,,620.0,31.0,0.0,0.0,0.0,0.0,651.0,,,,,,20.47,0.2,Correctly,,003671a5324f53acf8b069976c75046e0bc7a29bc23fcc10ba33bc44aec2260a
20554001,Swaad,Greater Kailash 2 (GK2),Delhi NCR,6157202737,"08:13 PM, September 09 2024",Delivered,Zomato Delivery,5km,1 x Animal Fries,,50% off upto Rs.100,355.0,12.75,100.0,0.0,0.0,0.0,267.75,,,,,,17.87,13.3,Correctly,,0de61ef7d3360f8ee8cca05fabf829634e9499c32bf5de0a8504fa9fe337558a
20554001,Swaad,Greater Kailash 2 (GK2),Delhi NCR,6163180170,"08:01 PM, September 09 2024",Delivered,Zomato Delivery,1km,"1 x Angara Rice, 1 x Bone in Jamaican Grilled Chicken",,,843.0,42.15,0.0,0.0,0.0,0.0,885.15,,,,,,2.2,11.6,Incorrectly,,8ff150bdf23cc34c875e6b5f73c5bde0e0e609d2164013782afae4ec706b8ede
20554001,Swaad,Greater Kailash 2 (GK2),Delhi NCR,6167023350,"06:51 PM, September 09 2024",Delivered,Zomato Delivery,4km,1 x Bone in Jamaican Grilled Chicken,,50% off upto Rs.100,585.0,24.25,100.0,0.0,0.0,0.0,509.25,,,,,,13.45,0.3,Correctly,,13ff405453e5a15f08faf958cd07f1076b4fd08562dec90ec10d524e8d7f467c
20554001,Swaad,Greater Kailash 2 (GK2),Delhi NCR,6167158612,"06:50 PM, September 09 2024",Delivered,Zomato Delivery,<1km,1 x Fried Chicken Angara Tender,,50% off upto Rs.100,325.0,11.25,100.0,0.0,0.0,0.0,236.25,,,,,,13.15,4.3,Correctly,,18e328106b48f7acd003b004550fa2884d8cd040c2aa0556d9272c93a82d4fd3
20554001,Swaad,Greater Kailash 2 (GK2),Delhi NCR,6165776762,"06:36 PM, September 09 2024",Delivered,Zomato Delivery,3km,1 x Bone in Peri Peri Grilled Chicken,,50% off upto Rs.100,310.0,10.5,100.0,0.0,0.0,0.0,220.5,,,,,,16.9,6.4,Correctly,,89456e76bd101093d37849aea8bcfbc6f8115282316fd0bec5fa290854a50cd4
20554001,Swaad,Greater Kailash 2 (GK2),Delhi NCR,6161605451,"05:23 PM, September 09 2024",Delivered,Zomato Delivery,2km,1 x Animal Fries,,50% off upto Rs.100,355.0,12.75,100.0,0.0,0.0,0.0,267.75,,,,,,13.95,3.4,Correctly,,aa93826e8a9ad6f60da6a313b2a65b59b0ad4bb85cfef4526ab020dabeec25df
20554001,Swaad,Greater Kailash 2 (GK2),Delhi NCR,6159736208,"03:27 PM, September 09 2024",Delivered,Zomato Delivery,2km,"1 x Grilled Chicken Tangdi Jamaican + Salted Krispers, 1 x Bone in Jamaican Grilled Chicken Quarter + Angara Rice",,,1060.0,53.0,0.0,0.0,0.0,0.0,1113.0,,,,,,21.95,2.1,Correctly,,24867b4cee39ae92d18adb4439422c1c4f145b4761c0f5bd398c74d1cee1d03a
20554001,Swaad,Greater Kailash 2 (GK2),Delhi NCR,6166770303,"03:24 PM, September 09 2024",Delivered,Zomato Delivery,1km,"1 x Bone in Jamaican Grilled Chicken, 1 x Bone in Peri Peri Grilled Chicken",,,1170.0,58.5,0.0,0.0,0.0,0.0,1228.5,,,,,,20.7,1.1,Correctly,,df43ab623fc2b3bbe399a39574629cddbb9e543dedf025529d9b089e44ea2889
20554001,Swaad,Greater Kailash 2 (GK2),Delhi NCR,6166273550,"12:27 PM, September 09 2024",Delivered,Zomato Delivery,2km,1 x Bone in Jamaican Grilled Chicken,,40% off upto Rs.80,420.0,17.0,80.0,0.0,0.0,0.0,357.0,,,,,,16.22,2.7,Correctly,,74bbced5163cdcd03645fe0cef9870d8cb588d68ee6253465d3a05a4c21ef2d3
20554001,Swaad,Greater Kailash 2 (GK2),Delhi NCR,6142641525,"03:35 AM, September 09 2024",Delivered,Zomato Delivery,6km,1 x Grilled Chicken Smoky BBQ Tender,,50% off upto Rs.100,435.0,16.75,100.0,0.0,0.0,0.0,351.75,,,,,,13.35,3.7,Correctly,,eadae21e8d34aa3a634bc2685fb15aa744fe186c43211b7c436101752bf2eb0c
20554001,Swaad,Greater Kailash 2 (GK2),Delhi NCR,6163750079,"02:27 AM, September 09 2024",Delivered,Zomato Delivery,1km,"1 x Bone in Jamaican Grilled Chicken, 1 x Bone in Peri Peri Grilled Chicken",,50% off upto Rs.100,620.0,26.0,100.0,0.0,0.0,0.0,546.0,,,,,,20.17,0.1,Correctly,,1ea51a5239f278df72ecdf22545fe6dd27a8e73076e5d3ee3741f8adbf213686
20554001,Swaad,Greater Kailash 2 (GK2),Delhi NCR,6160868660,"12:05 AM, September 09 2024",Delivered,Zomato Delivery,2km,1 x Peri Peri Krispers,,,259.0,12.95,0.0,0.0,0.0,0.0,271.95,,,,,,9.12,0.5,Correctly,,b3d13daf1b470741a48619c251f6e4cf753fc6e6ba07288862d8dc6d60b62bc7
20554001,Swaad,Greater Kailash 2 (GK2),Delhi NCR,6165316229,"11:06 PM, September 08 2024",Delivered,Zomato Delivery,6km,"2 x Peri Peri Fries, 1 x Fried Chicken Peri Peri Tender",,,823.0,41.15,0.0,0.0,0.0,0.0,864.15,,,,,,14.8,0.7,Correctly,,13cd1ebf29a1cd481e0b88c7340edc087fe6d88cc1053c6d0174afc6bdb1a840
20554001,Swaad,Greater Kailash 2 (GK2),Delhi NCR,6159382905,"09:03 PM, September 08 2024",Delivered,Zomato Delivery,7km,1 x Bone in Jamaican Grilled Chicken,,Flat Rs.175 off,1325.0,57.5,175.0,0.0,0.0,0.0,1207.5,,,,,,29.97,17.4,Correctly,,d6fd66bd57230dcc48b79b3baf4783796d3c23d50c54a1d1b678da0bd66e6b2a
20554001,Swaad,Greater Kailash 2 (GK2),Delhi NCR,6162695816,"08:41 PM, September 08 2024",Delivered,Zomato Delivery,5km,"1 x GhostBuster Sauce, 1 x Bone in Peri Peri Grilled Chicken, 1 x Bone in Smoky Bbq Grilled Chicken, 1 x Bone in Jamaican Grilled Chicken",,50% off upto Rs.100,990.0,44.5,100.0,0.0,0.0,0.0,934.5,,,,,,18.42,0.6,Correctly,,057d730ed0a3375de69e7a52622a5cda123cfa526e12fd4122c504fbf81f2c8a
20554001,Swaad,Greater Kailash 2 (GK2),Delhi NCR,6154115588,"08:12 PM, September 08 2024",Delivered,Zomato Delivery,6km,1 x Bone in Jamaican Grilled Chicken,,40% off upto Rs.80,705.0,31.25,80.0,0.0,0.0,0.0,656.25,,,,,,17.55,6.2,Correctly,,c3a91b7d7e2292550b9c5edea1c05134fcac7366870483a8ec0260706450555d
20554001,Swaad,Greater Kailash 2 (GK2),Delhi NCR,6153386475,"07:50 PM, September 08 2024",Delivered,Zomato Delivery,9km,1 x Fried Chicken Angara Tender,,40% off upto Rs.80,325.0,12.25,80.0,0.0,0.0,0.0,257.25,,,,,,15.8,0.3,Correctly,,d9f909e0c860ee92565a0f90b784438f0c1dac9f09a69bca21a995ca3edd0af1
20554001,Swaad,Greater Kailash 2 (GK2),Delhi NCR,6162915327,"07:39 PM, September 08 2024",Delivered,Zomato Delivery,2km,2 x Animal Fries,,Flat Rs.175 off,830.0,32.75,175.0,0.0,0.0,0.0,687.75,,,,,,16.67,8.3,Correctly,,d647abcd1c03fd77b41064b8aa216d0ec960ac81321c6686cbcc411ff3263a71
20554001,Swaad,Greater Kailash 2 (GK2),Delhi NCR,6159638533,"07:32 PM, September 08 2024",Delivered,Zomato Delivery,2km,"1 x Bone in Peri Peri Grilled Chicken, 1 x Bone in Jamaican Grilled Chicken",,Flat Rs.175 off,1170.0,49.75,175.0,0.0,0.0,0.0,1044.75,,,,,,19.83,3.3,Correctly,,93809157b4eb37294b3886ff9a2cfcdb171b54b86ae20b17dccd59ccbfc968a5
20554001,Swaad,Greater Kailash 2 (GK2),Delhi NCR,6163915549,"04:07 PM, September 08 2024",Delivered,Zomato Delivery,2km,1 x Peri Peri Fries,,,189.0,9.45,0.0,0.0,0.0,0.0,198.45,,,,,,9.88,0.8,Correctly,,d01bb994959a5a7900f3a116eff113651c732c8e10e59ae0fbd69325a8bf7059
20554001,Swaad,Greater Kailash 2 (GK2),Delhi NCR,6160788109,"03:15 PM, September 08 2024",Delivered,Zomato Delivery,<1km,1 x Bone in Smoky Bbq Grilled Chicken,Order: Please send fresh chicken,40% off upto Rs.80,310.0,11.5,80.0,0.0,0.0,0.0,241.5,,,,,,17.4,2.1,Correctly,,87830a3f16378ab9486e823ee5107b7689256506a41aa91b270a9978720d8f34
20554001,Swaad,Greater Kailash 2 (GK2),Delhi NCR,6162423875,"02:55 PM, September 08 2024",Delivered,Zomato Delivery,1km,"1 x Peri Peri Fries, 1 x Grilled Chicken Angara Tender, 1 x Bone in Peri Peri Grilled Chicken",,40% off upto Rs.80,809.0,36.45,80.0,0.0,0.0,0.0,765.45,,,,,,19.55,9.5,Correctly,,933256110589e87ed8d7e76a806bc5a43e71aca54591d5c43a04a86607372cec
20554001,Swaad,Greater Kailash 2 (GK2),Delhi NCR,6161067038,"12:10 PM, September 08 2024",Delivered,Zomato Delivery,2km,"1 x Bone in Jamaican Grilled Chicken, 1 x Fried Chicken Classic Tender, 1 x Grilled Chicken Smoky BBQ Tender",,Flat Rs.175 off,1205.0,51.5,175.0,0.0,0.0,0.0,1081.5,,,,,,38.5,25.3,Correctly,,220bb0b88e1465d10f4e01bb5db549f7ab80c4923c98281c9339619f1d9797a4
20554001,Swaad,Greater Kailash 2 (GK2),Delhi NCR,6162446959,"01:01 AM, September 08 2024",Delivered,Zomato Delivery,2km,1 x Animal Fries,,Flat Rs.80 off,475.0,19.75,80.0,0.0,0.0,0.0,414.75,,,,,,12.57,0.5,Correctly,,d14dcdb34bce96a54d581ae9612e695a6745a892e06af399c57390e77022cc96
20554001,Swaad,Greater Kailash 2 (GK2),Delhi NCR,6160103241,"12:39 AM, September 08 2024",Delivered,Zomato Delivery,3km,1 x Fried Chicken Angara Tender,,50% off upto Rs.100,325.0,11.25,100.0,0.0,0.0,0.0,236.25,,,,,,11.07,0.5,Correctly,,b6d6688cf7321530c64b92f2e369515992a28a309d59ae6c2ef500e16609ebb8
20554001,Swaad,Greater Kailash 2 (GK2),Delhi NCR,6158591577,"12:14 AM, September 08 2024",Delivered,Zomato Delivery,2km,"1 x Bone in Jamaican Grilled Chicken, 1 x Grilled Chicken Angara Tangdi, 1 x Bone in Peri Peri Grilled Chicken, 1 x Animal Fries",,Flat Rs.175 off,1380.0,60.25,175.0,0.0,0.0,0.0,1265.25,,,,,,19.6,0.4,Correctly,,372ac9920241d6946f0ea45257b4ae55aed34a1a9112197da30684876304df45
20554001,Swaad,Greater Kailash 2 (GK2),Delhi NCR,6155721914,"10:41 PM, September 07 2024",Delivered,Zomato Delivery,3km,1 x Animal Fries,,Flat Rs.80 off,355.0,13.75,80.0,0.0,0.0,0.0,288.75,,,,,,19.5,5.9,Correctly,,c3d14b41037eb5f14c82952de4bdb8b537007964f315d74429c7823a7f5f6b16
20554001,Swaad,Greater Kailash 2 (GK2),Delhi NCR,6162040119,"10:34 PM, September 07 2024",Delivered,Zomato Delivery,7km,"1 x AAC Signature Fries, 1 x Animal Fries, 1 x Fried Chicken Angara Tender, 1 x Cafreal dip",,Flat Rs.175 off,929.0,37.7,175.0,0.0,0.0,0.0,791.7,,,,,,18.98,1.3,Correctly,,960b6543eb5611330f0e49b13ee776597444ca7c81314eb2d8abc73cbd81e0e0
20554001,Swaad,Greater Kailash 2 (GK2),Delhi NCR,6144261438,"10:16 PM, September 07 2024",Delivered,Zomato Delivery,1km,1 x Fried Chicken Classic Tender,Order: please send extra dipping sauce!!! please,40% off upto Rs.80,325.0,12.25,80.0,0.0,0.0,0.0,257.25,,,,,,10.57,0.4,Correctly,,88015f2a814778d55af1e7a256935aba3d4a59d08d2f7b094ea193053d2207ad
20554001,Swaad,Greater Kailash 2 (GK2),Delhi NCR,6152997315,"09:45 PM, September 07 2024",Delivered,Zomato Delivery,1km,1 x Fried Chicken Peri Peri Tender,,Flat Rs.80 off,325.0,12.25,80.0,0.0,0.0,0.0,257.25,,,,,,19.07,7.4,Correctly,,946b11742aa3eb0ff8cf0537e02f125885258425ce00286815453d4acf3db7fa
20554001,Swaad,Greater Kailash 2 (GK2),Delhi NCR,6158705130,"09:09 PM, September 07 2024",Delivered,Zomato Delivery,1km,"1 x Bone in Kabuli Grilled Chicken, 1 x Grilled Chicken Jamaican Tangdi",,Flat Rs.175 off,825.0,32.5,175.0,0.0,0.0,0.0,682.5,,,,,,15.98,0.8,Correctly,,89310375b73d367b4a652c57565263ee08681e2c593c56bac2c7c37f7251ee57
20554001,Swaad,Greater Kailash 2 (GK2),Delhi NCR,6160482511,"08:21 PM, September 07 2024",Delivered,Zomato Delivery,2km,1 x Grilled Chicken Angara Tender,,Flat Rs.80 off,480.0,20.0,80.0,0.0,0.0,0.0,420.0,5.0,,,,,15.53,0.5,Correctly,,9e45131f6f9eef56234ab66e74a45a769d08987a9f1d7e98f32369b8995bda2d
20554001,Swaad,Greater Kailash 2 (GK2),Delhi NCR,6160993882,"07:09 PM, September 07 2024",Delivered,Zomato Delivery,4km,1 x Grilled Chicken Angara Tender,,50% off upto Rs.100,435.0,16.75,100.0,0.0,0.0,0.0,351.75,,,,,,11.75,0.1,Correctly,,afce2d4aa5ff6e8ac35af642707a24f9cc37fe6b3a52dea5c4a213c3d571dea2
20554001,Swaad,Greater Kailash 2 (GK2),Delhi NCR,6160358854,"07:01 PM, September 07 2024",Delivered,Zomato Delivery,4km,1 x Grilled Chicken Jamaican Tender,,40% off upto Rs.80,310.0,11.5,80.0,0.0,0.0,0.0,241.5,,,,,,11.05,5.5,Correctly,,814c2ca112462ea44c9bcdd5cf2877156b6e0951c50745e810dc0a281daa760a
20554001,Swaad,Greater Kailash 2 (GK2),Delhi NCR,6156507401,"04:28 PM, September 07 2024",Delivered,Zomato Delivery,4km,1 x Fried Chicken Kabuli Tender,Order: Please make it plain. Don't put any spice powder also on top of it. Order is for child,40% off upto Rs.80,325.0,12.25,80.0,0.0,0.0,0.0,257.25,,,,,,14.95,8.1,Incorrectly,,73c56d298b133a80f94c166a39af90d497b5453747123e40aa8bfe155680cca2
20554001,Swaad,Greater Kailash 2 (GK2),Delhi NCR,6151424970,"12:40 PM, September 07 2024",Delivered,Zomato Delivery,5km,1 x Animal Fries,,50% off upto Rs.100,355.0,12.75,100.0,0.0,0.0,0.0,267.75,,,,,,16.37,8.1,Correctly,,5f84bdfd85d7a9f828c68511a8277da72d742188745d63b292aa247d79063785
20554001,Swaad,Greater Kailash 2 (GK2),Delhi NCR,6157309260,"03:10 AM, September 07 2024",Delivered,Zomato Delivery,1km,"1 x Grilled Chicken Jamaican Tender, 1 x Fried Chicken Peri Peri Tender",,Flat Rs.80 off,635.0,27.75,80.0,0.0,0.0,0.0,582.75,,,,,,15.93,0.2,Correctly,,8f70d557074402a8bc152c6bd2265c0fadcf900139c2354c00b82abdf52122ea
20554001,Swaad,Greater Kailash 2 (GK2),Delhi NCR,6158100757,"03:09 AM, September 07 2024",Delivered,Zomato Delivery,5km,1 x Fried Chicken Angara Tender,,50% off upto Rs.100,325.0,11.25,100.0,0.0,0.0,0.0,236.25,,,,,,11.62,0.5,Correctly,,b26192666d8954ce934081fa124cc0a2f57b6a29a517ce4612bf59e2a1955d5f
20554001,Swaad,Greater Kailash 2 (GK2),Delhi NCR,6156545935,"03:06 AM, September 07 2024",Delivered,Zomato Delivery,5km,1 x Bone in Jamaican Grilled Chicken,,50% off upto Rs.100,310.0,10.5,100.0,0.0,0.0,0.0,220.5,,,,,,17.58,0.3,Correctly,,80d95c85d106cdf03b06e0630f9af4e974a6b0ef73e8cebfed8db766ab19dc68
20554001,Swaad,Greater Kailash 2 (GK2),Delhi NCR,6156465093,"12:41 AM, September 07 2024",Delivered,Zomato Delivery,4km,1 x Bone in Angara Grilled Chicken,,50% off upto Rs.100,310.0,10.5,100.0,0.0,0.0,0.0,220.5,,,,,,13.62,1.3,Correctly,,f0eed644459ff8e7730579fad1c70daa2da8707b2191a617e83a9c1bfde190d2
20554001,Swaad,Greater Kailash 2 (GK2),Delhi NCR,6144397966,"09:15 PM, September 06 2024",Delivered,Zomato Delivery,1km,"1 x Fried Chicken Classic Tender, 1 x Grilled Chicken Jamaican Tender",,Flat Rs.80 off,635.0,27.75,80.0,0.0,0.0,0.0,582.75,,,,,,13.78,0.5,Correctly,,3a492ed71e152f287ef10486e5168c0c9d81e6a10f7a18c91d476f9914533bf3
20554001,Swaad,Greater Kailash 2 (GK2),Delhi NCR,6157693936,"08:21 PM, September 06 2024",Delivered,Zomato Delivery,3km,"1 x Bone in Jamaican Grilled Chicken, 1 x Grilled Chicken Smoky BBQ Tender, 1 x Bone in Angara Grilled Chicken",,Flat Rs.175 off,1480.0,65.25,175.0,0.0,0.0,0.0,1370.25,,,,,,18.03,1.1,Correctly,,ccf113869c1a8906fcb11c969f5f532c6092105c8eacdf403e9ccaa0ce009f33
20554001,Swaad,Greater Kailash 2 (GK2),Delhi NCR,6157486866,"08:15 PM, September 06 2024",Delivered,Zomato Delivery,1km,1 x Grilled Chicken Smoky BBQ Tender,,Flat Rs.80 off,310.0,11.5,80.0,0.0,0.0,0.0,241.5,,,,,,17.13,0.4,Correctly,,30a1104c1ea07c146701da5a79f5210148d98c0effa505b3b68cc12b8758e0b1
20554001,Swaad,Greater Kailash 2 (GK2),Delhi NCR,6157315556,"07:58 PM, September 06 2024",Delivered,Zomato Delivery,3km,1 x Bone in Peri Peri Grilled Chicken,,Flat Rs.80 off,585.0,25.25,80.0,0.0,0.0,0.0,530.25,,,,,,25.37,10.4,Correctly,,c062c9b81474d640994677faa2e38fa448cfed2318b610b1501b0de161366f8c
20554001,Swaad,Greater Kailash 2 (GK2),Delhi NCR,6153404089,"07:47 PM, September 06 2024",Delivered,Zomato Delivery,5km,"1 x Bone in Peri Peri Grilled Chicken, 1 x Salted Fries",,Flat Rs.175 off,864.0,34.45,175.0,0.0,0.0,0.0,723.45,,,,,,20.37,8.4,Correctly,,71d6632a66d6388e161e4332056a994df0ee89e421f19df11fb87b8374db3ec9
20554001,Swaad,Greater Kailash 2 (GK2),Delhi NCR,6154856104,"06:21 PM, September 06 2024",Delivered,Zomato Delivery,<1km,1 x Animal Fries,,,415.0,20.75,0.0,0.0,0.0,0.0,435.75,,,,,,9.05,3.3,Incorrectly,,fcc2796d33f36fdc19d5d5764d65336a5c7e0dd278e82214d8bdbacf912524a9
20554001,Swaad,Greater Kailash 2 (GK2),Delhi NCR,6152814011,"04:47 PM, September 06 2024",Delivered,Zomato Delivery,2km,1 x AAC Saucy Fries,,50% off upto Rs.100,275.0,8.75,100.0,0.0,0.0,0.0,183.75,,,,,,10.97,0.5,Correctly,,437f0067219ef55e8efdfc1cec7a23fc05a85b55fb7e3c4747f9e7fd12725afb
20554001,Swaad,Greater Kailash 2 (GK2),Delhi NCR,6154639790,"11:40 AM, September 06 2024",Delivered,Zomato Delivery,8km,1 x Onion Bombs,,,218.0,10.9,0.0,0.0,0.0,0.0,228.9,,,,,,20.67,6.9,Correctly,,38bf3cb4af22058386815c0f05244580565e822b816730f4238c40b01fe3ca89
20554001,Swaad,Greater Kailash 2 (GK2),Delhi NCR,6156022422,"11:28 AM, September 06 2024",Delivered,Zomato Delivery,7km,1 x Animal Fries,,50% off upto Rs.100,355.0,12.75,100.0,0.0,0.0,0.0,267.75,,,,,,19.92,8.7,Correctly,,4f7fc9e10cb8fbc0cf57486d1888e15635bf369c87bbfe0aef2f1020409eb060
20554001,Swaad,Greater Kailash 2 (GK2),Delhi NCR,6145345927,"12:43 AM, September 06 2024",Delivered,Zomato Delivery,1km,1 x Grilled Chicken Smoky BBQ Tender,,Flat Rs.80 off,310.0,11.5,80.0,0.0,0.0,0.0,241.5,,,,,,11.77,0.3,Correctly,,89310375b73d367b4a652c57565263ee08681e2c593c56bac2c7c37f7251ee57
20554001,Swaad,Greater Kailash 2 (GK2),Delhi NCR,6147864880,"12:31 AM, September 06 2024",Delivered,Zomato Delivery,6km,1 x Bone in Jamaican Grilled Chicken,,50% off upto Rs.100,585.0,24.25,100.0,0.0,0.0,0.0,509.25,,,,,,20.45,8.3,Correctly,,ed1a450dffb04b81197ddd089c6b7fedf9a29b79a98e667cc45d1e851cb38502
20554001,Swaad,Greater Kailash 2 (GK2),Delhi NCR,6154044874,"09:42 PM, September 05 2024",Delivered,Zomato Delivery,2km,1 x Bone in Jamaican Grilled Chicken,,,310.0,15.5,0.0,0.0,0.0,0.0,325.5,,,,,,18.25,7.2,Correctly,,8484ccb3232b2cd7cc522817a1932f51dfcae0d5fb72c7bda170fd6be0a26393
20554001,Swaad,Greater Kailash 2 (GK2),Delhi NCR,6151738129,"09:27 PM, September 05 2024",Delivered,Zomato Delivery,1km,"1 x Jamaican Sauce, 1 x AAC Signature Fries",,50% off upto Rs.100,249.0,7.45,100.0,0.0,0.0,0.0,156.45,,,,,,17.33,2.2,Correctly,,76fc4cc7bc278cefb29eefa4f23573042c86fd64d275e4c1fcb5b3f981aa8c5d
20554001,Swaad,Greater Kailash 2 (GK2),Delhi NCR,6153393480,"09:01 PM, September 05 2024",Delivered,Zomato Delivery,3km,1 x Fried Chicken Peri Peri Tender,,50% off upto Rs.100,325.0,11.25,100.0,0.0,0.0,0.0,236.25,,,,,,16.23,1.9,Correctly,,046bc2ae014a439f89ca3574623f18fb867dba57d83b988a02d7e5e8f4711360
20554001,Swaad,Greater Kailash 2 (GK2),Delhi NCR,6138643839,"08:40 PM, September 05 2024",Delivered,Zomato Delivery,9km,1 x Grilled Chicken Jamaican Tender,,40% off upto Rs.80,370.0,14.5,80.0,0.0,0.0,0.0,304.5,,,,,,14.03,0.9,Correctly,,17cfcc46ffe51144715bb04f15001de283a0219c92f1cde2c8a00548acc33247
20554001,Swaad,Greater Kailash 2 (GK2),Delhi NCR,6150251716,"07:21 PM, September 05 2024",Delivered,Zomato Delivery,2km,1 x Fried Chicken Peri Peri Tender,,40% off upto Rs.80,325.0,12.25,80.0,0.0,0.0,0.0,257.25,,,,,,16.43,1.0,Correctly,,91b4c5523316a04e4823cbf79b6c4c3352d78c31d2aabb6c2e8a11a98fe21426
20554001,Swaad,Greater Kailash 2 (GK2),Delhi NCR,6149014724,"07:10 PM, September 05 2024",Delivered,Zomato Delivery,4km,1 x Fried Chicken Peri Peri Tenders + Peri Peri Fries,,50% off upto Rs.100,465.0,18.25,100.0,0.0,0.0,0.0,383.25,,,,,,16.78,6.6,Correctly,,814c2ca112462ea44c9bcdd5cf2877156b6e0951c50745e810dc0a281daa760a
20554001,Swaad,Greater Kailash 2 (GK2),Delhi NCR,6150892954,"06:59 PM, September 05 2024",Delivered,Zomato Delivery,2km,"1 x Bone in Kabuli Grilled Chicken, 1 x Harisa Mayo",,40% off upto Rs.80,645.0,28.25,80.0,0.0,0.0,0.0,593.25,5.0,,,,,18.88,11.7,Correctly,,b3204344269c8f6af0312e5043cbb4d1c259226865a6b84e22a57a3b5d24e5da
20554001,Swaad,Greater Kailash 2 (GK2),Delhi NCR,6149657004,"04:22 PM, September 05 2024",Delivered,Zomato Delivery,2km,1 x Grilled Chicken Peri Peri Tender,,50% off upto Rs.100,605.0,25.25,100.0,0.0,0.0,0.0,530.25,,,,,,14.08,5.2,Correctly,,6c5db7128ef17da9f1fa58dec12eace9fba76b87a75973f1dab2bffbf8653f27
20554001,Swaad,Greater Kailash 2 (GK2),Delhi NCR,6152105277,"03:34 AM, September 05 2024",Delivered,Zomato Delivery,7km,"1 x Bone in Kabuli Grilled Chicken, 1 x Grilled Chicken Jamaican Tender",,,620.0,15.5,0.0,310.0,0.0,0.0,325.5,,,,,,16.47,0.5,Correctly,,be12e587871bfb090b58170a05e21b5da3080603e9a7a1fc4f6271ba0e099c97
20554001,Swaad,Greater Kailash 2 (GK2),Delhi NCR,6150970356,"03:23 AM, September 05 2024",Delivered,Zomato Delivery,1km,2 x Bone in Jamaican Grilled Chicken,,,1170.0,29.25,0.0,585.0,0.0,0.0,614.25,,,,,,19.87,8.3,Correctly,,d64bf7056a8864f9f23c3a55a45ddd60e6d4e2c52202cdf7805e755a210e1641
20554001,Swaad,Greater Kailash 2 (GK2),Delhi NCR,6144728572,"01:22 AM, September 05 2024",Delivered,Zomato Delivery,3km,"1 x Grilled Chicken Peri Peri Tangdi, 1 x Bone in Peri Peri Grilled Chicken",,,715.0,20.25,0.0,310.0,0.0,0.0,425.25,,,,,,17.03,0.4,Correctly,,a96afaab30a21c3fc07dbf82603f95116aa03c62621515ccda8fc05c46f445db
20554001,Swaad,Greater Kailash 2 (GK2),Delhi NCR,6151166642,"01:01 AM, September 05 2024",Delivered,Zomato Delivery,1km,"1 x Fried Chicken Peri Peri Tender, 1 x Bone in Peri Peri Grilled Chicken",,,635.0,16.25,0.0,310.0,0.0,0.0,341.25,,,,,,15.4,0.8,Correctly,,b5122bdd229976dab0e7e1d9463856b5490b1fb5d325a122248710840a783052
20554001,Swaad,Greater Kailash 2 (GK2),Delhi NCR,6149092297,"12:22 AM, September 05 2024",Delivered,Zomato Delivery,4km,"1 x Bone in Angara Grilled Chicken, 1 x Bone in Jamaican Grilled Chicken",,,1170.0,29.25,0.0,585.0,0.0,0.0,614.25,,,,,,19.8,0.4,Correctly,,2b2dc48ed6c81cd405e1a6b472afa1d5448faf21b908d65fa246cfa9f598b282
20554001,Swaad,Greater Kailash 2 (GK2),Delhi NCR,6149205040,"11:09 PM, September 04 2024",Delivered,Zomato Delivery,5km,"1 x Animal Fries, 1 x Grilled Chicken Angara Tangdi",,,820.0,20.75,0.0,405.0,0.0,0.0,435.75,,,,,,13.35,0.1,Correctly,,811a5cabeadcb09735369af7985cc50e1b9f702e329606bfa852501fe96bb20b
20554001,Swaad,Greater Kailash 2 (GK2),Delhi NCR,6144522087,"10:42 PM, September 04 2024",Delivered,Zomato Delivery,4km,"1 x Grilled Chicken Jamaican Tender, 1 x Bone in Peri Peri Grilled Chicken",,,620.0,15.5,0.0,310.0,0.0,0.0,325.5,,,,,,18.95,2.7,Correctly,,bdef28bd856dae6730f762e5e31afa228f5a059f7069b448e7e8cc6d94bee73f
20554001,Swaad,Greater Kailash 2 (GK2),Delhi NCR,6153049929,"10:41 PM, September 04 2024",Delivered,Zomato Delivery,7km,"1 x Garlic Aioli, 1 x Cafreal dip, 1 x Bone in Jamaican Grilled Chicken, 1 x Bone in Peri Peri Grilled Chicken",,,1290.0,32.25,0.0,645.0,0.0,0.0,677.25,,,,,,18.53,0.7,Correctly,,fce2e2e461c71e769370ea33a93f36c31af7352b322c96936aa6d658e154afa3
20554001,Swaad,Greater Kailash 2 (GK2),Delhi NCR,6151789684,"10:29 PM, September 04 2024",Delivered,Zomato Delivery,1km,"1 x Salted Krispers, 1 x Fried Chicken Angara Tender, 2 x Onion Bombs, 1 x Bone in Jamaican Grilled Chicken Quarter + Angara Rice, 1 x Fried Chicken Peri Peri Tenders + Peri Peri Fries",,,1700.0,47.4,0.0,752.0,0.0,0.0,995.4,,,,,,34.92,8.5,Correctly,,957516865f417e827a7c8335b0472e30b40b0cc64467ca950c45a44d4210acb7
20554001,Swaad,Greater Kailash 2 (GK2),Delhi NCR,6151068357,"10:28 PM, September 04 2024",Delivered,Zomato Delivery,8km,"1 x Fried Chicken Peri Peri Tender, 1 x Onion Bombs",,,543.0,19.25,0.0,158.0,0.0,0.0,404.25,,,,,,19.17,2.4,Correctly,,0841c5533c618bd6361b49a4d434380e54a7fc5fcf8abc7375bd5b4b8d67a67b
20554001,Swaad,Greater Kailash 2 (GK2),Delhi NCR,6147645546,"10:24 PM, September 04 2024",Delivered,Zomato Delivery,5km,"1 x Animal Fries, 1 x Bone in Peri Peri Grilled Chicken",,,665.0,17.75,0.0,310.0,0.0,0.0,372.75,,,,,,14.57,0.8,Correctly,,d4574ff6d644fc80388714a71c9c17ccc57c99912e021edc4b4a6f4ad998e040
20554001,Swaad,Greater Kailash 2 (GK2),Delhi NCR,6151110701,"10:22 PM, September 04 2024",Delivered,Zomato Delivery,1km,"1 x Bone in Jamaican Grilled Chicken, 1 x Grilled Chicken Jamaican Tangdi",,,825.0,21.0,0.0,405.0,0.0,0.0,441.0,,,,,,14.58,0.2,Correctly,,89310375b73d367b4a652c57565263ee08681e2c593c56bac2c7c37f7251ee57
20554001,Swaad,Greater Kailash 2 (GK2),Delhi NCR,6151479415,"10:08 PM, September 04 2024",Delivered,Zomato Delivery,5km,"1 x Animal Fries, 1 x Grilled Chicken Peri Peri Tangdi",,,930.0,25.75,0.0,415.0,0.0,0.0,540.75,,,,,,18.32,19.9,Incorrectly,,e341eddc5f84ef58ce050407f4f8bc73f10837c2c128f3881be3daf33559abc2
20554001,Swaad,Greater Kailash 2 (GK2),Delhi NCR,6144995554,"10:05 PM, September 04 2024",Delivered,Zomato Delivery,3km,"1 x Angara Rice, 1 x AAC Signature Krispers, 1 x Grilled Chicken Peri Peri Tender, 1 x Grilled Chicken Jamaican Tender",,,967.0,25.45,0.0,458.0,0.0,0.0,534.45,,,,,,16.18,3.2,Incorrectly,,1b32a3605c4e73216d98d26118c346d8be9cd90a83daf95eed46c5b6c4188f14
20554001,Swaad,Greater Kailash 2 (GK2),Delhi NCR,6132905833,"10:02 PM, September 04 2024",Delivered,Zomato Delivery,4km,"1 x Fried Chicken Peri Peri Tender, 1 x Bone in Jamaican Grilled Chicken",,,635.0,16.25,0.0,310.0,0.0,0.0,341.25,,,,,,19.55,0.4,Correctly,,d28ebb44da5e06c275fd039f5e319039a8bf129535997f266c5a0371914e6e04
20554001,Swaad,Greater Kailash 2 (GK2),Delhi NCR,6150606006,"09:56 PM, September 04 2024",Delivered,Zomato Delivery,9km,2 x Bone in Peri Peri Grilled Chicken,,,620.0,15.5,0.0,310.0,0.0,0.0,325.5,,,,,,19.43,0.4,Correctly,,aaf807708490df7809b74a981cd9f0047d8d284ea5ac69b0e74ef2efbb449e6e
20554001,Swaad,Greater Kailash 2 (GK2),Delhi NCR,6150826612,"09:52 PM, September 04 2024",Delivered,Zomato Delivery,4km,"1 x Bone in Jamaican Grilled Chicken, 1 x Bone in Angara Grilled Chicken",,,620.0,15.5,0.0,310.0,0.0,0.0,325.5,5.0,,,,,19.12,14.6,Incorrectly,,dd7269b3cd8fa0c14ed972882abade36ec159010285b438de2f3cd5e1a69af0c
20554001,Swaad,Greater Kailash 2 (GK2),Delhi NCR,6152991085,"09:46 PM, September 04 2024",Delivered,Zomato Delivery,1km,"1 x Bone in Angara Grilled Chicken, 1 x Grilled Chicken Tangdi Jamaican + Salted Krispers",,,1120.0,29.25,0.0,535.0,0.0,0.0,614.25,,,,,,21.97,2.2,Correctly,,149e9272cd08ebfed979172bc308e5e5ce94ef308ee1b11884a0d6e69c870388
20554001,Swaad,Greater Kailash 2 (GK2),Delhi NCR,6149395754,"09:37 PM, September 04 2024",Delivered,Zomato Delivery,1km,"1 x Bone in Kabuli Grilled Chicken, 2 x Garlic Aioli, 1 x Bone in Jamaican Grilled Chicken",,,1290.0,32.25,0.0,645.0,0.0,0.0,677.25,,,,,,23.25,1.1,Correctly,,1a20f30451c13cd56e3561e62f54a8d37d05e3823dca7eb80fac4e27d4747be6
20554001,Swaad,Greater Kailash 2 (GK2),Delhi NCR,6150484698,"09:30 PM, September 04 2024",Delivered,Zomato Delivery,9km,"1 x Grilled Chicken Smoky BBQ Tender, 1 x Bone in Jamaican Grilled Chicken",,,620.0,15.5,0.0,310.0,0.0,0.0,325.5,,,,,,13.23,0.4,Correctly,,7dec228838281793b495c3089e02fb018add76994f57f7da1c221e540997c93d
20554001,Swaad,Greater Kailash 2 (GK2),Delhi NCR,6152492022,"09:25 PM, September 04 2024",Delivered,Zomato Delivery,4km,1 x Grilled Chicken Angara Tender,,,310.0,15.5,0.0,0.0,0.0,0.0,325.5,,,,,,15.32,1.0,Correctly,,851d49f8772477516cf2c4b3be3391deb49f98b0ad7215a6d3365a33dbf33f00
20554001,Swaad,Greater Kailash 2 (GK2),Delhi NCR,6152031764,"08:56 PM, September 04 2024",Delivered,Zomato Delivery,1km,"1 x Bone in Peri Peri Grilled Chicken, 1 x Fried Chicken Classic Tender",,,635.0,16.25,0.0,310.0,0.0,0.0,341.25,,,,,,13.95,2.9,Correctly,,53bd72a3024dc0e0edf6378e8343dcc95e010c4bcaab7c366bff879e8cecd7d9
20554001,Swaad,Greater Kailash 2 (GK2),Delhi NCR,6151411937,"08:27 PM, September 04 2024",Delivered,Zomato Delivery,1km,"1 x Bone in Angara Grilled Chicken, 1 x Bone in Jamaican Grilled Chicken",,,620.0,15.5,0.0,310.0,0.0,0.0,325.5,,,,,,29.17,5.0,Correctly,,561dafdf4a96a27c724fdd2f4823893d2685dde69b72c3d2d3ccf327df561a02
20554001,Swaad,Greater Kailash 2 (GK2),Delhi NCR,6152103927,"08:20 PM, September 04 2024",Delivered,Zomato Delivery,9km,"1 x Fried Chicken Peri Peri Tender, 2 x Animal Fries, 1 x Grilled Chicken Jamaican Tender, 1 x Fried Chicken Angara Tender, 1 x Kabuli Grilled Paneer (8 pcs), 2 x AAC Saucy Fries",,,2910.0,76.25,0.0,1385.0,0.0,0.0,1601.25,,,,,,25.37,2.7,Correctly,,00db5dee81e47a35bf18c89f8ae58d3505ecff10f1b3a89882791cd812d0caf5
20554001,Swaad,Greater Kailash 2 (GK2),Delhi NCR,6145211525,"08:16 PM, September 04 2024",Delivered,Zomato Delivery,1km,"1 x Bone in Jamaican Grilled Chicken, 1 x Bone in Peri Peri Grilled Chicken, 1 x Bone in Smoky Bbq Grilled Chicken, 1 x Bone in Angara Grilled Chicken",,,2340.0,58.5,0.0,1170.0,0.0,0.0,1228.5,4.0,,,,,18.72,0.4,Correctly,,3d27fc416de581dff391a7af0b004b28790fa526d9c3035b693f5e0f72bcccd8
20554001,Swaad,Greater Kailash 2 (GK2),Delhi NCR,6151905669,"08:12 PM, September 04 2024",Delivered,Zomato Delivery,1km,2 x Grilled Chicken Jamaican Tender,,,620.0,15.5,0.0,310.0,0.0,0.0,325.5,,,,,,9.88,0.2,Correctly,,f66b13d7abb175115021c2453ea442376c83e77211234f7684755df4be3186c4
20554001,Swaad,Greater Kailash 2 (GK2),Delhi NCR,6147752319,"07:55 PM, September 04 2024",Delivered,Zomato Delivery,4km,"1 x Bone in Jamaican Grilled Chicken, 1 x Bone in Kabuli Grilled Chicken",,,620.0,15.5,0.0,310.0,0.0,0.0,325.5,,,,,,15.17,0.3,Correctly,,b69c9bcc1fbaac9faba29bbf3db12239156122d74346ef1d1af8e13c9f7b888e
20554001,Swaad,Greater Kailash 2 (GK2),Delhi NCR,6151615623,"07:13 PM, September 04 2024",Delivered,Zomato Delivery,3km,"1 x Grilled Chicken Smoky BBQ Tender, 1 x Grilled Chicken Jamaican Tender",,,620.0,15.5,0.0,310.0,0.0,0.0,325.5,5.0,You guys impressed me with your chicken last time. You did it the second time today. Sending you lots of love 💕😘.,,,,10.85,0.4,Correctly,,3ba75f014daa8fc222499c9cd741760bb21df460820828dd68b24d64442ad804
20554001,Swaad,Greater Kailash 2 (GK2),Delhi NCR,6152099460,"06:52 PM, September 04 2024",Delivered,Zomato Delivery,2km,"1 x Grilled Chicken Peri Peri Tangdi, 1 x Grilled Chicken Smoky BBQ Tender",,,715.0,20.25,0.0,310.0,0.0,0.0,425.25,,,,,,21.35,0.2,Correctly,,0cc528c0160b3b4efd60db437e3c5dfbf8b03212ddc0f368632e75e8c0ebafe3
20554001,Swaad,Greater Kailash 2 (GK2),Delhi NCR,6152129793,"06:49 PM, September 04 2024",Delivered,Zomato Delivery,3km,"1 x AAC Saucy Fries, 1 x Angara Grilled Paneer (8 pcs)",,,570.0,14.75,0.0,275.0,0.0,0.0,309.75,3.0,,,,,17.4,0.3,Correctly,,6887a27c1386449ece183cda2400595f32ff93a4d93ee5ca10c7fd4dabbc5239
20554001,Swaad,Greater Kailash 2 (GK2),Delhi NCR,6148497668,"06:49 PM, September 04 2024",Delivered,Zomato Delivery,5km,"1 x Fried Chicken Classic Tender, 1 x Bone in Jamaican Grilled Chicken","Order: Less spicy, send culinary, extra spoon.",,635.0,16.25,0.0,310.0,0.0,0.0,341.25,4.0,,,,,19.92,0.2,Correctly,,239bcbcba3964c61cf35c869ba153c52e5f9e4ff4b63c7eff9b868cf24b8c6f6
20554001,Swaad,Greater Kailash 2 (GK2),Delhi NCR,6151075924,"06:48 PM, September 04 2024",Delivered,Zomato Delivery,4km,"1 x Animal Fries, 2 x Harisa Mayo, 1 x Bone in Jamaican Grilled Chicken",,,785.0,20.75,0.0,370.0,0.0,0.0,435.75,,,,,,22.07,0.4,Correctly,,e820fe42037309204742128445b33cc4752323bab7ff5674c5483279de2b53a3
20554001,Swaad,Greater Kailash 2 (GK2),Delhi NCR,6141955190,"06:47 PM, September 04 2024",Delivered,Zomato Delivery,2km,"1 x Bone in Angara Grilled Chicken, 1 x Fried Chicken Classic Tender",,,880.0,23.0,0.0,420.0,0.0,0.0,483.0,,,,,,13.58,1.0,Correctly,,f426b9ef8cf590033248b0d442c5b617a709575fc2658a3cb0e2dff2a91094ea
20554001,Swaad,Greater Kailash 2 (GK2),Delhi NCR,6144240421,"06:31 PM, September 04 2024",Delivered,Zomato Delivery,1km,"1 x Grilled Chicken Smoky BBQ Tender, 1 x Grilled Chicken Jamaican Tender, 1 x Salted Fries, 1 x AAC Special Slaw",,,937.0,23.95,0.0,458.0,0.0,0.0,502.95,,,,,,12.6,0.7,Correctly,,fe38e9a74482b3f126dcd5afb5c7b29bcf7222a6cf201c3b6273c1d24355dff2
20554001,Swaad,Greater Kailash 2 (GK2),Delhi NCR,6149580829,"06:16 PM, September 04 2024",Delivered,Zomato Delivery,2km,"1 x Bone in Angara Grilled Chicken, 1 x Bone in Jamaican Grilled Chicken",,,1170.0,29.25,0.0,585.0,0.0,0.0,614.25,,,,,,18.77,0.6,Correctly,,bbff5a0edfa153fcfcaf4c3f1d934a3fe3d7fbc3bcc9a26ca1355462da01adcb
20554001,Swaad,Greater Kailash 2 (GK2),Delhi NCR,6148946223,"05:12 PM, September 04 2024",Delivered,Zomato Delivery,2km,"1 x Bone in Jamaican Grilled Chicken, 1 x Fried Chicken Ghostbuster Tender, 1 x Grilled Chicken Jamaican Tender, 1 x Animal Fries, 1 x Grilled Chicken Smoky BBQ Tangdi, 1 x Bone in Kabuli Grilled Chicken, 1 x Grilled Chicken Angara Tender, 1 x Fried Chicken Peri Peri Tender",,,2650.0,67.5,0.0,1300.0,0.0,0.0,1417.5,,,,,,26.93,0.9,Correctly,,499364a5bf2f4a22646f82c79744dbfa56bdfea02b102a797be873ff09859f99
20554001,Swaad,Greater Kailash 2 (GK2),Delhi NCR,6149660907,"05:10 PM, September 04 2024",Delivered,Zomato Delivery,4km,"1 x Bone in Angara Grilled Chicken, 1 x Bone in Jamaican Grilled Chicken","Order: DO NOT SEND BREAST PIECE. 
ONLY THIGH",,740.0,18.5,0.0,370.0,0.0,0.0,388.5,,,,,,22.05,0.4,Correctly,,65a28d34007d4a7d6b6808c1063ec8d12e200a5bf799ad8035a2577ac8c3e79e
20554001,Swaad,Greater Kailash 2 (GK2),Delhi NCR,6143011766,"05:02 PM, September 04 2024",Delivered,Zomato Delivery,<1km,2 x Bone in Smoky Bbq Grilled Chicken,Order: PLEASE MAKE SURE ITS A BIG PIECE. SUDDENLY YOU PEOPLE HAVE STOPPED WITH THE IDEAL QUARTER PIECES. :(,,620.0,15.5,0.0,310.0,0.0,0.0,325.5,,,,,,18.17,1.1,Correctly,,f49671ab5688a0b2e9b49bc96589f2e92109c35a9ab24790b0f2486edbbe0ee2
20554001,Swaad,Greater Kailash 2 (GK2),Delhi NCR,6142542206,"04:46 PM, September 04 2024",Delivered,Zomato Delivery,2km,"1 x Fried Chicken Angara Tender, 1 x Fried Chicken Peri Peri Tender",,,650.0,16.25,0.0,325.0,0.0,0.0,341.25,,,,,,19.93,3.6,Correctly,,9f79dfc1f5077c6081366228d38d9afb70cd858362d823135beb51c627e00159
20554001,Swaad,Greater Kailash 2 (GK2),Delhi NCR,6143031049,"04:08 PM, September 04 2024",Delivered,Zomato Delivery,2km,"1 x Garlic Aioli, 1 x AAC Signature Fries, 2 x Grilled Chicken Peri Peri Tangdi",,,1059.0,29.7,0.0,465.0,0.0,0.0,623.7,,,,,,18.12,0.2,Correctly,,8262aff58673f392152c2e19f57ffb62b40d990add339ee28ad9cbf9efde3f8d
20554001,Swaad,Greater Kailash 2 (GK2),Delhi NCR,6137759430,"03:58 PM, September 04 2024",Delivered,Zomato Delivery,5km,"1 x Bone in Jamaican Grilled Chicken, 1 x Fried Chicken Ghostbuster Tender",,,745.0,21.0,0.0,325.0,0.0,0.0,441.0,,,,,,17.88,0.1,Correctly,,534fbffb9ad8944897c7eaa64d98ccb7bda464e37795ee5e10895761c89fafa2
20554001,Swaad,Greater Kailash 2 (GK2),Delhi NCR,6151542918,"02:50 PM, September 04 2024",Delivered,Zomato Delivery,1km,2 x Bone in Jamaican Grilled Chicken,,,620.0,15.5,0.0,310.0,0.0,0.0,325.5,,,,,,19.58,0.1,Correctly,,d911d7bbb53e3b0bebacbacee8b92406f96568333a655ee9c8c0359edc61e2b9
20554001,Swaad,Greater Kailash 2 (GK2),Delhi NCR,6148032286,"02:05 PM, September 04 2024",Delivered,Zomato Delivery,3km,"1 x Fried Chicken Angara Tender, 1 x Animal Fries",,,680.0,17.75,0.0,325.0,0.0,0.0,372.75,,,,,,15.77,1.8,Correctly,,6a2a5ddd114fae902c00c2d10a71a739e83871594654155dc9cb1b8617d80da5
20554001,Swaad,Greater Kailash 2 (GK2),Delhi NCR,6151184755,"01:41 PM, September 04 2024",Delivered,Zomato Delivery,3km,"1 x Bone in Peri Peri Grilled Chicken, 1 x Bone in Jamaican Grilled Chicken",,,620.0,15.5,0.0,310.0,0.0,0.0,325.5,,,,,,19.18,12.2,Incorrectly,,23129bff67953bd7e947f45b048bc967e0948b46edded2816bcb309f8c9ee01e
20554001,Swaad,Greater Kailash 2 (GK2),Delhi NCR,6151212614,"01:26 PM, September 04 2024",Delivered,Zomato Delivery,5km,"1 x Bone in Jamaican Grilled Chicken, 1 x Bone in Smoky Bbq Grilled Chicken",,,2090.0,52.25,0.0,1045.0,0.0,0.0,1097.25,5.0,,,,,,9.5,Missed,,feaeeaa1d9d90bdbdd0ac0261a39cb5ec0fc60e52339249f4ea563519ea6f87f
20554001,Swaad,Greater Kailash 2 (GK2),Delhi NCR,6150530192,"01:22 PM, September 04 2024",Delivered,Zomato Delivery,2km,"1 x Grilled Chicken Angara Tender, 1 x Angara Aloo Tuk Tuki, 1 x Grilled Chicken Jamaican Tender, 1 x Salted Krispers",,,957.0,24.45,0.0,468.0,0.0,0.0,513.45,,,,,,20.35,2.7,Correctly,,d775e8eac0bf356fd581d8752f207dc125b4b17eed9bcd2a32837c77a6b736bb
20554001,Swaad,Greater Kailash 2 (GK2),Delhi NCR,6147280588,"01:15 PM, September 04 2024",Delivered,Zomato Delivery,5km,"1 x Bone in Peri Peri Grilled Chicken, 1 x Bone in Jamaican Grilled Chicken",,,620.0,15.5,0.0,310.0,0.0,0.0,325.5,,,,,,27.67,8.6,Correctly,,61e9d9b20b26c901f044c131fdb836aeeaf4dbb26f0516e7a5053ef5ad5df0e6
20554001,Swaad,Greater Kailash 2 (GK2),Delhi NCR,6129754839,"12:48 PM, September 04 2024",Delivered,Zomato Delivery,3km,"1 x Fried Chicken Angara Tender, 1 x Bone in Kabuli Grilled Chicken",,,940.0,24.0,0.0,460.0,0.0,0.0,504.0,,,,,,18.9,0.3,Correctly,,87e1c3bcf7470698a877d5775e9415edcfb85a042e5933a27ad48e29ae2aee6f
20554001,Swaad,Greater Kailash 2 (GK2),Delhi NCR,6150206967,"12:25 PM, September 04 2024",Delivered,Zomato Delivery,2km,1 x Bone in Smoky Bbq Grilled Chicken,,40% off upto Rs.80,420.0,17.0,80.0,0.0,0.0,0.0,357.0,,,,,,16.33,5.7,Correctly,,74bbced5163cdcd03645fe0cef9870d8cb588d68ee6253465d3a05a4c21ef2d3
20554001,Swaad,Greater Kailash 2 (GK2),Delhi NCR,6144748788,"12:12 PM, September 04 2024",Delivered,Zomato Delivery,5km,"1 x Bone in Jamaican Grilled Chicken, 1 x Bone in Peri Peri Grilled Chicken",,,840.0,21.0,0.0,420.0,0.0,0.0,441.0,,,,,,18.65,1.0,Correctly,,1efea36d932d05f4cf79a395a3090b4f410128e315ef8cb09a6139698e8b6d93
20554001,Swaad,Greater Kailash 2 (GK2),Delhi NCR,6143383996,"11:53 AM, September 04 2024",Delivered,Zomato Delivery,3km,2 x Bone in Smoky Bbq Grilled Chicken,,,620.0,15.5,0.0,310.0,0.0,0.0,325.5,,,,,,18.05,7.3,Correctly,,c94be9e1cfdde2113c649ff11bf71e6ea622f4e35268cda9acc8989dd583b7e2
20554001,Swaad,Greater Kailash 2 (GK2),Delhi NCR,6147356060,"01:30 AM, September 04 2024",Delivered,Zomato Delivery,2km,1 x Grilled Chicken Smoky BBQ Tender,,50% off upto Rs.100,310.0,10.5,100.0,0.0,0.0,0.0,220.5,,,,,,11.48,2.9,Correctly,,15f9f66b9b383af5291e22109999c7fcfff33aed6a63997ef27e1307c0e417a8
20554001,Swaad,Greater Kailash 2 (GK2),Delhi NCR,6139066441,"08:21 PM, September 03 2024",Delivered,Zomato Delivery,9km,1 x Fried Chicken Peri Peri Tender,,40% off upto Rs.80,325.0,12.25,80.0,0.0,0.0,0.0,257.25,,,,,,11.62,0.5,Correctly,,d9f909e0c860ee92565a0f90b784438f0c1dac9f09a69bca21a995ca3edd0af1
20554001,Swaad,Greater Kailash 2 (GK2),Delhi NCR,6149292474,"08:19 PM, September 03 2024",Delivered,Zomato Delivery,2km,"1 x Bone in Peri Peri Grilled Chicken, 1 x Angara Aloo Tuk Tuki, 1 x Onion Bombs",,Flat Rs.175 off,1081.0,45.3,175.0,0.0,0.0,0.0,951.3,,,,,,19.55,8.8,Correctly,,04a894551b11ff4f690d97f355ab3185ff5a61f5cf72b48b9c84c9e5b79df132
20554001,Swaad,Greater Kailash 2 (GK2),Delhi NCR,6147153950,"07:49 PM, September 03 2024",Delivered,Zomato Delivery,2km,"1 x Grilled Chicken Jamaican Tender, 1 x Grilled Chicken Angara Tender, 1 x Grilled Chicken Ghostbuster Tangdi, 1 x Bone in Peri Peri Grilled Chicken",,Flat Rs.175 off,1765.0,79.5,175.0,0.0,0.0,0.0,1669.5,,,,,,19.63,0.5,Correctly,,b2feee65db0a8a15ed9719d550e8fbe88d0b8d0732ca8fd9c252c86970f8a2ac
20554001,Swaad,Greater Kailash 2 (GK2),Delhi NCR,6144644656,"07:20 PM, September 03 2024",Delivered,Zomato Delivery,4km,1 x Grilled Chicken Smoky BBQ Tangdi,,40% off upto Rs.80,405.0,16.25,80.0,0.0,0.0,0.0,341.25,,,,,,15.17,1.3,Correctly,,7fb4613c307ca4a6bff0c98d1d8713a60914dc6c9de7e3a850b21fd8bf95c4c5
20554001,Swaad,Greater Kailash 2 (GK2),Delhi NCR,6147135501,"04:21 PM, September 03 2024",Delivered,Zomato Delivery,<1km,1 x Bone in Jamaican Grilled Chicken,,40% off upto Rs.80,585.0,25.25,80.0,0.0,0.0,0.0,530.25,,,,,,21.62,0.2,Correctly,,ddba540dd4dd112e42171bc077908f7cafb9bf1804f6fb23e32c81a609d75be0
20554001,Swaad,Greater Kailash 2 (GK2),Delhi NCR,6145082908,"03:19 PM, September 03 2024",Delivered,Zomato Delivery,3km,"1 x AAC Special Slaw, 1 x Angara Rice",,40% off upto Rs.80,296.0,10.8,80.0,0.0,0.0,0.0,226.8,,,,,,8.15,3.1,Incorrectly,,c4da13e1b92172b8c4c0121d909c51d36229383125a25c4d77bb63bb84b778ef
20554001,Swaad,Greater Kailash 2 (GK2),Delhi NCR,6138922698,"03:11 PM, September 03 2024",Delivered,Zomato Delivery,1km,1 x Bone in Jamaican Grilled Chicken,,50% off upto Rs.100,310.0,10.5,100.0,0.0,0.0,0.0,220.5,,,,,,,2.9,Missed,,89310375b73d367b4a652c57565263ee08681e2c593c56bac2c7c37f7251ee57
20554001,Swaad,Greater Kailash 2 (GK2),Delhi NCR,6148352067,"01:04 PM, September 03 2024",Delivered,Zomato Delivery,2km,1 x Bone in Jamaican Grilled Chicken,,40% off upto Rs.80,420.0,17.0,80.0,0.0,0.0,0.0,357.0,,,,,,19.2,2.7,Correctly,,74bbced5163cdcd03645fe0cef9870d8cb588d68ee6253465d3a05a4c21ef2d3
20554001,Swaad,Greater Kailash 2 (GK2),Delhi NCR,6148109643,"12:14 PM, September 03 2024",Delivered,Zomato Delivery,2km,1 x Grilled Chicken Angara Tender,,50% off upto Rs.100,545.0,22.25,100.0,0.0,0.0,0.0,467.25,,,,,,15.92,9.4,Correctly,,b115df8fe13b2f6ba22cc745989270d9c2a667802f8915b69646a0ba95fc7b1b
20554001,Swaad,Greater Kailash 2 (GK2),Delhi NCR,6146307177,"01:57 AM, September 03 2024",Delivered,Zomato Delivery,6km,1 x Fried Chicken Peri Peri Tenders + Peri Peri Fries,,,465.0,23.25,0.0,0.0,0.0,0.0,488.25,,,,,,11.65,0.3,Correctly,,f40a164a845b60eb30d9fb67c064e14fb3549ffdd21916009f4de8822abbea37
20554001,Swaad,Greater Kailash 2 (GK2),Delhi NCR,6147558212,"01:08 AM, September 03 2024",Delivered,Zomato Delivery,1km,"1 x Bone in Jamaican Grilled Chicken, 1 x Bone in Kabuli Grilled Chicken",,50% off upto Rs.100,620.0,26.0,100.0,0.0,0.0,0.0,546.0,,,,,,16.93,0.6,Correctly,,a7f5159c467a795b19b8e726da3833951012177813430cbdd4a934265a4a5944
20554001,Swaad,Greater Kailash 2 (GK2),Delhi NCR,6147098530,"11:50 PM, September 02 2024",Delivered,Zomato Delivery,5km,1 x Animal Fries,,Flat Rs.80 off,355.0,13.75,80.0,0.0,0.0,0.0,288.75,,,,,,9.52,0.4,Correctly,,edab070afff7b49c8051aaa00521c4c056940aaafa67d26048b052ff36575fd6
20554001,Swaad,Greater Kailash 2 (GK2),Delhi NCR,6145603662,"10:49 PM, September 02 2024",Delivered,Zomato Delivery,5km,1 x Grilled Chicken Jamaican Tender,,40% off upto Rs.80,310.0,11.5,80.0,0.0,0.0,0.0,241.5,,,,,,9.98,0.3,Correctly,,a0ffc2b6d48657721374418b70f7c32b8343445a1b1f5d6498391e982fd959d1
20554001,Swaad,Greater Kailash 2 (GK2),Delhi NCR,6145559363,"10:30 PM, September 02 2024",Delivered,Zomato Delivery,2km,1 x Animal Fries,,40% off upto Rs.80,415.0,16.75,80.0,0.0,0.0,0.0,351.75,,,,,,11.5,0.5,Correctly,,d647abcd1c03fd77b41064b8aa216d0ec960ac81321c6686cbcc411ff3263a71
20554001,Swaad,Greater Kailash 2 (GK2),Delhi NCR,6146040255,"10:12 PM, September 02 2024",Delivered,Zomato Delivery,7km,"1 x Animal Fries, 1 x Fried Chicken Angara Tender, 1 x AAC Signature Krispers",,Flat Rs.175 off,1074.0,44.95,175.0,0.0,0.0,0.0,943.95,,,,,,21.47,3.5,Correctly,,960b6543eb5611330f0e49b13ee776597444ca7c81314eb2d8abc73cbd81e0e0
20554001,Swaad,Greater Kailash 2 (GK2),Delhi NCR,6141867628,"09:44 PM, September 02 2024",Delivered,Zomato Delivery,1km,1 x Bone in Peri Peri Grilled Chicken,,Flat Rs.80 off,585.0,25.25,80.0,0.0,0.0,0.0,530.25,5.0,,,,,15.68,3.4,Correctly,,e7a2befc23ee459f62bb27a8ef85ee19d80d81e0edd31dc070a35ac91538ed9e
20554001,Swaad,Greater Kailash 2 (GK2),Delhi NCR,6142740721,"08:48 PM, September 02 2024",Delivered,Zomato Delivery,2km,1 x Grilled Chicken Jamaican Tender,,Flat Rs.80 off,435.0,17.75,80.0,0.0,0.0,0.0,372.75,,,,,,11.52,5.4,Correctly,,3d034f06d001b0da1fb663d6d1f32f46eebe6a6218eecac69eb99ce0f37aefb0
20554001,Swaad,Greater Kailash 2 (GK2),Delhi NCR,6144695178,"08:19 PM, September 02 2024",Delivered,Zomato Delivery,1km,1 x Bone in Jamaican Grilled Chicken,,40% off upto Rs.80,310.0,11.5,80.0,0.0,0.0,0.0,241.5,,,,,,12.72,0.5,Correctly,,c48261a81117ac781d7953bc39c82e3460eb5b4d3208a9f9cdf105f458be0e32
20554001,Swaad,Greater Kailash 2 (GK2),Delhi NCR,6144219290,"08:07 PM, September 02 2024",Delivered,Zomato Delivery,1km,"1 x Bone in Peri Peri Grilled Chicken, 1 x Grilled Chicken Jamaican Tangdi",,Flat Rs.175 off,990.0,40.75,175.0,0.0,0.0,0.0,855.75,,,,,,19.28,6.1,Correctly,,393052a6045a8d8011c87689f081fa65b368aaca509bdc624ebf23c4359e420f
20554001,Swaad,Greater Kailash 2 (GK2),Delhi NCR,6147231368,"08:05 PM, September 02 2024",Delivered,Zomato Delivery,2km,"1 x Grilled Chicken Jamaican Tender, 1 x Salted Fries",,50% off upto Rs.100,604.0,25.2,100.0,0.0,0.0,0.0,529.2,,,,,,12.4,1.5,Correctly,,3d034f06d001b0da1fb663d6d1f32f46eebe6a6218eecac69eb99ce0f37aefb0
20554001,Swaad,Greater Kailash 2 (GK2),Delhi NCR,6141422662,"07:04 PM, September 02 2024",Delivered,Zomato Delivery,2km,1 x Bone in Angara Grilled Chicken,,60% off upto Rs.120,310.0,10.55,99.0,0.0,0.0,0.0,221.55,,,,,,13.07,0.6,Correctly,,8484ccb3232b2cd7cc522817a1932f51dfcae0d5fb72c7bda170fd6be0a26393
20554001,Swaad,Greater Kailash 2 (GK2),Delhi NCR,6143080225,"06:37 PM, September 02 2024",Delivered,Zomato Delivery,1km,1 x Animal Fries,,50% off upto Rs.100,355.0,12.75,100.0,0.0,0.0,0.0,267.75,,,,,,17.57,0.3,Correctly,,419bf94a83f756abb5ab7bc8db69b08fa34291d5db6011cd60e4e4bb186dba8b
20554001,Swaad,Greater Kailash 2 (GK2),Delhi NCR,6143624024,"05:32 PM, September 02 2024",Delivered,Zomato Delivery,<1km,1 x Bone in Jamaican Grilled Chicken,,Flat Rs.80 off,310.0,11.5,80.0,0.0,0.0,0.0,241.5,,,,,,20.17,18.5,Incorrectly,,ddba540dd4dd112e42171bc077908f7cafb9bf1804f6fb23e32c81a609d75be0
20554001,Swaad,Greater Kailash 2 (GK2),Delhi NCR,6136204115,"03:48 PM, September 02 2024",Delivered,Zomato Delivery,3km,1 x Bone in Jamaican Grilled Chicken,,50% off upto Rs.100,585.0,24.25,100.0,0.0,0.0,0.0,509.25,,,,,,19.87,0.9,Correctly,,4aa2418b974bd77e75c84591f615af9b5ed56d544c3122f3deef8895709390b3
20554001,Swaad,Greater Kailash 2 (GK2),Delhi NCR,6131947787,"03:26 PM, September 02 2024",Delivered,Zomato Delivery,3km,"1 x Fried Chicken Peri Peri Tender, 1 x Onion Bombs",,Flat Rs.80 off,483.0,20.15,80.0,0.0,0.0,0.0,423.15,,,,,,19.3,0.7,Correctly,,957516865f417e827a7c8335b0472e30b40b0cc64467ca950c45a44d4210acb7
20554001,Swaad,Greater Kailash 2 (GK2),Delhi NCR,6124801607,"02:29 AM, September 02 2024",Delivered,Zomato Delivery,5km,"1 x Peri Peri Krispers, 1 x Fried Chicken Peri Peri Tender, 1 x Grilled Chicken Angara Tender",,,1258.0,62.9,0.0,0.0,0.0,0.0,1320.9,,,,,,19.3,0.2,Correctly,,d31f73e1731e6411b02ef4130a72eaa8133e9faf1c744a3f76740b5c9f6eeb28
20554001,Swaad,Greater Kailash 2 (GK2),Delhi NCR,6144790441,"10:44 PM, September 01 2024",Delivered,Zomato Delivery,1km,1 x Bone in Jamaican Grilled Chicken,,40% off upto Rs.80,420.0,17.0,80.0,0.0,0.0,0.0,357.0,,,,,,13.75,7.0,Correctly,,7435732c3fab7a8f371a2d1c3be9efaf3aff3692e08e17038099f318e9a0741a
20554001,Swaad,Greater Kailash 2 (GK2),Delhi NCR,6130866834,"09:49 PM, September 01 2024",Delivered,Zomato Delivery,7km,"1 x Bone in Jamaican Grilled Chicken, 1 x Grilled Chicken Angara Tender",,Flat Rs.175 off,1020.0,42.25,175.0,0.0,0.0,0.0,887.25,,,,,,12.9,1.0,Correctly,,51b7d02976793a87ddb37f286f817eafa2dc1c7bfbc85b90016024320d24d3e8
20554001,Swaad,Greater Kailash 2 (GK2),Delhi NCR,6134999782,"08:45 PM, September 01 2024",Delivered,Zomato Delivery,3km,1 x Bone in Jamaican Grilled Chicken,,Flat Rs.150 off,420.0,16.05,99.0,0.0,0.0,0.0,337.05,,,,,,18.92,2.7,Correctly,,98c0db477ba3c7f50903681333d0141b01f25fe649f29a0b1e130a5125391c6a
20554001,Swaad,Greater Kailash 2 (GK2),Delhi NCR,6143338997,"08:19 PM, September 01 2024",Delivered,Zomato Delivery,1km,1 x Fried Chicken Classic Tender,,40% off upto Rs.80,325.0,12.25,80.0,0.0,0.0,0.0,257.25,,,,,,21.65,5.8,Correctly,,936d5ddeaaacaa16fcb5c8445f91dd9db624d55a8cdd395ddfe053845b688f9f
20554001,Swaad,Greater Kailash 2 (GK2),Delhi NCR,6139838375,"08:07 PM, September 01 2024",Delivered,Zomato Delivery,2km,"1 x Bone in Jamaican Grilled Chicken, 1 x Bone in Peri Peri Grilled Chicken",,Flat Rs.175 off,1170.0,49.75,175.0,0.0,0.0,0.0,1044.75,,,,,,19.02,2.4,Correctly,,a88b92173d92c97f2cc1a38496641e94abd92263ca04497e540863b5a966a79d
20554001,Swaad,Greater Kailash 2 (GK2),Delhi NCR,6139795100,"08:02 PM, September 01 2024",Delivered,Zomato Delivery,5km,1 x Grilled Chicken Jamaican Tender,,Flat Rs.80 off,555.0,23.75,80.0,0.0,0.0,0.0,498.75,,,,,,9.38,2.4,Correctly,,8b1aba9c71740f2512df64e5b69a6936ed8a9b8c51a75068504fc81328933584
20554001,Swaad,Greater Kailash 2 (GK2),Delhi NCR,6143057628,"07:33 PM, September 01 2024",Delivered,Zomato Delivery,2km,"1 x Grilled Chicken Jamaican Tender, 1 x Bone in Peri Peri Grilled Chicken",,50% off upto Rs.100,745.0,32.25,100.0,0.0,0.0,0.0,677.25,,,,,,19.63,6.3,Correctly,,9060e811107b490c932f0ce2fa2acdf15a602641508897b807991600ef21c62e
20554001,Swaad,Greater Kailash 2 (GK2),Delhi NCR,6139878163,"05:43 PM, September 01 2024",Delivered,Zomato Delivery,5km,"1 x Fried Chicken Classic Tender, 1 x Fried Chicken Angara Tender, 2 x Salted Krispers",,Flat Rs.175 off,1278.0,55.15,175.0,0.0,0.0,0.0,1158.15,,,,,,20.57,11.1,Correctly,,9a5890f649f8670edc60d513c58eb3647a906f990f9adc077db545ac4ebbce9a
20554001,Swaad,Greater Kailash 2 (GK2),Delhi NCR,6135961731,"04:47 PM, September 01 2024",Delivered,Zomato Delivery,1km,"1 x Grilled Chicken Jamaican Tender, 1 x AAC Signature Krispers, 1 x Grilled Chicken Smoky BBQ Tangdi",,Flat Rs.175 off,974.0,39.95,175.0,0.0,0.0,0.0,838.95,,,,,,18.48,3.0,Correctly,,50569695e3aaca4181314ce31b62d403372d92fccc5f94b8b07f41d384597677
20554001,Swaad,Greater Kailash 2 (GK2),Delhi NCR,6128955784,"01:49 PM, September 01 2024",Delivered,Zomato Delivery,1km,"1 x Tipsy Tiger Ginger Ale, 1 x Bone in Jamaican Grilled Chicken, 1 x Indian Pico De-Gallo",,40% off upto Rs.80,764.05,34.2,80.0,0.0,0.0,0.0,718.25,,,,,,21.65,11.0,Correctly,,5291105b9e79228c4bbc4d5a2cc345cf5bb25898552fc8cdfc4b07ca66558568
20554001,Swaad,Greater Kailash 2 (GK2),Delhi NCR,6138152630,"12:24 PM, September 01 2024",Delivered,Zomato Delivery,1km,1 x Grilled Chicken Peri Peri Tangdi,,40% off upto Rs.80,515.0,21.75,80.0,0.0,0.0,0.0,456.75,,,,,,21.22,11.9,Correctly,,2de82505b264b66b3a5987a3691c0e93455142eb75d1fb4adffd4dea38b4abd6
20554001,Swaad,Greater Kailash 2 (GK2),Delhi NCR,6141450696,"03:24 AM, September 01 2024",Delivered,Zomato Delivery,2km,1 x AAC Saucy Fries,,50% off upto Rs.100,275.0,8.75,100.0,0.0,0.0,0.0,183.75,,,,,,15.03,0.4,Correctly,,adea3f8098399c14689fd03c44c7baa3963452a226e75be687aa68972e5ee77b
20635699,Aura Pizzas,Greater Kailash 2 (GK2),Delhi NCR,6168736994,"11:52 PM, September 10 2024",Delivered,Zomato Delivery,3km,"1 x Chilli Cheese Garlic Bread, 1 x Herbed Potato",,Flat Rs.150 off,527.0,20.75,112.0,0.0,0.0,0.0,435.75,,,,,,16.92,0.5,Correctly,,0b56e5f9f248b1ba05f0f1ce0c21d38a5423c8713940c464df484c8ca542bfa5
20635699,Aura Pizzas,Greater Kailash 2 (GK2),Delhi NCR,6170903653,"11:31 PM, September 10 2024",Delivered,Zomato Delivery,2km,1 x Bageecha Pizza,,,599.0,29.95,0.0,0.0,0.0,0.0,628.95,,,,,,10.47,0.6,Correctly,,d7a08c99cc511a052152c02cc1c3c41cd456388a741f049f0d6041953202de15
20635699,Aura Pizzas,Greater Kailash 2 (GK2),Delhi NCR,6170009130,"11:00 PM, September 10 2024",Delivered,Zomato Delivery,3km,1 x Cheesy Garlic Bread,,60% off upto Rs.120,239.0,7.0,99.0,0.0,0.0,0.0,147.0,,,,,,11.02,0.3,Correctly,,1fe5d1b3d7894660fca3621859e94c2fa99a173caee5bb929a564b74b1b6055f
20635699,Aura Pizzas,Greater Kailash 2 (GK2),Delhi NCR,6170168184,"10:34 PM, September 10 2024",Delivered,Zomato Delivery,2km,"1 x Chilli Cheese Garlic Bread, 1 x All About Chicken Pizza, 1 x Bageecha Pizza",,Flat Rs.200 off,1675.0,73.75,200.0,0.0,0.0,0.0,1548.75,,,,,,15.8,0.6,Correctly,,a2e22235ac5e96c34de866fca53257c533765f328cb0af62c11de281d771f1a4
20635699,Aura Pizzas,Greater Kailash 2 (GK2),Delhi NCR,6151451438,"10:27 PM, September 10 2024",Delivered,Zomato Delivery,5km,1 x All About Chicken Pizza,,Flat Rs.150 off,659.0,27.35,112.0,0.0,0.0,0.0,574.35,,,,,,13.2,6.5,Correctly,,3c9e2b9794c2410c8bc6104d71e821a7ee1a4400bd3aaca125ddf53054f6cbd3
20635699,Aura Pizzas,Greater Kailash 2 (GK2),Delhi NCR,6159343792,"08:50 PM, September 10 2024",Delivered,Zomato Delivery,4km,1 x Masala Paneer Pide,,50% off upto Rs.100,319.0,10.95,100.0,0.0,0.0,0.0,229.95,,,,,,12.75,2.3,Correctly,,8a09750d69b8dba8e9a04ae1896eca8f791b28211bcda883bbc373be2865f020
20635699,Aura Pizzas,Greater Kailash 2 (GK2),Delhi NCR,6170217857,"08:33 PM, September 10 2024",Delivered,Zomato Delivery,2km,1 x Grilled Tangdis,,50% off upto Rs.100,269.0,8.45,100.0,0.0,0.0,0.0,177.45,,,,,,14.27,12.4,Incorrectly,,643ca48aa7bb80d84d512e95fc3ff5f99d35ff7b9cd8e09977a49e1f9f44f68b
20635699,Aura Pizzas,Greater Kailash 2 (GK2),Delhi NCR,6169828720,"08:26 PM, September 10 2024",Delivered,Zomato Delivery,3km,"1 x Mushroom Pizza, 1 x Bageecha Pizza, 1 x Indian Masala Fries",,Flat Rs.200 off,1597.0,69.85,200.0,0.0,0.0,0.0,1466.85,,,,,,17.62,0.3,Correctly,,42a708f043bad0695a5899891f6b6c340658b5fece143bcd9e1a819a1e14cdae
20635699,Aura Pizzas,Greater Kailash 2 (GK2),Delhi NCR,6158730663,"08:14 PM, September 10 2024",Delivered,Zomato Delivery,4km,1 x Murgh Amritsari Garlic Bread,,60% off upto Rs.120,289.0,9.5,99.0,0.0,0.0,0.0,199.5,,,,,,11.33,0.2,Correctly,,c869a688c2068bb29892f5df69730074b4488204594dd593643c9ee59a442e2a
20635699,Aura Pizzas,Greater Kailash 2 (GK2),Delhi NCR,6168584321,"08:12 PM, September 10 2024",Delivered,Zomato Delivery,5km,"1 x Murgh Amritsari Seekh Melt, 1 x Jamaican Chicken Melt",,Flat Rs.200 off,958.0,37.9,200.0,0.0,0.0,0.0,795.9,,,,,,16.98,4.5,Correctly,,be56e3402940964479ec52de9c1c33c6eb82177a3b07707532de8331d82ce4dc
20635699,Aura Pizzas,Greater Kailash 2 (GK2),Delhi NCR,6161290353,"08:00 PM, September 10 2024",Delivered,Zomato Delivery,2km,1 x Peri Peri Paneer Pizza,,Flat Rs.150 off,579.0,23.35,112.0,0.0,0.0,0.0,490.35,,,,,,15.93,0.7,Correctly,,c55a7ca03b25eddf70bf366606890470740a65aab0a56b7eebd4c5582e00aa3d
20635699,Aura Pizzas,Greater Kailash 2 (GK2),Delhi NCR,6169133439,"04:18 PM, September 10 2024",Delivered,Zomato Delivery,2km,1 x Chilli Cheese Garlic Bread,,60% off upto Rs.120,259.0,8.0,99.0,0.0,0.0,0.0,168.0,,,,,,12.82,3.9,Correctly,,d9226986ea95fb086adf508c4d19a48357fdd5dc0a13c2ce559d7e547ef7e788
20635699,Aura Pizzas,Greater Kailash 2 (GK2),Delhi NCR,6160640802,"02:07 PM, September 10 2024",Delivered,Zomato Delivery,2km,"1 x Indian Masala Fries, 1 x Chilli Cheese Garlic Bread",,60% off upto Rs.120,448.0,17.45,99.0,0.0,0.0,0.0,366.45,,,,,,13.05,1.6,Correctly,,03f41549f3aea9d0027e85253ed7d6c01279e7dbd8068c53dc01f803a54e36cf
20635699,Aura Pizzas,Greater Kailash 2 (GK2),Delhi NCR,6169062392,"01:51 PM, September 10 2024",Delivered,Zomato Delivery,<1km,1 x Bageecha Pizza,,Flat Rs.150 off,599.0,24.35,112.0,0.0,0.0,0.0,511.35,,,,,,14.75,3.3,Correctly,,799f96d16f5893c9ca6608d513aad39c8230660139f8ac040a1e2df8108b059e
20635699,Aura Pizzas,Greater Kailash 2 (GK2),Delhi NCR,6161292989,"01:28 PM, September 10 2024",Delivered,Zomato Delivery,6km,1 x All About Chicken Pizza,,Flat Rs.150 off,659.0,27.35,112.0,0.0,0.0,0.0,574.35,,,,,,20.27,0.3,Correctly,,f5f1726b10d0f0b77441772f21d81b5dbc44ec439f87eadc1445c3d77e4831d7
20635699,Aura Pizzas,Greater Kailash 2 (GK2),Delhi NCR,6163530459,"12:19 PM, September 10 2024",Delivered,Zomato Delivery,2km,"1 x Masala Paneer Pide, 1 x Chilli Cheese Garlic Bread",,Flat Rs.150 off,578.0,23.3,112.0,0.0,0.0,0.0,489.3,,,,,,16.12,0.2,Correctly,,86659c7994e2c5277e9f4cfef2203920fb695c3a083028ce6e846b437f4fd6f5
20635699,Aura Pizzas,Greater Kailash 2 (GK2),Delhi NCR,6165257699,"12:15 PM, September 10 2024",Delivered,Zomato Delivery,4km,1 x Margherita Pizza,,Flat Rs.150 off,649.0,26.85,112.0,0.0,0.0,0.0,563.85,,,,,,15.28,8.8,Correctly,,6825cbb1581d6de66bcb7903c17c15a958ae68ec9d7e052bbf4cd0d3fa726f4d
20635699,Aura Pizzas,Greater Kailash 2 (GK2),Delhi NCR,6158682689,"02:30 AM, September 10 2024",Delivered,Zomato Delivery,9km,1 x Jamaican Chicken Melt,,50% off upto Rs.100,479.0,18.95,100.0,0.0,0.0,0.0,397.95,,,,,,16.75,0.5,Correctly,,ef95b509f5409894d074bfa658de14c486753c2a42815c1a60bfced9257c00c9
20635699,Aura Pizzas,Greater Kailash 2 (GK2),Delhi NCR,6168111876,"02:16 AM, September 10 2024",Delivered,Zomato Delivery,5km,"1 x Tripple Cheese Pizza, 1 x Makhani Paneer Pizza",,Flat Rs.200 off,1128.0,46.4,200.0,0.0,0.0,0.0,974.4,,,,,,18.87,0.6,Correctly,,6391ff057153f72213fce0cd34eda5813191d42ce5a8a9ce383b575a3a6b942f
20635699,Aura Pizzas,Greater Kailash 2 (GK2),Delhi NCR,6152764316,"02:13 AM, September 10 2024",Returned,Zomato Delivery,1km,1 x Murgh Amritsari Seekh Pide,,50% off upto Rs.100,409.0,15.45,100.0,0.0,0.0,0.0,324.45,,,Cancelled by Zomato,324.45,,10.78,0.3,Correctly,,753ddcb4d7c16dca99cf86b5f1f74875ec9c8f8fbfe9b1c2092d44573babb738
20635699,Aura Pizzas,Greater Kailash 2 (GK2),Delhi NCR,6164225680,"12:45 AM, September 10 2024",Delivered,Zomato Delivery,2km,1 x Mushroom Pizza,,Flat Rs.150 off,799.0,34.35,112.0,0.0,0.0,0.0,721.35,,,,,,13.17,0.4,Correctly,,abd857152d83566dc73985da63857b989d37c87cf037bb5112bae1541b6e7fb2
20635699,Aura Pizzas,Greater Kailash 2 (GK2),Delhi NCR,6166222213,"12:17 AM, September 10 2024",Delivered,Zomato Delivery,3km,1 x Tripple Cheese Pizza,,Flat Rs.150 off,798.0,34.3,112.0,0.0,0.0,0.0,720.3,,,,,,13.98,0.3,Correctly,,4075324501955e9843ad1a224ebc90a0fe6b9ed6011859c1a619e3fab6a9cb11
20635699,Aura Pizzas,Greater Kailash 2 (GK2),Delhi NCR,6167929031,"11:08 PM, September 09 2024",Delivered,Zomato Delivery,6km,1 x Masala Paneer Pide,,60% off upto Rs.120,319.0,11.0,99.0,0.0,0.0,0.0,231.0,,,,,,,2.6,Missed,,15cc9f7105972d5d538a7d528b08b2dc4471587f2d339aa29f7930a57391b3c2
20635699,Aura Pizzas,Greater Kailash 2 (GK2),Delhi NCR,6167293645,"10:04 PM, September 09 2024",Delivered,Zomato Delivery,3km,1 x Makhani Paneer Pizza,,,579.0,28.95,0.0,0.0,0.0,0.0,607.95,,,,,,13.57,4.0,Correctly,,897ea46f26fb26a693d3f6683b8482009e3328dd5ca204937eb42d43d3fcb0b1
20635699,Aura Pizzas,Greater Kailash 2 (GK2),Delhi NCR,6167708795,"09:17 PM, September 09 2024",Delivered,Zomato Delivery,2km,1 x Murgh Amritsari Garlic Bread,,50% off upto Rs.100,289.0,9.45,100.0,0.0,0.0,0.0,198.45,,,,,,8.47,6.8,Incorrectly,,222909b544680e8621aa806bc8f2f5d42eb23c5d5aceac56b7aab5b44d3c216d
20635699,Aura Pizzas,Greater Kailash 2 (GK2),Delhi NCR,6164335141,"08:27 PM, September 09 2024",Delivered,Zomato Delivery,6km,"1 x All About Chicken Pizza, 1 x Peri Peri Fries, 1 x Fried Chicken Strips",,Flat Rs.200 off,1297.0,54.85,200.0,0.0,0.0,0.0,1151.85,,,,,,24.32,4.0,Correctly,,435cd8ab7e1f1246ba82193d877bd9637ad1979fe7d384e81f251cf4bdbc6f2c
20635699,Aura Pizzas,Greater Kailash 2 (GK2),Delhi NCR,6162702576,"08:18 PM, September 09 2024",Delivered,Zomato Delivery,1km,"1 x Jamaican Chicken Melt, 1 x Cheesy Garlic Bread, 1 x All About Chicken Pizza",,Flat Rs.200 off,1577.0,68.85,200.0,0.0,0.0,0.0,1445.85,,,,,,20.08,4.4,Correctly,,6e30d31c4aab14194f981364beba98a31662a0c5632355b300bb22eb7380bff0
20635699,Aura Pizzas,Greater Kailash 2 (GK2),Delhi NCR,6158234196,"08:07 PM, September 09 2024",Delivered,Zomato Delivery,7km,"1 x Murgh Amritsari Seekh Pizza, 1 x Bageecha Pizza",,Flat Rs.200 off,1408.0,60.4,200.0,0.0,0.0,0.0,1268.4,,,,,,,0.5,Missed,,1eb3c03472f5d6d549486b8594fa2c608797aaafbf9f90423e73f45d81d1b3d2
20635699,Aura Pizzas,Greater Kailash 2 (GK2),Delhi NCR,6164968885,"07:10 PM, September 09 2024",Delivered,Zomato Delivery,5km,"1 x All About Chicken Pizza, 1 x Bageecha Pizza",,Flat Rs.200 off,1258.0,52.9,200.0,0.0,0.0,0.0,1110.9,,,,,,17.07,6.9,Correctly,,e5b7467ecb613fcd9368ed9d875fb558890c0595037a02f31fc557abfc2f576b
20635699,Aura Pizzas,Greater Kailash 2 (GK2),Delhi NCR,6162225866,"06:23 PM, September 09 2024",Delivered,Zomato Delivery,1km,1 x Masala Paneer Pide,,60% off upto Rs.120,319.0,11.0,99.0,0.0,0.0,0.0,231.0,,,,,,12.27,3.5,Correctly,,9691667ba079b6232ab0fccf00424f9a32aef1ef5e9f505a4a4ce563e1f9d36c
20635699,Aura Pizzas,Greater Kailash 2 (GK2),Delhi NCR,6163713945,"03:58 PM, September 09 2024",Delivered,Zomato Delivery,4km,"1 x Fried Chicken Strips, 1 x Chilli Cheese Garlic Bread",,Flat Rs.150 off,508.0,19.8,112.0,0.0,0.0,0.0,415.8,5.0,,,,,19.3,0.9,Correctly,,a93f4047e11432d578a79d0fe5b92a9b7276664b8e6d12bbf67100e6e93b1b7a
20635699,Aura Pizzas,Greater Kailash 2 (GK2),Delhi NCR,6165158289,"02:07 PM, September 09 2024",Delivered,Zomato Delivery,4km,1 x Makhani Paneer Pizza,,Flat Rs.150 off,579.0,23.35,112.0,0.0,0.0,0.0,490.35,,,,,,16.08,0.3,Correctly,,e934c13f4d340449f14f3c3b3c7f2b12dbc0b214ac6988dc03005fab93ebd969
20635699,Aura Pizzas,Greater Kailash 2 (GK2),Delhi NCR,6164234926,"12:15 PM, September 09 2024",Delivered,Zomato Delivery,9km,"1 x Murgh Amritsari Seekh Pide, 1 x Iced Green Tea - Peach",,Flat Rs.150 off,503.24,20.21,99.0,0.0,0.0,0.0,424.45,,,,,,12.68,2.1,Correctly,,d150590c5cf548f548d53d4b024c58f3a1c0f1cc3720eb5c42e9cb448c86bebe
20635699,Aura Pizzas,Greater Kailash 2 (GK2),Delhi NCR,6161935858,"11:02 AM, September 09 2024",Delivered,Zomato Delivery,3km,1 x Herbed Potato,,60% off upto Rs.120,268.0,8.45,99.0,0.0,0.0,0.0,177.45,,,,,,29.97,13.4,Correctly,,0b56e5f9f248b1ba05f0f1ce0c21d38a5423c8713940c464df484c8ca542bfa5
20635699,Aura Pizzas,Greater Kailash 2 (GK2),Delhi NCR,6165088077,"03:52 AM, September 09 2024",Delivered,Zomato Delivery,7km,3 x Grilled Tangdis,,Flat Rs.150 off,807.0,34.75,112.0,0.0,0.0,0.0,729.75,,,,,,15.1,0.7,Correctly,,9cc071491f73919df9fda37fc89f12f60593259a404c2e477491c0d40dd969dc
20635699,Aura Pizzas,Greater Kailash 2 (GK2),Delhi NCR,6162143361,"03:41 AM, September 09 2024",Delivered,Zomato Delivery,1km,"1 x Tripple Cheese Pizza, 1 x Salted Fries",Order: extra crispy fries and add garlic aioli please,Flat Rs.150 off,718.0,30.3,112.0,0.0,0.0,0.0,636.3,,,,,,13.53,7.5,Correctly,,2317fe05af157af1dd1f93803602c50a5f04096150f55e2cbd9256d16f921618
20635699,Aura Pizzas,Greater Kailash 2 (GK2),Delhi NCR,6159787348,"01:33 AM, September 09 2024",Delivered,Zomato Delivery,5km,1 x Murgh Amritsari Seekh Pizza,,,689.0,34.45,0.0,0.0,0.0,0.0,723.45,,,,,,11.57,0.5,Correctly,,3be441f10640baf73b6d7be7cc030bb13256d53a290468c884f503521004089b
20635699,Aura Pizzas,Greater Kailash 2 (GK2),Delhi NCR,6163786461,"01:26 AM, September 09 2024",Delivered,Zomato Delivery,1km,1 x Chilli Cheese Garlic Bread,,50% off upto Rs.100,319.0,10.95,100.0,0.0,0.0,0.0,229.95,,,,,,10.83,0.4,Correctly,,b11395a15bcf9221c08380e5113054a1902ab429676e8033a1be89fcc9224263
20635699,Aura Pizzas,Greater Kailash 2 (GK2),Delhi NCR,6152361356,"10:54 PM, September 08 2024",Delivered,Zomato Delivery,3km,"1 x Cheesy Garlic Bread, 1 x Tipsy Tiger Fresh Lime Soda, 1 x Herbed Potato",,Flat Rs.150 off,685.05,28.65,112.0,0.0,0.0,0.0,601.7,,,,,,15.23,7.0,Correctly,,0b56e5f9f248b1ba05f0f1ce0c21d38a5423c8713940c464df484c8ca542bfa5
20635699,Aura Pizzas,Greater Kailash 2 (GK2),Delhi NCR,6163435728,"10:30 PM, September 08 2024",Delivered,Zomato Delivery,1km,1 x Jamaican Chicken Melt,,60% off upto Rs.120,479.0,19.0,99.0,0.0,0.0,0.0,399.0,,,,,,11.83,0.3,Correctly,,64a6fc8ee311b78b32986867500a1e1cc6756e798031506aa71b047f14edb84d
20635699,Aura Pizzas,Greater Kailash 2 (GK2),Delhi NCR,6165628053,"10:03 PM, September 08 2024",Delivered,Zomato Delivery,4km,1 x Chilli Cheese Garlic Bread,,60% off upto Rs.120,259.0,8.0,99.0,0.0,0.0,0.0,168.0,,,,,,17.12,5.2,Correctly,,e74b072e8ed0d3a648625c9c0fd7428208fa11b0e1b1033bc009644ce9f014b2
20635699,Aura Pizzas,Greater Kailash 2 (GK2),Delhi NCR,6163731946,"09:08 PM, September 08 2024",Delivered,Zomato Delivery,6km,"1 x Tipsy Tiger Ginger Ale, 1 x Jamaican Chicken Melt",,60% off upto Rs.120,598.05,24.95,99.0,0.0,0.0,0.0,524.0,,,,,,23.1,11.4,Correctly,,ea0fa031bf54380e0341c549c89e4b5622a343d29fe05d9f575ab7bee598895f
20635699,Aura Pizzas,Greater Kailash 2 (GK2),Delhi NCR,6150192890,"08:28 PM, September 08 2024",Delivered,Zomato Delivery,2km,1 x Murgh Amritsari Seekh Melt,,Flat Rs.150 off,558.0,22.3,112.0,0.0,0.0,0.0,468.3,,,,,,15.1,1.1,Correctly,,829f447c5d106f7dc90438f49850851f728bd9a47fb0c0e15ddc16fe7710e8a4
20635699,Aura Pizzas,Greater Kailash 2 (GK2),Delhi NCR,6163537755,"08:24 PM, September 08 2024",Delivered,Zomato Delivery,2km,"1 x Chilli Cheese Garlic Bread, 1 x Makhani Paneer Pizza",,Flat Rs.150 off,838.0,36.3,112.0,0.0,0.0,0.0,762.3,,,,,,16.17,0.6,Correctly,,9dbceafd1e7e4021a3c48b37e70d2fd1e5f528ad4e2ce15a91d5e6af19c68dc5
20635699,Aura Pizzas,Greater Kailash 2 (GK2),Delhi NCR,6162421877,"08:17 PM, September 08 2024",Delivered,Zomato Delivery,4km,1 x Murgh Amritsari Garlic Bread,,60% off upto Rs.120,289.0,9.5,99.0,0.0,0.0,0.0,199.5,,,,,,9.98,0.5,Correctly,,c869a688c2068bb29892f5df69730074b4488204594dd593643c9ee59a442e2a
20635699,Aura Pizzas,Greater Kailash 2 (GK2),Delhi NCR,6159609490,"08:08 PM, September 08 2024",Delivered,Zomato Delivery,1km,1 x Mushroom Pizza,,Flat Rs.150 off,688.0,28.8,112.0,0.0,0.0,0.0,604.8,,,,,,16.25,7.9,Correctly,,1c26e638d4a40a784def215a1f4a6f0f55d2b73c4a43d8200172b8420dcbc22b
20635699,Aura Pizzas,Greater Kailash 2 (GK2),Delhi NCR,6153398838,"08:05 PM, September 08 2024",Delivered,Zomato Delivery,6km,"1 x Peri Peri Fries, 1 x Peri Peri Paneer Melt",,Flat Rs.150 off,648.0,26.8,112.0,0.0,0.0,0.0,562.8,,,,,,19.18,0.7,Correctly,,0e2f3f519226875b1bbc7b162eef5759616579122d668e9d4ef7af555ebc2fcf
20635699,Aura Pizzas,Greater Kailash 2 (GK2),Delhi NCR,6153743517,"07:59 PM, September 08 2024",Delivered,Zomato Delivery,3km,"1 x Bageecha Pizza, 1 x Herbed Potato",,Flat Rs.150 off,747.0,31.75,112.0,0.0,0.0,0.0,666.75,,,,,,21.7,4.0,Correctly,,c77293aeeef634f6cbeeae00f474fe062d8cd52e004bf6b8260415a954190c7b
20635699,Aura Pizzas,Greater Kailash 2 (GK2),Delhi NCR,6164932139,"07:51 PM, September 08 2024",Delivered,Zomato Delivery,8km,"1 x Murgh Amritsari Garlic Bread, 1 x Peri Peri Fries, 1 x Chicken Pepperoni Pizza",,Flat Rs.200 off,1287.0,54.35,200.0,0.0,0.0,0.0,1141.35,5.0,,,,,12.05,2.4,Correctly,,8d4e75110ac9e8e942aff3026100b9c7f210d6bf6228c64e85103ee5582bb984
20635699,Aura Pizzas,Greater Kailash 2 (GK2),Delhi NCR,6157234824,"07:34 PM, September 08 2024",Delivered,Zomato Delivery,2km,"1 x Chilli Cheese Garlic Bread, 1 x Makhani Paneer Pizza",,Flat Rs.150 off,838.0,36.3,112.0,0.0,0.0,0.0,762.3,,,,,,14.77,1.5,Correctly,,435dea3ed27eca3addfffc1bdc0630038b24ac7b6a839c3e2ace08079b1f39f1
20635699,Aura Pizzas,Greater Kailash 2 (GK2),Delhi NCR,6163072697,"07:31 PM, September 08 2024",Delivered,Zomato Delivery,2km,1 x Just Pepperoni Pizza,,Flat Rs.150 off,649.0,26.85,112.0,0.0,0.0,0.0,563.85,,,,,,10.2,3.4,Correctly,,84f6acda86ae9cc9a631a472e8182e23e8d45e060773ca9ec0d9696b3e5c42ee
20635699,Aura Pizzas,Greater Kailash 2 (GK2),Delhi NCR,6162500077,"06:39 PM, September 08 2024",Delivered,Zomato Delivery,2km,"1 x Murgh Amritsari Seekh Pizza, 1 x Margherita Pizza, 1 x Indian Pico De-Gallo",,Flat Rs.200 off,1148.0,47.4,200.0,0.0,0.0,0.0,995.4,5.0,,,,,28.22,13.9,Correctly,,f75dc25650f8c420b704f504ec4e937537c5188d0c54c82ecc39aa4a7c62c92d
20635699,Aura Pizzas,Greater Kailash 2 (GK2),Delhi NCR,6161120321,"06:31 PM, September 08 2024",Delivered,Zomato Delivery,1km,1 x Makhani Paneer Pizza,Order: Please prepare in White sauce without onion without garlic,Flat Rs.150 off,579.0,23.35,112.0,0.0,0.0,0.0,490.35,5.0,,,,,24.43,15.2,Correctly,,d41fe3b29b2bc0b30bfa06f3a7cf07fcf57001e39a9ddda45211af0989b8f0e5
20635699,Aura Pizzas,Greater Kailash 2 (GK2),Delhi NCR,6161838041,"06:25 PM, September 08 2024",Delivered,Zomato Delivery,6km,1 x Chilli Cheese Garlic Bread,,60% off upto Rs.120,259.0,8.0,99.0,0.0,0.0,0.0,168.0,,,,,,14.23,1.3,Correctly,,be771a7c86f666ab5bfd2af8582d09076c15118e59746bdec08faeabcbb321c4
20635699,Aura Pizzas,Greater Kailash 2 (GK2),Delhi NCR,6163568531,"06:09 PM, September 08 2024",Delivered,Zomato Delivery,2km,1 x Murgh Amritsari Garlic Bread,,60% off upto Rs.120,289.0,9.5,99.0,0.0,0.0,0.0,199.5,,,,,,9.95,2.5,Correctly,,0c1b4b418a8ea8b875f51b8e8c9d246a981cce89abda960666e1a1c6dc6d144a
20635699,Aura Pizzas,Greater Kailash 2 (GK2),Delhi NCR,6164360070,"05:57 PM, September 08 2024",Delivered,Zomato Delivery,3km,"2 x Herbed Potato, 1 x Bageecha Pizza",,Flat Rs.200 off,1095.0,44.75,200.0,0.0,0.0,0.0,939.75,,,,,,21.85,17.5,Correctly,,0ed3d424acf806fd8354f4c9e8c0c5afb70ff401aee166d9e0811e5862330470
20635699,Aura Pizzas,Greater Kailash 2 (GK2),Delhi NCR,6163932883,"04:45 PM, September 08 2024",Delivered,Zomato Delivery,3km,"1 x OG Cheese Pide, 1 x Salted Fries",,60% off upto Rs.120,518.0,20.95,99.0,0.0,0.0,0.0,439.95,,,,,,12.63,4.7,Correctly,,dddb952da69e7b3afd8028e97b9ca20327c0563e22865f5acfdc7227e2e364a6
20635699,Aura Pizzas,Greater Kailash 2 (GK2),Delhi NCR,6162114647,"04:32 PM, September 08 2024",Delivered,Zomato Delivery,3km,2 x Cheesy Garlic Bread,,60% off upto Rs.120,478.0,18.95,99.0,0.0,0.0,0.0,397.95,,,,,,10.52,0.3,Correctly,,b64eade2d814bda0a3b16234e44400a4a9c0c44e5d6738a42e9e3c62b3d25723
20635699,Aura Pizzas,Greater Kailash 2 (GK2),Delhi NCR,6157982087,"04:05 PM, September 08 2024",Delivered,Zomato Delivery,1km,1 x Mushroom Mozzarella Melt,,60% off upto Rs.120,449.0,17.5,99.0,0.0,0.0,0.0,367.5,,,,,,13.9,9.0,Correctly,,69120768eecbbf039ca8f1c77301470fffa6f662fe70630a7562c87011642be3
20635699,Aura Pizzas,Greater Kailash 2 (GK2),Delhi NCR,6161349041,"03:45 PM, September 08 2024",Delivered,Zomato Delivery,3km,1 x Peri Peri Grilled Chicken Pizza,,Flat Rs.150 off,829.0,35.85,112.0,0.0,0.0,0.0,752.85,,,,,,21.27,11.0,Correctly,,8d23e84b040f14ee7c4f026f246d57edee7ec1db400a48ac0032bb2e54a31b3f
20635699,Aura Pizzas,Greater Kailash 2 (GK2),Delhi NCR,6162130162,"01:56 PM, September 08 2024",Delivered,Zomato Delivery,8km,"1 x Chilli Cheese Garlic Bread, 1 x Peri Peri Fries",,60% off upto Rs.120,448.0,17.45,99.0,0.0,0.0,0.0,366.45,,,,,,14.6,3.6,Correctly,,bf3a6e292e4e4c45b4b309b811b86a636689ba520a7997601b42fdb6618aa684
20635699,Aura Pizzas,Greater Kailash 2 (GK2),Delhi NCR,6159844875,"11:33 AM, September 08 2024",Delivered,Zomato Delivery,5km,"1 x Mushroom Pizza, 1 x Bageecha Pizza, 1 x Masala Potato Pide",,Flat Rs.200 off,1897.0,84.85,200.0,0.0,0.0,0.0,1781.85,,,,,,22.28,8.5,Correctly,,7949304430c57e3c166ec2da06e852846c61834c91212c5fcc00bf89a00a3dcf
20635699,Aura Pizzas,Greater Kailash 2 (GK2),Delhi NCR,6160912592,"03:05 AM, September 08 2024",Delivered,Zomato Delivery,1km,1 x All About Chicken Pizza,,Flat Rs.150 off,659.0,27.35,112.0,0.0,0.0,0.0,574.35,,,,,,8.88,0.5,Correctly,,1c26e638d4a40a784def215a1f4a6f0f55d2b73c4a43d8200172b8420dcbc22b
20635699,Aura Pizzas,Greater Kailash 2 (GK2),Delhi NCR,6158003495,"02:53 AM, September 08 2024",Delivered,Zomato Delivery,3km,1 x Bellpepper Onion Pizza,,Flat Rs.150 off,579.0,23.35,112.0,0.0,0.0,0.0,490.35,,,,,,11.87,0.5,Correctly,,51e71420509570ebf1c2895e56a6e69dfa42c44c298196da11f61bb46ced8847
20635699,Aura Pizzas,Greater Kailash 2 (GK2),Delhi NCR,6156009900,"02:46 AM, September 08 2024",Delivered,Zomato Delivery,1km,1 x Chilli Cheese Garlic Bread,,,319.0,15.95,0.0,0.0,0.0,0.0,334.95,,,,,,12.25,0.2,Correctly,,34c890fd88537d83fb2667b48eab6d7315a4c8823f1297518412dd1aaef28c43
20635699,Aura Pizzas,Greater Kailash 2 (GK2),Delhi NCR,6162378187,"01:33 AM, September 08 2024",Delivered,Zomato Delivery,2km,1 x All About Chicken Pizza,,Flat Rs.150 off,659.0,27.35,112.0,0.0,0.0,0.0,574.35,,,,,,12.42,0.3,Correctly,,9319dea5a44efe622f3629170de83775175a5b687fe0acac8629931cb7eb3dd0
20635699,Aura Pizzas,Greater Kailash 2 (GK2),Delhi NCR,6156049391,"12:34 AM, September 08 2024",Delivered,Zomato Delivery,1km,1 x Murgh Amritsari Seekh Pizza,,Flat Rs.150 off,629.0,25.85,112.0,0.0,0.0,0.0,542.85,,,,,,11.3,0.2,Correctly,,8320f66b73f6a3bc8e9bdb1717d3604d9bab5203ff2e8e4eed94cb84ee1069db
20635699,Aura Pizzas,Greater Kailash 2 (GK2),Delhi NCR,6157747165,"12:07 AM, September 08 2024",Delivered,Zomato Delivery,4km,"1 x Harisa Mayo, 1 x Cheesy Garlic Bread, 1 x Peri Peri Chicken Melt, 1 x Garlic Aioli, 1 x Murgh Amritsari Seekh Melt, 1 x Margherita Pizza",,,2035.0,101.75,0.0,0.0,0.0,0.0,2136.75,,,,,,21.02,8.1,Incorrectly,,24a824a92aeeb1bd31258878f8fa1d20e166001cb08da2ab5aaf55011169478e
20635699,Aura Pizzas,Greater Kailash 2 (GK2),Delhi NCR,6139963784,"11:38 PM, September 07 2024",Delivered,Zomato Delivery,4km,"1 x Harisa Mayo, 1 x Jamaican Chicken Melt",,Flat Rs.150 off,598.0,24.3,112.0,0.0,0.0,0.0,510.3,,,,,,12.02,0.7,Correctly,,e6558c4084255ba59f8530a5f6c9ec7bdb912ef2aed90401fca040f4f3c983e0
20635699,Aura Pizzas,Greater Kailash 2 (GK2),Delhi NCR,6143626220,"11:18 PM, September 07 2024",Delivered,Zomato Delivery,7km,1 x All About Chicken Pizza,,Flat Rs.150 off,659.0,27.35,112.0,0.0,0.0,0.0,574.35,,,,,,15.0,0.7,Correctly,,f2acfc929708cd9b146e02177e9c4ef895a622219093f12b06e42ffca733c5c6
20635699,Aura Pizzas,Greater Kailash 2 (GK2),Delhi NCR,6158748811,"11:08 PM, September 07 2024",Delivered,Zomato Delivery,1km,1 x Chilli Cheese Garlic Bread,Order: Please add extra vegetables. Thanks.,60% off upto Rs.120,259.0,8.0,99.0,0.0,0.0,0.0,168.0,,,,,,17.53,0.4,Correctly,,3d670c6bf87611a63af3118e63eb024593b18b8c54fe466e2810067d0a0059a5
20635699,Aura Pizzas,Greater Kailash 2 (GK2),Delhi NCR,6161077783,"11:07 PM, September 07 2024",Delivered,Zomato Delivery,5km,"1 x Bageecha Pizza, 1 x Herbed Potato",,Flat Rs.150 off,747.0,31.75,112.0,0.0,0.0,0.0,666.75,,,,,,18.17,0.5,Correctly,,045ee7ff707e339c00876df349e7a58a622653c84267138b008bdd551130aca1
20635699,Aura Pizzas,Greater Kailash 2 (GK2),Delhi NCR,6160956171,"09:56 PM, September 07 2024",Delivered,Zomato Delivery,2km,"1 x Chilli Cheese Garlic Bread, 1 x Bageecha Pizza",,Flat Rs.200 off,1058.0,42.9,200.0,0.0,0.0,0.0,900.9,,,,,,20.8,11.7,Correctly,,e92c9d241fd2c6cc4eac82c270d01ff0373451c1ede52b2aaa55811a9fe5517a
20635699,Aura Pizzas,Greater Kailash 2 (GK2),Delhi NCR,6160159038,"09:43 PM, September 07 2024",Delivered,Zomato Delivery,9km,1 x Jamaican Chicken Melt,,,479.0,23.95,0.0,0.0,0.0,0.0,502.95,,,,,,16.8,2.5,Correctly,,531f817f712646ba9247ad12b6168f04db6ce9b36363db4c02157967b9eedfc6
20635699,Aura Pizzas,Greater Kailash 2 (GK2),Delhi NCR,6161238086,"09:14 PM, September 07 2024",Delivered,Zomato Delivery,<1km,"1 x Herbed Potato, 1 x Just Pepperoni Pizza",,Flat Rs.150 off,797.0,34.25,112.0,0.0,0.0,0.0,719.25,,,,,,16.27,4.5,Correctly,,1bb71cb97a70a6981195398db8be1e3a01e1951553359c6164a39d2441bfa290
20635699,Aura Pizzas,Greater Kailash 2 (GK2),Delhi NCR,6145516320,"08:59 PM, September 07 2024",Delivered,Zomato Delivery,1km,"1 x Cheesy Garlic Bread, 1 x Bageecha Pizza",,Flat Rs.200 off,1038.0,41.9,200.0,0.0,0.0,0.0,879.9,,,,,,30.22,5.0,Correctly,,4946a7aeb4086304724cdcc6c80c7a840ba99f6276770fcc9e5593f059d69699
20635699,Aura Pizzas,Greater Kailash 2 (GK2),Delhi NCR,6160610514,"08:48 PM, September 07 2024",Delivered,Zomato Delivery,2km,"1 x Bageecha Pizza, 1 x Cheesy Garlic Bread, 1 x Peri Peri Grilled Chicken Pizza",,Flat Rs.200 off,1457.0,62.85,200.0,0.0,0.0,0.0,1319.85,,,,,,20.52,0.6,Correctly,,a3730a7942438ceacf0e98487ea2dc2ab9b60046ff8399f253eff01fdece9b91
20635699,Aura Pizzas,Greater Kailash 2 (GK2),Delhi NCR,6151952607,"08:37 PM, September 07 2024",Delivered,Zomato Delivery,3km,"1 x Grilled Tangdis, 1 x Peri Peri Fries, 1 x Herbed Potato, 1 x All About Chicken Pizza",,Flat Rs.200 off,1385.0,59.25,200.0,0.0,0.0,0.0,1244.25,,,,,,27.42,0.7,Correctly,,7fdc73035712fcf5135ba59528cb77a6f1764633f78c17bd195123b8ee089b70
20635699,Aura Pizzas,Greater Kailash 2 (GK2),Delhi NCR,6159863804,"08:29 PM, September 07 2024",Delivered,Zomato Delivery,1km,1 x Bageecha Pizza,,Flat Rs.150 off,799.0,34.35,112.0,0.0,0.0,0.0,721.35,,,,,,17.38,2.4,Correctly,,759cf7df0ffea54864fd8f6b1f0f3a7d827527f05f5f62d842510b57de97ff5e
20635699,Aura Pizzas,Greater Kailash 2 (GK2),Delhi NCR,6160176733,"08:19 PM, September 07 2024",Delivered,Zomato Delivery,4km,"1 x Tipsy Tiger Fresh Lime Soda, 2 x Tipsy Tiger Ginger Ale, 1 x Desi Pepperoni Pizza",,,1016.15,50.81,0.0,0.0,0.0,0.0,1066.96,,,,,,20.32,7.9,Correctly,,60c15615aac8c2f3ca6fa25673a4fea90a725866f601e84a94508b3807d66f52
20635699,Aura Pizzas,Greater Kailash 2 (GK2),Delhi NCR,6160402762,"08:19 PM, September 07 2024",Delivered,Zomato Delivery,1km,1 x Peanut Butter Chocolate Pide,,50% off upto Rs.100,299.0,9.95,100.0,0.0,0.0,0.0,208.95,,,,,,15.15,4.6,Correctly,,dc022aa305ab152682a7f951a5876254bbc5c34824a5a91644db369bfc52caa9
20635699,Aura Pizzas,Greater Kailash 2 (GK2),Delhi NCR,6157085800,"07:49 PM, September 07 2024",Delivered,Zomato Delivery,2km,"1 x Bageecha Pizza, 1 x Chilli Cheese Garlic Bread",,Flat Rs.150 off,858.0,37.3,112.0,0.0,0.0,0.0,783.3,,,,,,16.72,0.2,Correctly,,a1eae38b7b1f39c29e9da18956a6dcd619f64671ad128bc8cce750374faa4c49
20635699,Aura Pizzas,Greater Kailash 2 (GK2),Delhi NCR,6158822918,"07:37 PM, September 07 2024",Delivered,Zomato Delivery,1km,"1 x Just Pepperoni Pizza, 2 x Grilled Tangdis, 1 x Bageecha Pizza",,,1786.0,89.3,0.0,0.0,0.0,0.0,1875.3,,,,,,22.33,0.6,Correctly,,6574d337013b7dfab485b5d4744930756ec4b7c618ff4147611b07e45d22f5b7
20635699,Aura Pizzas,Greater Kailash 2 (GK2),Delhi NCR,6159422877,"07:34 PM, September 07 2024",Delivered,Zomato Delivery,5km,1 x Masala Paneer Pide,,,319.0,15.95,0.0,0.0,0.0,0.0,334.95,,,,,,12.27,0.7,Correctly,,9f16d5b1d03e97061c79360172172f5bd953189aba4f37968f13db26009709f2
20635699,Aura Pizzas,Greater Kailash 2 (GK2),Delhi NCR,6160857594,"07:18 PM, September 07 2024",Delivered,Zomato Delivery,<1km,"1 x Herbed Potato, 1 x Garlic Aioli",,,208.0,10.4,0.0,0.0,0.0,0.0,218.4,,,,,,24.8,4.2,Correctly,,43405084a59028be62b81051897986f7d5a3722dfb4ad9a63a9b07233c2e8963
20635699,Aura Pizzas,Greater Kailash 2 (GK2),Delhi NCR,6157651604,"07:15 PM, September 07 2024",Delivered,Zomato Delivery,<1km,1 x Herbed Potato,,60% off upto Rs.120,208.0,5.45,99.0,0.0,0.0,0.0,114.45,,,,,,21.13,7.3,Correctly,,3f94f1406950605e24b209ea185dd3f6ac783644f7681b2e12c6a733252a2fbe
20635699,Aura Pizzas,Greater Kailash 2 (GK2),Delhi NCR,6157507031,"07:01 PM, September 07 2024",Delivered,Zomato Delivery,<1km,"1 x Murgh Amritsari Garlic Bread, 1 x Malai Gud Pide",,Flat Rs.150 off,548.0,21.8,112.0,0.0,0.0,0.0,457.8,,,,,,17.85,0.4,Correctly,,43405084a59028be62b81051897986f7d5a3722dfb4ad9a63a9b07233c2e8963
20635699,Aura Pizzas,Greater Kailash 2 (GK2),Delhi NCR,6159262449,"06:54 PM, September 07 2024",Delivered,Zomato Delivery,5km,1 x Bageecha Pizza,,Flat Rs.150 off,678.0,28.3,112.0,0.0,0.0,0.0,594.3,,,,,,13.83,6.3,Incorrectly,,c5e7feb09489face525bf313abb3e7c291513b8bc1189776c9221cc045bcefb8
20635699,Aura Pizzas,Greater Kailash 2 (GK2),Delhi NCR,6157822311,"06:46 PM, September 07 2024",Delivered,Zomato Delivery,4km,"1 x Cheesy Garlic Bread, 1 x Murgh Amritsari Seekh Pide, 1 x OG Cheese Pide, 1 x Garlic Aioli",,Flat Rs.200 off,997.0,39.85,200.0,0.0,0.0,0.0,836.85,,,,,,18.77,1.8,Correctly,,d7b59691627a2d2c3e663c6fbc4922d7887b4d38afa312ac5a7042b93ba59834
20635699,Aura Pizzas,Greater Kailash 2 (GK2),Delhi NCR,6160160573,"06:43 PM, September 07 2024",Delivered,Zomato Delivery,3km,"1 x Bageecha Pizza, 1 x All About Chicken Pizza",,Flat Rs.200 off,1258.0,52.9,200.0,0.0,0.0,0.0,1110.9,,,,,,15.83,0.4,Correctly,,257060b0341d212eff456957c4a6d0a1475c361f14d89cf4d96e5a1c11957bb9
20635699,Aura Pizzas,Greater Kailash 2 (GK2),Delhi NCR,6160282637,"06:39 PM, September 07 2024",Delivered,Zomato Delivery,1km,1 x Chilli Cheese Garlic Bread,,,259.0,12.95,0.0,0.0,0.0,0.0,271.95,,,,,,9.82,0.2,Correctly,,883f60cb8816021134b0a3a253035242d983fdc19201f6ce5749ef819c50e416
20635699,Aura Pizzas,Greater Kailash 2 (GK2),Delhi NCR,6147219186,"06:26 PM, September 07 2024",Delivered,Zomato Delivery,1km,1 x Chilli Cheese Garlic Bread,,,259.0,12.95,0.0,0.0,0.0,0.0,271.95,,,,,,10.42,0.3,Correctly,,883f60cb8816021134b0a3a253035242d983fdc19201f6ce5749ef819c50e416
20635699,Aura Pizzas,Greater Kailash 2 (GK2),Delhi NCR,6160284363,"06:19 PM, September 07 2024",Delivered,Zomato Delivery,6km,1 x Margherita Pizza,Order: please provide cutlery,Flat Rs.150 off,649.0,26.85,112.0,0.0,0.0,0.0,563.85,,,,,,11.03,2.3,Correctly,,fcd37993d5ed08196296d7c96705aeef12e04a5f16637484ba09b246e70a6e58
20635699,Aura Pizzas,Greater Kailash 2 (GK2),Delhi NCR,6155146926,"05:25 PM, September 07 2024",Delivered,Zomato Delivery,3km,"1 x Chilli Cheese Garlic Bread, 1 x Indian Masala Fries",,60% off upto Rs.120,448.0,17.45,99.0,0.0,0.0,0.0,366.45,,,,,,13.0,0.6,Correctly,,3b6052a7fb7c32d957ddd8fcff01ffedae696b4730da505fada4c1593d1e83ca
20635699,Aura Pizzas,Greater Kailash 2 (GK2),Delhi NCR,6155678531,"05:00 PM, September 07 2024",Delivered,Zomato Delivery,<1km,1 x All About Chicken Pizza,,Flat Rs.150 off,659.0,27.35,112.0,0.0,0.0,0.0,574.35,,,,,,18.42,3.8,Correctly,,96120d4fc6386707eeebea82c753208c044d1bbc5fdecb7375ee7fe7203f5524
20635699,Aura Pizzas,Greater Kailash 2 (GK2),Delhi NCR,6159019205,"03:04 PM, September 07 2024",Delivered,Zomato Delivery,1km,1 x Murgh Amritsari Seekh Pide,,60% off upto Rs.120,349.0,12.5,99.0,0.0,0.0,0.0,262.5,,,,,,11.45,1.2,Correctly,,4287ad9cbdff626d184a012148fcf840d02a9826fb3e984d41d0b984ba73108a
20635699,Aura Pizzas,Greater Kailash 2 (GK2),Delhi NCR,6159463353,"01:47 PM, September 07 2024",Delivered,Zomato Delivery,5km,1 x Chilli Cheese Garlic Bread,,60% off upto Rs.120,259.0,8.0,99.0,0.0,0.0,0.0,168.0,,,,,,19.43,9.1,Correctly,,17ec135ea580e505f3be8dd9bde7fd38febe122b3cc7b3ea895526139834a841
20635699,Aura Pizzas,Greater Kailash 2 (GK2),Delhi NCR,6160121918,"01:44 PM, September 07 2024",Delivered,Zomato Delivery,4km,1 x Peri Peri Paneer Pizza,,Flat Rs.150 off,579.0,23.35,112.0,0.0,0.0,0.0,490.35,,,,,,19.22,5.9,Correctly,,0101f0cfc46cfc9dfbf9903a8d8aa069eb4481991cf9379675a37059dbd7a961
20635699,Aura Pizzas,Greater Kailash 2 (GK2),Delhi NCR,6156920829,"01:38 PM, September 07 2024",Delivered,Zomato Delivery,4km,"2 x Peri Peri Paneer Pizza, 2 x Bageecha Pizza",,Flat Rs.200 off,2356.0,107.8,200.0,0.0,0.0,0.0,2263.8,,,,,,24.13,7.1,Incorrectly,,583c07607510e6a97c72dc3d6d011f44c774129581da5d1fdf0b799c1c81d912
20635699,Aura Pizzas,Greater Kailash 2 (GK2),Delhi NCR,6158214237,"12:23 PM, September 07 2024",Delivered,Zomato Delivery,2km,"1 x Chilli Cheese Garlic Bread, 1 x Cheesy Garlic Bread, 1 x Peri Peri Paneer Pizza, 1 x Bellpepper Onion Pizza, 1 x Tripple Cheese Pizza, 1 x All About Chicken Pizza",,Buy 1 Get 1 - ₹1367.00,1497.0,74.85,0.0,0.0,0.0,0.0,1571.85,,,,,,29.78,14.3,Correctly,,2779580bc8208d2ff13bac731b9d3541149942a4dee7558c5aa6ba0cee0e1972
20635699,Aura Pizzas,Greater Kailash 2 (GK2),Delhi NCR,6159925862,"12:23 PM, September 07 2024",Delivered,Zomato Delivery,1km,2 x Salted Fries,Order: Not spicy only with salt,Buy 1 Get 1 - ₹169.00,169.0,8.45,0.0,0.0,0.0,0.0,177.45,5.0,,,,,16.98,12.7,Correctly,,968b7bbb32d31133f1c99ae97f3251bb9f73ec6dd992c458625ffaf65e9e10fb
20635699,Aura Pizzas,Greater Kailash 2 (GK2),Delhi NCR,6159401629,"03:16 AM, September 07 2024",Delivered,Zomato Delivery,2km,"1 x All About Chicken Pizza, 1 x Peri Peri Grilled Chicken Pizza",,Buy 1 Get 1 - ₹829.00,859.0,42.95,0.0,0.0,0.0,0.0,901.95,,,,,,16.47,0.5,Correctly,,3c9fa1445bdc6c836b325d31855c95c0debdb77d6f0a65e7becaccb03f3f8ca4
20635699,Aura Pizzas,Greater Kailash 2 (GK2),Delhi NCR,6158808245,"02:35 AM, September 07 2024",Delivered,Zomato Delivery,4km,"1 x All About Chicken Pizza, 1 x Margherita Pizza",,Buy 1 Get 1 - ₹728.00,859.0,42.95,0.0,0.0,0.0,0.0,901.95,,,,,,18.75,0.4,Correctly,,cc243903e106d709b2e6e0498c9d6da0ed41f5316c8a981f6825856a8fb59800
20635699,Aura Pizzas,Greater Kailash 2 (GK2),Delhi NCR,6149959826,"02:25 AM, September 07 2024",Rejected,Zomato Delivery,1km,"1 x Margherita Pizza, 2 x Cheesy Garlic Bread",,Buy 1 Get 1 - ₹299.00,758.0,37.9,0.0,0.0,0.0,0.0,795.9,,,Cancelled by Customer,318.36,,,,Missed,,d6afe1e0607129294f286ee619fa053f7912fcb31684b11f269dd113ff87ad2b
20635699,Aura Pizzas,Greater Kailash 2 (GK2),Delhi NCR,6152929731,"01:49 AM, September 07 2024",Delivered,Zomato Delivery,5km,"1 x Chilli Cheese Garlic Bread, 1 x Masala Paneer Pide",,Buy 1 Get 1 - ₹259.00,319.0,15.95,0.0,0.0,0.0,0.0,334.95,,,,,,16.1,0.3,Correctly,,130e0453111093fc8d9874d02699f83757be9b272f1c8949fa51f9c853fe714d
20635699,Aura Pizzas,Greater Kailash 2 (GK2),Delhi NCR,6157368559,"01:07 AM, September 07 2024",Delivered,Zomato Delivery,1km,2 x Murgh Amritsari Seekh Pide,,Buy 1 Get 1 - ₹349.00,349.0,17.45,0.0,0.0,0.0,0.0,366.45,,,,,,16.3,1.3,Correctly,,b5122bdd229976dab0e7e1d9463856b5490b1fb5d325a122248710840a783052
20635699,Aura Pizzas,Greater Kailash 2 (GK2),Delhi NCR,6158761558,"12:58 AM, September 07 2024",Delivered,Zomato Delivery,2km,"1 x Chilli Cheese Garlic Bread, 1 x Masala Paneer Pide",,Buy 1 Get 1 - ₹259.00,319.0,15.95,0.0,0.0,0.0,0.0,334.95,1.0,,,,,9.58,0.4,Correctly,,f6994d850781c6943142193b665915dd6e973c828554249507d816ba178016cc
20635699,Aura Pizzas,Greater Kailash 2 (GK2),Delhi NCR,6155657305,"12:38 AM, September 07 2024",Delivered,Zomato Delivery,3km,"1 x Murgh Amritsari Seekh Pide, 1 x All About Chicken Pizza",,Buy 1 Get 1 - ₹467.00,659.0,32.95,0.0,0.0,0.0,0.0,691.95,,,,,,14.35,0.3,Correctly,,919476dd3730303b93ff20fe36c1738d2f4683bed63ae7b8d02f6c13d3d442dd
20635699,Aura Pizzas,Greater Kailash 2 (GK2),Delhi NCR,6157237871,"12:27 AM, September 07 2024",Delivered,Zomato Delivery,3km,"2 x Margherita Pizza, 2 x Salted Fries",,Buy 1 Get 1 - ₹628.00,628.0,31.4,0.0,0.0,0.0,0.0,659.4,,,,,,20.62,0.7,Correctly,,4ed56ff64d45956b83c8a9a80b0b36fd80a7d5539d4a40d3c50f3b9171812c63
20635699,Aura Pizzas,Greater Kailash 2 (GK2),Delhi NCR,6151277972,"12:26 AM, September 07 2024",Delivered,Zomato Delivery,5km,"1 x Just Pepperoni Pizza, 1 x Bageecha Pizza",,Buy 1 Get 1 - ₹799.00,859.0,42.95,0.0,0.0,0.0,0.0,901.95,,,,,,23.55,1.0,Correctly,,2abf7965e2892a7402c9529160aa5a89984151a0d91983e297fcbf8f443eb183
20635699,Aura Pizzas,Greater Kailash 2 (GK2),Delhi NCR,6153169636,"12:22 AM, September 07 2024",Delivered,Zomato Delivery,3km,"1 x OG Cheese Pide, 1 x Masala Paneer Pide",,Buy 1 Get 1 - ₹319.00,349.0,17.45,0.0,0.0,0.0,0.0,366.45,,,,,,16.33,1.6,Correctly,,85b50382298582325a0217131d56d5449e3ae3966a11c4e7249fe237ce29efef
20635699,Aura Pizzas,Greater Kailash 2 (GK2),Delhi NCR,6153451511,"11:42 PM, September 06 2024",Delivered,Zomato Delivery,7km,"2 x Herbed Potato, 1 x All About Chicken Pizza, 1 x Murgh Amritsari Seekh Pizza",,Buy 1 Get 1 - ₹777.00,807.0,40.35,0.0,0.0,0.0,0.0,847.35,5.0,,,,,15.82,0.3,Correctly,,90726195b11db837c22949b17410ab82ca054e568903764c0d035ee91e88d1df
20635699,Aura Pizzas,Greater Kailash 2 (GK2),Delhi NCR,6143987804,"11:25 PM, September 06 2024",Delivered,Zomato Delivery,6km,"1 x Masala Paneer Pide, 1 x OG Cheese Pide",,Buy 1 Get 1 - ₹319.00,349.0,17.45,0.0,0.0,0.0,0.0,366.45,3.0,,,,,24.55,1.3,Correctly,Non-refunded complaint,76bbfb5621c9122827eed0d7f40db6b7b480784f20d1e3c633635f000727281a
20635699,Aura Pizzas,Greater Kailash 2 (GK2),Delhi NCR,6155350052,"11:24 PM, September 06 2024",Delivered,Zomato Delivery,1km,"1 x All About Chicken Pizza, 1 x Makhani Paneer Pizza",,Buy 1 Get 1 - ₹579.00,659.0,32.95,0.0,0.0,0.0,0.0,691.95,5.0,,,,,19.38,3.1,Incorrectly,,9d0618cbc3c6ef6f7752f4fb518b26fa6e4c084a253b8b64a0b93d8089242b40
20635699,Aura Pizzas,Greater Kailash 2 (GK2),Delhi NCR,6158263363,"11:21 PM, September 06 2024",Delivered,Zomato Delivery,4km,"1 x Makhani Paneer Pizza, 1 x Mushroom Pizza",Order: extra cheese please thank you,Buy 1 Get 1 - ₹749.00,799.0,39.95,0.0,0.0,0.0,0.0,838.95,,,,,,18.87,1.7,Correctly,,fb91d29ac119747ba3d5682f37a9f104a3af720e48eda860e077668e74028dfc
20635699,Aura Pizzas,Greater Kailash 2 (GK2),Delhi NCR,6149624372,"11:20 PM, September 06 2024",Delivered,Zomato Delivery,3km,2 x Masala Potato Pide,,Buy 1 Get 1 - ₹299.00,299.0,14.95,0.0,0.0,0.0,0.0,313.95,,,,,,10.98,0.5,Correctly,,9e2069729a91d1dd05e66c0bd624c994404695edae8a57e536e10ea558c69c99
20635699,Aura Pizzas,Greater Kailash 2 (GK2),Delhi NCR,6158598587,"11:16 PM, September 06 2024",Delivered,Zomato Delivery,7km,"1 x Chilli Cheese Garlic Bread, 1 x Murgh Amritsari Seekh Pide",,Buy 1 Get 1 - ₹259.00,349.0,17.45,0.0,0.0,0.0,0.0,366.45,,,,,,12.77,0.8,Correctly,,ab7fb431fe460206eb246ff27f06b1450f842c37e9c6fadab14608bf91db425f
20635699,Aura Pizzas,Greater Kailash 2 (GK2),Delhi NCR,6156801980,"10:53 PM, September 06 2024",Delivered,Zomato Delivery,1km,"1 x Masala Paneer Pide, 1 x Murgh Amritsari Seekh Pide",,Buy 1 Get 1 - ₹319.00,349.0,17.45,0.0,0.0,0.0,0.0,366.45,,,,,,13.05,0.6,Correctly,,1a3a1f792dff1f1be521266e49a3f34ab6144346b05a84a5b2cb78edd439d25e
20635699,Aura Pizzas,Greater Kailash 2 (GK2),Delhi NCR,6156573091,"10:49 PM, September 06 2024",Delivered,Zomato Delivery,3km,"1 x Jamaican Chicken Melt, 1 x Murgh Amritsari Seekh Melt",,Buy 1 Get 1 - ₹479.00,479.0,23.95,0.0,0.0,0.0,0.0,502.95,,,,,,8.95,1.5,Correctly,,5d29659e2545d270b4a90335b97a6681deee3e6d02519ef410ee70b26a41478a
20635699,Aura Pizzas,Greater Kailash 2 (GK2),Delhi NCR,6153648505,"10:38 PM, September 06 2024",Delivered,Zomato Delivery,2km,"1 x Murgh Amritsari Seekh Melt, 1 x Jamaican Chicken Melt",,Buy 1 Get 1 - ₹479.00,479.0,23.95,0.0,0.0,0.0,0.0,502.95,,,,,,14.88,1.3,Correctly,,b808e7911bfb8eaade3ef8b368f9f48b605f116c6d8571113e06c46993da3e4d
20635699,Aura Pizzas,Greater Kailash 2 (GK2),Delhi NCR,6155857717,"10:36 PM, September 06 2024",Delivered,Zomato Delivery,5km,"1 x Murgh Amritsari Seekh Melt, 1 x Angara Paneer Melt",,Buy 1 Get 1 - ₹449.00,479.0,23.95,0.0,0.0,0.0,0.0,502.95,,,,,,33.62,12.4,Correctly,,c370cd23a05d0279e3c112d9a5fdb410267bfb8b35d35c008a2b68a92b66c0c5
20635699,Aura Pizzas,Greater Kailash 2 (GK2),Delhi NCR,6157096262,"10:27 PM, September 06 2024",Delivered,Zomato Delivery,6km,"1 x Indian Masala Fries, 1 x Peri Peri Fries, 1 x Malai Gud Pide, 1 x All About Chicken Pizza",,Buy 1 Get 1 - ₹448.00,897.0,44.85,0.0,0.0,0.0,0.0,941.85,,,,,,30.7,6.5,Correctly,,c112f67e0a04ba5da6b699baa271ec5e751a2211cf670a12fafcd56d2f4bb316
20635699,Aura Pizzas,Greater Kailash 2 (GK2),Delhi NCR,6153606977,"10:24 PM, September 06 2024",Delivered,Zomato Delivery,5km,"1 x Mushroom Pizza, 1 x Bageecha Pizza",,Buy 1 Get 1 - ₹799.00,799.0,39.95,0.0,0.0,0.0,0.0,838.95,,,,,,21.78,0.7,Correctly,,092a77e2603f48b6e0dc04adc7a9f7895fe63dc9f0c296d9440d8fe9d405fd3b
20635699,Aura Pizzas,Greater Kailash 2 (GK2),Delhi NCR,6158376250,"10:18 PM, September 06 2024",Delivered,Zomato Delivery,7km,"1 x Jamaican Chicken Melt, 1 x Murgh Amritsari Seekh Melt",,Buy 1 Get 1 - ₹479.00,479.0,23.95,0.0,0.0,0.0,0.0,502.95,,,,,,13.85,0.3,Correctly,,b563116387e6e349fd629cabebb329280b3378bba6f601ea33063eed0cb857eb
20635699,Aura Pizzas,Greater Kailash 2 (GK2),Delhi NCR,6157132518,"10:13 PM, September 06 2024",Delivered,Zomato Delivery,4km,"1 x All About Chicken Pizza, 1 x Just Pepperoni Pizza",,Buy 1 Get 1 - ₹649.00,659.0,32.95,0.0,0.0,0.0,0.0,691.95,,,,,,15.23,0.2,Correctly,,c31b621845441a569e61483c3a7e3c9cffe6f606b9eb4512028d5abf973d9bf0
20635699,Aura Pizzas,Greater Kailash 2 (GK2),Delhi NCR,6156375039,"10:10 PM, September 06 2024",Delivered,Zomato Delivery,6km,"1 x Murgh Amritsari Seekh Melt, 1 x Murgh Amritsari Seekh Pide",,Buy 1 Get 1 - ₹467.00,479.0,23.95,0.0,0.0,0.0,0.0,502.95,,,,,,12.42,0.5,Correctly,,63fbe249de4a5999ee890fefc746cd71124d9e48d087a74f2a46b513f8fa6be7
20635699,Aura Pizzas,Greater Kailash 2 (GK2),Delhi NCR,6157612208,"10:07 PM, September 06 2024",Delivered,Zomato Delivery,5km,"1 x Margherita Pizza, 1 x Murgh Amritsari Seekh Pide",,Buy 1 Get 1 - ₹459.00,467.0,23.35,0.0,0.0,0.0,0.0,490.35,,,,,,13.13,4.0,Incorrectly,,1f4a9f18865ede424d04a76ad166ca24a620a917dc400514582097e86163e21b
20635699,Aura Pizzas,Greater Kailash 2 (GK2),Delhi NCR,6152026372,"10:00 PM, September 06 2024",Delivered,Zomato Delivery,2km,"1 x Just Pepperoni Pide, 1 x Murgh Amritsari Seekh Pide",,Buy 1 Get 1 - ₹349.00,399.0,19.95,0.0,0.0,0.0,0.0,418.95,,,,,,13.37,3.0,Correctly,,3b49f63901223b83019a1163795274f670aae08dc45d605c03c395b6315896f9
20635699,Aura Pizzas,Greater Kailash 2 (GK2),Delhi NCR,6154180675,"09:54 PM, September 06 2024",Delivered,Zomato Delivery,4km,"1 x Spinach Sumac Pide, 1 x Murgh Amritsari Seekh Pide",,Buy 1 Get 1 - ₹329.00,349.0,17.45,0.0,0.0,0.0,0.0,366.45,5.0,,,,,15.12,0.2,Correctly,,f0dd16551aaea1fbea86c9356424df24576a15f02b4f7736192bc02579f9c156
20635699,Aura Pizzas,Greater Kailash 2 (GK2),Delhi NCR,6155477291,"09:43 PM, September 06 2024",Delivered,Zomato Delivery,2km,"1 x Murgh Amritsari Garlic Bread, 1 x Murgh Amritsari Seekh Pide",,Buy 1 Get 1 - ₹348.00,349.0,17.45,0.0,0.0,0.0,0.0,366.45,4.0,,,,,16.98,1.2,Correctly,,2c466f4eeb5e8b7b3f7968a9c42d1aba5d3d1a6d41e4e3b8213f6e70762da164
20635699,Aura Pizzas,Greater Kailash 2 (GK2),Delhi NCR,6157212330,"09:42 PM, September 06 2024",Delivered,Zomato Delivery,3km,"1 x Bageecha Pizza, 1 x Margherita Pizza",,Buy 1 Get 1 - ₹649.00,799.0,39.95,0.0,0.0,0.0,0.0,838.95,5.0,,,,,12.9,0.3,Correctly,,397d2dd443b54f20b63205b2da6b3ad8cfc8585d3ab3b53b8d1d0eb5fb93bf3a
20635699,Aura Pizzas,Greater Kailash 2 (GK2),Delhi NCR,6157038464,"09:37 PM, September 06 2024",Delivered,Zomato Delivery,2km,"1 x Just Pepperoni Pide, 1 x Murgh Amritsari Seekh Pide, 2 x Cheesy Garlic Bread",,Buy 1 Get 1 - ₹588.00,638.0,31.9,0.0,0.0,0.0,0.0,669.9,,,,,,11.08,0.2,Correctly,,7091cbf5929f330fee7b0c812d1c5566c628771ea6254fab0bfdfcbc4d7deb93
20635699,Aura Pizzas,Greater Kailash 2 (GK2),Delhi NCR,6158347104,"09:25 PM, September 06 2024",Delivered,Zomato Delivery,3km,"1 x Makhani Paneer Pizza, 1 x Just Pepperoni Pizza",,Buy 1 Get 1 - ₹847.00,859.0,42.95,0.0,0.0,0.0,0.0,901.95,,,,,,19.1,5.6,Correctly,,f13ab9d619c094d2f1720c7d15708a0c3c3712f72cb93817d5b9cb8bb4b88e55
20635699,Aura Pizzas,Greater Kailash 2 (GK2),Delhi NCR,6156276794,"09:25 PM, September 06 2024",Delivered,Zomato Delivery,4km,"1 x Murgh Amritsari Seekh Pide, 1 x Masala Paneer Pide",,Buy 1 Get 1 - ₹319.00,349.0,17.45,0.0,0.0,0.0,0.0,366.45,,,,,,14.38,0.2,Correctly,,909a291399102784d04028fff9cf36688b5fb68a7fd48fc568b5c316eed1a2f2
20635699,Aura Pizzas,Greater Kailash 2 (GK2),Delhi NCR,6154977511,"09:14 PM, September 06 2024",Delivered,Zomato Delivery,2km,"1 x Masala Paneer Pide, 1 x Murgh Amritsari Garlic Bread",,Buy 1 Get 1 - ₹289.00,319.0,15.95,0.0,0.0,0.0,0.0,334.95,,,,,,16.15,4.4,Incorrectly,,f0e482cc8a772a36ec39b39edc7acd8d20913b24c85c2e1d145b8c1fbd7ff1da
20635699,Aura Pizzas,Greater Kailash 2 (GK2),Delhi NCR,6156274386,"09:00 PM, September 06 2024",Delivered,Zomato Delivery,6km,1 x Tripple Cheese Pizza,,Flat Rs.150 off,549.0,21.85,112.0,0.0,0.0,0.0,458.85,,,,,,32.05,21.0,Correctly,,eb31b6212fc5279a63b65d64df62aabce0e167aae422e743422be5c4795caf7c
20635699,Aura Pizzas,Greater Kailash 2 (GK2),Delhi NCR,6157573065,"09:00 PM, September 06 2024",Delivered,Zomato Delivery,6km,"1 x Peri Peri Fries, 1 x All About Chicken Pizza, 1 x Mushroom Pizza, 1 x Indian Masala Fries, 1 x Jamaican Chicken Melt, 1 x Angara Paneer Melt, 1 x Bageecha Pizza, 1 x Just Pepperoni Pizza",,Buy 1 Get 1 - ₹2296.00,2326.0,116.3,0.0,0.0,0.0,0.0,2442.3,,,,,,26.2,0.6,Correctly,,b5789293cb1ebcf0e70dfc82d49f80fcd8937b46b061f0775261ef007d0fa743
20635699,Aura Pizzas,Greater Kailash 2 (GK2),Delhi NCR,6158263215,"08:28 PM, September 06 2024",Delivered,Zomato Delivery,1km,"1 x Angara Paneer Melt, 1 x Mushroom Mozzarella Melt",,Buy 1 Get 1 - ₹449.00,449.0,22.45,0.0,0.0,0.0,0.0,471.45,5.0,,,,,15.15,0.5,Correctly,,cc2dfedd6e751457835ed66b227a0d71c0265fe5f0f722a37bea6c0b0bd452d6
20635699,Aura Pizzas,Greater Kailash 2 (GK2),Delhi NCR,6153151331,"08:18 PM, September 06 2024",Delivered,Zomato Delivery,4km,"1 x Bageecha Pizza, 1 x All About Chicken Pizza",,Buy 1 Get 1 - ₹599.00,659.0,32.95,0.0,0.0,0.0,0.0,691.95,5.0,,,,,16.57,0.4,Correctly,,7088d1ce2ac0a69e8a8b62c9a42e72288b98736582adc3f5cf3e30c735bb7c97
20635699,Aura Pizzas,Greater Kailash 2 (GK2),Delhi NCR,6151609896,"08:10 PM, September 06 2024",Delivered,Zomato Delivery,6km,"1 x Masala Paneer Pide, 1 x Bageecha Pizza",,Buy 1 Get 1 - ₹379.00,599.0,29.95,0.0,0.0,0.0,0.0,628.95,,,,,,19.12,0.7,Correctly,,4400703a07f6708d6f2767d716fc7e8237b55ad18ebadf2c0ee54c36d2df7933
20635699,Aura Pizzas,Greater Kailash 2 (GK2),Delhi NCR,6154108616,"08:09 PM, September 06 2024",Delivered,Zomato Delivery,2km,"1 x Fried Chicken Strips, 1 x Cheesy Garlic Bread, 2 x Angara Paneer Melt",,Buy 1 Get 1 - ₹688.00,698.0,34.9,0.0,0.0,0.0,0.0,732.9,5.0,,,,,16.05,0.4,Correctly,,87914cdf29e9abadd81682bc1f10c5060e5ef20a11a3afa9ecf8b6f48d4fe98c
20635699,Aura Pizzas,Greater Kailash 2 (GK2),Delhi NCR,6157255737,"08:08 PM, September 06 2024",Delivered,Zomato Delivery,3km,"1 x Tripple Cheese Pizza, 1 x Indian Masala Fries",,Buy 1 Get 1 - ₹189.00,609.0,30.45,0.0,0.0,0.0,0.0,639.45,,,,,,14.03,0.3,Correctly,,d6f7b89f2bcf3ae45fa6f24dc0e7a727cce14010eb16b0ca1bb9642037d19f47
20635699,Aura Pizzas,Greater Kailash 2 (GK2),Delhi NCR,6152693487,"08:01 PM, September 06 2024",Delivered,Zomato Delivery,4km,1 x Margherita Pizza,,60% off upto Rs.120,459.0,18.0,99.0,0.0,0.0,0.0,378.0,,,,,,21.88,5.3,Correctly,,dd499e98409a35b9b032671387c4cf2af4cc46b9ffbdc976088a8949b863a48d
20635699,Aura Pizzas,Greater Kailash 2 (GK2),Delhi NCR,6157986102,"07:57 PM, September 06 2024",Delivered,Zomato Delivery,4km,2 x Tripple Cheese Pizza,,Buy 1 Get 1 - ₹549.00,549.0,27.45,0.0,0.0,0.0,0.0,576.45,,,,,,19.7,0.6,Correctly,Poor taste or quality,d1016337079e97654ec35e014371d9469a80838537bba937c02e278c54cecf4c
20635699,Aura Pizzas,Greater Kailash 2 (GK2),Delhi NCR,6147148463,"07:56 PM, September 06 2024",Delivered,Zomato Delivery,5km,"1 x Peri Peri Grilled Chicken Pizza, 1 x Pepperoni Garlic Bread",,Buy 1 Get 1 - ₹339.00,619.0,30.95,0.0,0.0,0.0,0.0,649.95,,,,,,15.73,0.4,Correctly,,a98267a9ad4c4e529f5d92e2d9bf78423b4836d2897cbf0ca992f2a795b2714a
20635699,Aura Pizzas,Greater Kailash 2 (GK2),Delhi NCR,6157301650,"07:49 PM, September 06 2024",Delivered,Zomato Delivery,3km,"1 x Just Pepperoni Pizza, 2 x Indian Masala Fries, 1 x All About Chicken Pizza",,Buy 1 Get 1 - ₹838.00,848.0,42.4,0.0,0.0,0.0,0.0,890.4,,,,,,22.0,0.3,Correctly,,223b285d3bfa0e515e1b5c6b70a372934b22f3de43730c25cc0d9a1692daa647
20635699,Aura Pizzas,Greater Kailash 2 (GK2),Delhi NCR,6158171360,"07:49 PM, September 06 2024",Delivered,Zomato Delivery,4km,"1 x Spinach Sumac Pide, 1 x Masala Paneer Pide",,Buy 1 Get 1 - ₹319.00,329.0,16.45,0.0,0.0,0.0,0.0,345.45,,,,,,20.88,0.2,Correctly,,fe9fe009e5beefa0da3d6c465787407867ebd92823bb3502a9cbc8161488fc94
20635699,Aura Pizzas,Greater Kailash 2 (GK2),Delhi NCR,6157576999,"07:46 PM, September 06 2024",Delivered,Zomato Delivery,6km,"1 x All About Chicken Pizza, 1 x Angara Paneer Melt",,Buy 1 Get 1 - ₹449.00,659.0,32.95,0.0,0.0,0.0,0.0,691.95,,,,,,19.77,0.3,Correctly,,435cd8ab7e1f1246ba82193d877bd9637ad1979fe7d384e81f251cf4bdbc6f2c
20635699,Aura Pizzas,Greater Kailash 2 (GK2),Delhi NCR,6157434817,"07:46 PM, September 06 2024",Delivered,Zomato Delivery,5km,"1 x Just Pepperoni Pizza, 1 x Murgh Amritsari Seekh Pide",,Buy 1 Get 1 - ₹349.00,859.0,42.95,0.0,0.0,0.0,0.0,901.95,,,,,,14.53,1.1,Correctly,,2038744bf92f80a6929f02f6b2b993416bab2850a985fd82f17efbc10c62dcd5
20635699,Aura Pizzas,Greater Kailash 2 (GK2),Delhi NCR,6156137876,"07:46 PM, September 06 2024",Delivered,Zomato Delivery,4km,2 x Margherita Pizza,,Buy 1 Get 1 - ₹459.00,459.0,22.95,0.0,0.0,0.0,0.0,481.95,,,,,,9.77,0.8,Correctly,,972fd96f9f01dd00305ff4c3e140b6a36b2497fab73167e64f4cd5643d3567cc
20635699,Aura Pizzas,Greater Kailash 2 (GK2),Delhi NCR,6157707671,"07:40 PM, September 06 2024",Delivered,Zomato Delivery,4km,2 x Chilli Cheese Garlic Bread,,Buy 1 Get 1 - ₹259.00,259.0,12.95,0.0,0.0,0.0,0.0,271.95,,,,,,13.0,0.3,Correctly,,bffe32d27bf1067cf97151344e15a700db4ed68c216df3551cb5917485b2e452
20635699,Aura Pizzas,Greater Kailash 2 (GK2),Delhi NCR,6156954288,"07:32 PM, September 06 2024",Delivered,Zomato Delivery,4km,"1 x Tripple Cheese Pizza, 1 x Makhani Paneer Pizza, 1 x Murgh Amritsari Seekh Pide, 1 x Chicken Pepperoni Pizza",,Buy 1 Get 1 - ₹1098.00,1558.0,77.9,0.0,0.0,0.0,0.0,1635.9,,,,,,20.58,2.9,Correctly,,d4cfb68c503e3019995f8300e6dfb6637d578645a14d174d8634d2c19fbe276f
20635699,Aura Pizzas,Greater Kailash 2 (GK2),Delhi NCR,6150580042,"07:15 PM, September 06 2024",Delivered,Zomato Delivery,3km,"1 x Cheesy Garlic Bread, 1 x Margherita Pizza, 1 x Herbed Potato",,Buy 1 Get 1 - ₹239.00,607.0,30.35,0.0,0.0,0.0,0.0,637.35,,,,,,19.03,3.9,Correctly,,b64eade2d814bda0a3b16234e44400a4a9c0c44e5d6738a42e9e3c62b3d25723
20635699,Aura Pizzas,Greater Kailash 2 (GK2),Delhi NCR,6155784838,"07:14 PM, September 06 2024",Delivered,Zomato Delivery,4km,2 x Murgh Amritsari Seekh Pide,,Buy 1 Get 1 - ₹349.00,349.0,17.45,0.0,0.0,0.0,0.0,366.45,,,,,,16.0,2.1,Correctly,,f48d1c65fd5595def813fc8b8e6b566490bd4b936783bc86831e1dbf7a131b42
20635699,Aura Pizzas,Greater Kailash 2 (GK2),Delhi NCR,6157237443,"07:11 PM, September 06 2024",Delivered,Zomato Delivery,5km,"1 x Bellpepper Onion Pizza, 1 x Peri Peri Grilled Chicken Pizza, 2 x Grilled Tangdis",,Buy 1 Get 1 - ₹848.00,888.0,44.4,0.0,0.0,0.0,0.0,932.4,,,,,,13.47,1.1,Correctly,,95756f60e5740c12d14b2aaf0e83d149c2f8236886083cdcc1ed7afd54a32234
20635699,Aura Pizzas,Greater Kailash 2 (GK2),Delhi NCR,6147797943,"07:07 PM, September 06 2024",Delivered,Zomato Delivery,1km,"1 x Murgh Amritsari Seekh Pide, 1 x Just Pepperoni Pide",,Buy 1 Get 1 - ₹349.00,399.0,19.95,0.0,0.0,0.0,0.0,418.95,,,,,,11.07,1.6,Correctly,,4287ad9cbdff626d184a012148fcf840d02a9826fb3e984d41d0b984ba73108a
20635699,Aura Pizzas,Greater Kailash 2 (GK2),Delhi NCR,6136609412,"06:50 PM, September 06 2024",Delivered,Zomato Delivery,2km,"1 x Bageecha Pizza, 1 x Murgh Amritsari Seekh Pizza","Order: No green chillies on the pizza, put it on the side",Buy 1 Get 1 - ₹599.00,629.0,31.45,0.0,0.0,0.0,0.0,660.45,,,,,,19.2,6.8,Correctly,,afde3d1742e87ac9200ada9d58d77ae8c23a6cce158440d7ab124f7aa445e07d
20635699,Aura Pizzas,Greater Kailash 2 (GK2),Delhi NCR,6157469335,"06:47 PM, September 06 2024",Delivered,Zomato Delivery,6km,"1 x Peri Peri Paneer Pizza, 1 x Makhani Paneer Pizza",Order: lots of paneer and cheese. Thanks//,Buy 1 Get 1 - ₹658.00,658.0,32.9,0.0,0.0,0.0,0.0,690.9,4.0,add on- extra paneer - not fulfilled ,,,,17.27,2.0,Correctly,,15143e31a214f700605eb46468a50f59d5f9bd638c5d31efb351b0129619cb21
20635699,Aura Pizzas,Greater Kailash 2 (GK2),Delhi NCR,6157098262,"06:43 PM, September 06 2024",Delivered,Zomato Delivery,4km,"1 x Cheesy Garlic Bread, 3 x Grilled Tangdis",,Buy 1 Get 1 - ₹508.00,538.0,26.9,0.0,0.0,0.0,0.0,564.9,,,,,,16.62,0.5,Correctly,,d8ef42c657181ebe1048716fa48a16d01c226175f7b5f56c178be43a428a92ac
20635699,Aura Pizzas,Greater Kailash 2 (GK2),Delhi NCR,6157713313,"06:38 PM, September 06 2024",Delivered,Zomato Delivery,6km,"1 x Grilled Tangdis, 1 x Murgh Amritsari Garlic Bread",Order: Please send extra tissue,Buy 1 Get 1 - ₹269.00,289.0,14.45,0.0,0.0,0.0,0.0,303.45,,,,,,12.25,0.3,Correctly,,67ab79f26cc9ce6d7eb97bcbc08ef5c8d65faf212027964b9f09c5851d0d4233
20635699,Aura Pizzas,Greater Kailash 2 (GK2),Delhi NCR,6157608862,"06:38 PM, September 06 2024",Delivered,Zomato Delivery,<1km,1 x Peri Peri Fries,,60% off upto Rs.120,189.0,4.74,94.12,0.0,0.0,0.0,99.62,,,,,,11.93,5.0,Correctly,,1cf1ea5851d0eb58b63605e0648adc65c466e086430cf901fbdc21291b758dfb
20635699,Aura Pizzas,Greater Kailash 2 (GK2),Delhi NCR,6146068850,"06:27 PM, September 06 2024",Delivered,Zomato Delivery,7km,"1 x Peri Peri Paneer Pizza, 1 x Bageecha Pizza",,Buy 1 Get 1 - ₹579.00,599.0,29.95,0.0,0.0,0.0,0.0,628.95,,,,,,15.97,0.7,Correctly,,be9b7c712d60386f43f9f0afd117ec540fe321c277bdaf66b89228fd42d799de
20635699,Aura Pizzas,Greater Kailash 2 (GK2),Delhi NCR,6155683019,"06:08 PM, September 06 2024",Delivered,Zomato Delivery,6km,"1 x Fried Chicken Strips, 1 x All About Chicken Pizza, 1 x Herbed Potato, 1 x Mushroom Pizza",,Buy 1 Get 1 - ₹757.00,848.0,42.4,0.0,0.0,0.0,0.0,890.4,4.0,,,,,18.3,2.3,Correctly,,8ddedb44eb97d83e4d41d89b3d7520c45c6cf32e6e5b0bbe3b9746149f13487a
20635699,Aura Pizzas,Greater Kailash 2 (GK2),Delhi NCR,6147297401,"05:59 PM, September 06 2024",Delivered,Zomato Delivery,3km,"1 x Spinach Sumac Pide, 1 x Masala Paneer Pide",,Buy 1 Get 1 - ₹319.00,329.0,16.45,0.0,0.0,0.0,0.0,345.45,,,,,,16.4,7.6,Correctly,Non-refunded complaint,f64189b1f546633e057feef798609d46c802518d7ee9a7937c55ccab5b5be268
20635699,Aura Pizzas,Greater Kailash 2 (GK2),Delhi NCR,6152957107,"04:07 PM, September 06 2024",Delivered,Zomato Delivery,2km,2 x Grilled Tangdis,,Buy 1 Get 1 - ₹269.00,269.0,13.45,0.0,0.0,0.0,0.0,282.45,,,,,,23.98,5.8,Correctly,,055fb8b9e577e19536e5416c584223dfeba49776db5dc31e798aa40c45d91498
20635699,Aura Pizzas,Greater Kailash 2 (GK2),Delhi NCR,6153423907,"04:02 PM, September 06 2024",Delivered,Zomato Delivery,5km,"1 x Bageecha Pizza, 1 x Salted Fries, 1 x Peri Peri Fries, 1 x All About Chicken Pizza",,Buy 1 Get 1 - ₹828.00,867.0,43.35,0.0,0.0,0.0,0.0,910.35,,,,,,22.73,9.0,Correctly,,0d372c57645c12ce7c1b3bed9c2821080fb635e7c20059ecec883ed8bcbd421e
20635699,Aura Pizzas,Greater Kailash 2 (GK2),Delhi NCR,6154851519,"03:42 PM, September 06 2024",Delivered,Zomato Delivery,3km,"2 x Jamaican Chicken Melt, 2 x Murgh Amritsari Seekh Melt",,Buy 1 Get 1 - ₹958.00,958.0,47.9,0.0,0.0,0.0,0.0,1005.9,,,,,,24.3,1.2,Correctly,,ebc9c452d6266a60bb54366e3eb60196d25065fd7febd4b30681618ea8da90dd
20635699,Aura Pizzas,Greater Kailash 2 (GK2),Delhi NCR,6155029420,"03:14 PM, September 06 2024",Delivered,Zomato Delivery,3km,"1 x Jamaican Chicken Melt, 1 x Margherita Pizza",,Buy 1 Get 1 - ₹459.00,479.0,23.95,0.0,0.0,0.0,0.0,502.95,,,,,,19.88,6.5,Correctly,,f04fba1f4115a10ec6084e0d74e350a3c584884ee00b9fa5887ef446c7709e97
20635699,Aura Pizzas,Greater Kailash 2 (GK2),Delhi NCR,6156991185,"02:59 PM, September 06 2024",Delivered,Zomato Delivery,2km,"1 x Peri Peri Paneer Pizza, 1 x Tripple Cheese Pizza",,Buy 1 Get 1 - ₹549.00,579.0,28.95,0.0,0.0,0.0,0.0,607.95,5.0,,,,,19.22,11.2,Correctly,,56eed39104a037d18a372dbe02450c7f4e9e61ea6e8d0df6af5bc9e0be3bee15
20635699,Aura Pizzas,Greater Kailash 2 (GK2),Delhi NCR,6145759483,"02:19 PM, September 06 2024",Delivered,Zomato Delivery,5km,"1 x Murgh Amritsari Seekh Pizza, 1 x Bageecha Pizza",,Buy 1 Get 1 - ₹599.00,629.0,31.45,0.0,0.0,0.0,0.0,660.45,,,,,,23.03,0.5,Correctly,,7a06c5bf0eb5ac7e9228645d4c4d524f9dc561191720290e51d0a093eb88ba6a
20635699,Aura Pizzas,Greater Kailash 2 (GK2),Delhi NCR,6154316507,"02:04 PM, September 06 2024",Delivered,Zomato Delivery,3km,"1 x Murgh Amritsari Garlic Bread, 1 x Mushroom Mozzarella Melt, 1 x Murgh Amritsari Seekh Melt, 1 x Chilli Cheese Garlic Bread",,Buy 1 Get 1 - ₹708.00,768.0,38.4,0.0,0.0,0.0,0.0,806.4,,,,,,28.27,4.9,Correctly,,74f2e080f6b0779df14917017442a4112806b13528e1c38dea9d0815986de66e
20635699,Aura Pizzas,Greater Kailash 2 (GK2),Delhi NCR,6156480559,"01:47 PM, September 06 2024",Delivered,Zomato Delivery,2km,"1 x Murgh Amritsari Garlic Bread, 1 x Spinach Sumac Pide",,Buy 1 Get 1 - ₹289.00,329.0,16.45,0.0,0.0,0.0,0.0,345.45,,,,,,15.9,0.7,Correctly,,ade4996d07da854bb666884296fe070f2157418ba2b03b16fac49b90fb3313c6
20635699,Aura Pizzas,Greater Kailash 2 (GK2),Delhi NCR,6152715511,"01:30 PM, September 06 2024",Delivered,Zomato Delivery,4km,2 x Peri Peri Paneer Pizza,,Buy 1 Get 1 - ₹579.00,579.0,28.95,0.0,0.0,0.0,0.0,607.95,,,,,,18.63,2.9,Correctly,,78275f9d69f1e30c530b8289a915baff6f3e48dc366b4cf87f4b421ab1c7fbfa
20635699,Aura Pizzas,Greater Kailash 2 (GK2),Delhi NCR,6155888113,"12:44 PM, September 06 2024",Delivered,Zomato Delivery,3km,"1 x Mushroom Mozzarella Melt, 1 x Spinach Sumac Pide",,Buy 1 Get 1 - ₹449.00,449.0,22.45,0.0,0.0,0.0,0.0,471.45,,,,,,17.07,3.6,Correctly,,40c95038a0d4af91506202ca68741a92e8bfb7acb0f634803511a80c97055f4b
20635699,Aura Pizzas,Greater Kailash 2 (GK2),Delhi NCR,6155245038,"12:19 PM, September 06 2024",Delivered,Zomato Delivery,6km,2 x Mutton Seekh Pide,Order: please ensure everything is fresh and hot.,Buy 1 Get 1 - ₹399.00,399.0,19.95,0.0,0.0,0.0,0.0,418.95,,,,,,22.7,2.6,Correctly,,3907fe6cd9fb48458dbc9fe7e5d21a9029a6732baba8c62d2147186e7e3f0b29
20635699,Aura Pizzas,Greater Kailash 2 (GK2),Delhi NCR,6153715258,"12:18 PM, September 06 2024",Delivered,Zomato Delivery,4km,"1 x Cheesy Garlic Bread, 1 x Mushroom Pizza, 1 x Bageecha Pizza, 1 x Chilli Cheese Garlic Bread",,Buy 1 Get 1 - ₹1038.00,1058.0,52.9,0.0,0.0,0.0,0.0,1110.9,,,,,,23.48,1.3,Correctly,,7c125b06f253ab440c46d4678d905851c0fd02b73cfeb7764da27ab1515de230
20635699,Aura Pizzas,Greater Kailash 2 (GK2),Delhi NCR,6154169545,"11:50 AM, September 06 2024",Delivered,Zomato Delivery,5km,"1 x Murgh Amritsari Seekh Pizza, 1 x Just Pepperoni Pizza",,Buy 1 Get 1 - ₹629.00,649.0,32.45,0.0,0.0,0.0,0.0,681.45,,,,,,23.27,12.3,Correctly,,a06b9e1de62cf877190469cd8703f077815ec866d38cf9ae19fdbc1e875e83e3
20635699,Aura Pizzas,Greater Kailash 2 (GK2),Delhi NCR,6156498310,"11:44 AM, September 06 2024",Delivered,Zomato Delivery,3km,"1 x Bageecha Pizza, 1 x All About Chicken Pizza",,Buy 1 Get 1 - ₹599.00,859.0,42.95,0.0,0.0,0.0,0.0,901.95,,,,,,29.38,11.1,Correctly,,6fb11a932219d43bb4bb416b4f53a088ed05de4445985bb0ba2b89c53b554eff
20635699,Aura Pizzas,Greater Kailash 2 (GK2),Delhi NCR,6154697130,"02:47 AM, September 06 2024",Delivered,Zomato Delivery,3km,1 x Murgh Amritsari Seekh Pizza,,Flat Rs.150 off,809.0,34.85,112.0,0.0,0.0,0.0,731.85,,,,,,15.12,2.5,Correctly,,85b50382298582325a0217131d56d5449e3ae3966a11c4e7249fe237ce29efef
20635699,Aura Pizzas,Greater Kailash 2 (GK2),Delhi NCR,6152294825,"12:12 AM, September 06 2024",Delivered,Zomato Delivery,3km,1 x Just Pepperoni Pizza,,Flat Rs.150 off,649.0,26.85,112.0,0.0,0.0,0.0,563.85,,,,,,29.15,6.4,Correctly,,e4de67c4ea39e84aa75615c6297f61997e6f158ca6923c475583e7e9dd7a30eb
20635699,Aura Pizzas,Greater Kailash 2 (GK2),Delhi NCR,6148126536,"11:19 PM, September 05 2024",Delivered,Zomato Delivery,5km,"1 x Chilli Cheese Garlic Bread, 1 x Bageecha Pizza",,Flat Rs.200 off,1058.0,42.9,200.0,0.0,0.0,0.0,900.9,,,,,,17.28,0.5,Correctly,,8cb70adb32f08355158dba35d6f179f692f4d2acdd2b7cb9245cb1647cf5f8c4
20635699,Aura Pizzas,Greater Kailash 2 (GK2),Delhi NCR,6134676060,"11:12 PM, September 05 2024",Delivered,Zomato Delivery,1km,1 x Margherita Pizza,,60% off upto Rs.120,459.0,18.0,99.0,0.0,0.0,0.0,378.0,,,,,,11.1,0.2,Correctly,,9691667ba079b6232ab0fccf00424f9a32aef1ef5e9f505a4a4ce563e1f9d36c
20635699,Aura Pizzas,Greater Kailash 2 (GK2),Delhi NCR,6150491884,"11:08 PM, September 05 2024",Delivered,Zomato Delivery,3km,1 x Makhani Paneer Pizza,,Flat Rs.150 off,658.0,27.3,112.0,0.0,0.0,0.0,573.3,,,,,,12.98,0.6,Correctly,,9cbb89b0516ff87d02548afbd1acc4acf142d4d81bbbd437244e644f2aa5af2a
20635699,Aura Pizzas,Greater Kailash 2 (GK2),Delhi NCR,6151679585,"11:02 PM, September 05 2024",Delivered,Zomato Delivery,1km,1 x Chilli Cheese Garlic Bread,,60% off upto Rs.120,259.0,8.0,99.0,0.0,0.0,0.0,168.0,,,,,,10.77,0.4,Correctly,,3d670c6bf87611a63af3118e63eb024593b18b8c54fe466e2810067d0a0059a5
20635699,Aura Pizzas,Greater Kailash 2 (GK2),Delhi NCR,6154572424,"10:57 PM, September 05 2024",Delivered,Zomato Delivery,2km,1 x Peri Peri Paneer Pizza,,60% off upto Rs.120,579.0,24.0,99.0,0.0,0.0,0.0,504.0,,,,,,11.87,0.5,Correctly,,29d52a8e95ba1d2083e9155fa62a724db1eaa4a8075cfbe24b99b54187a082d6
20635699,Aura Pizzas,Greater Kailash 2 (GK2),Delhi NCR,6150920479,"10:42 PM, September 05 2024",Delivered,Zomato Delivery,7km,"1 x All About Chicken Pizza, 1 x Chilli Cheese Garlic Bread",,Flat Rs.200 off,918.0,35.9,200.0,0.0,0.0,0.0,753.9,,,,,,16.87,5.7,Correctly,,c8146174cdd72ba03f6cd4deae8f810c4d5cef89021127242d07335ccbf61302
20635699,Aura Pizzas,Greater Kailash 2 (GK2),Delhi NCR,6155216580,"09:44 PM, September 05 2024",Delivered,Zomato Delivery,7km,1 x Bacon Pepperoni Melt,,Flat Rs.150 off,658.0,27.3,112.0,0.0,0.0,0.0,573.3,,,,,,16.82,0.2,Correctly,,0f8282d9206412fe794467e79836c268d525a6e1b480c192d5a50522c05e330c
20635699,Aura Pizzas,Greater Kailash 2 (GK2),Delhi NCR,6150452575,"09:31 PM, September 05 2024",Delivered,Zomato Delivery,3km,1 x Peri Peri Grilled Chicken Pizza,,Flat Rs.150 off,829.0,35.85,112.0,0.0,0.0,0.0,752.85,,,,,,26.43,16.2,Correctly,,d22c39d7c07d12cdccb7754aba38590ab678273ccc8ef44e96d93f2967f9d9cb
20635699,Aura Pizzas,Greater Kailash 2 (GK2),Delhi NCR,6154206036,"09:21 PM, September 05 2024",Delivered,Zomato Delivery,5km,1 x All About Chicken Pizza,,Flat Rs.150 off,659.0,27.35,112.0,0.0,0.0,0.0,574.35,,,,,,20.55,6.5,Correctly,,48efc36b31347e379846a1259ab27bd3fd55f940474464f6e69f5acc847d7674
20635699,Aura Pizzas,Greater Kailash 2 (GK2),Delhi NCR,6152871387,"08:46 PM, September 05 2024",Delivered,Zomato Delivery,5km,"1 x Mutton Seekh Pide, 1 x Murgh Amritsari Seekh Pide",,,807.0,40.35,0.0,0.0,0.0,0.0,847.35,,,,,,13.8,0.4,Correctly,,9333da860c9fc184842fdf61da9ea02a189161944ea3ec035d20e1dcfd211a7f
20635699,Aura Pizzas,Greater Kailash 2 (GK2),Delhi NCR,6152094047,"08:25 PM, September 05 2024",Delivered,Zomato Delivery,3km,1 x Bageecha Pizza,,Flat Rs.150 off,599.0,24.35,112.0,0.0,0.0,0.0,511.35,1.0,Its very blend,,,,11.88,1.1,Correctly,,664197b3d6563066cf189180c7db2adb1466b3134cb1b23b11aa83a047458ae4
20635699,Aura Pizzas,Greater Kailash 2 (GK2),Delhi NCR,6142704348,"08:13 PM, September 05 2024",Delivered,Zomato Delivery,1km,"1 x Herbed Potato, 1 x Spinach Sumac Pide, 1 x Mutton Seekh Pide",,,876.0,43.8,0.0,0.0,0.0,0.0,919.8,,,,,,19.82,0.3,Correctly,,5bc3e12bfceee73e8f735a4c67fe7358005e32bb9753ca3841ee2fc86206b70f
20635699,Aura Pizzas,Greater Kailash 2 (GK2),Delhi NCR,6154591094,"07:45 PM, September 05 2024",Delivered,Zomato Delivery,3km,1 x Peri Peri Grilled Chicken Pizza,,Flat Rs.150 off,619.0,25.35,112.0,0.0,0.0,0.0,532.35,,,,,,13.1,1.6,Correctly,,3b6c0242c61bed0d9f613d8b16f919155c69ecceb2e077011a795dd1a20225fd
20635699,Aura Pizzas,Greater Kailash 2 (GK2),Delhi NCR,6154454759,"06:42 PM, September 05 2024",Delivered,Zomato Delivery,2km,1 x Peri Peri Grilled Chicken Pizza,,Flat Rs.150 off,619.0,25.35,112.0,0.0,0.0,0.0,532.35,,,,,,17.52,7.3,Correctly,,c8abeb418fa9692dcc1a7cd993211706005e6d5e05f0872e996efb8df13c93ac
20635699,Aura Pizzas,Greater Kailash 2 (GK2),Delhi NCR,6153711178,"06:42 PM, September 05 2024",Delivered,Zomato Delivery,2km,"1 x Mutton Seekh Pide, 1 x OG Cheese Pide",,Flat Rs.150 off,748.0,31.8,112.0,0.0,0.0,0.0,667.8,,,,,,15.78,4.6,Correctly,,d7d8d6f9240e30b0e56c55ea5499234e31ae6b1e8a949fd511a6ceafc4747245
20635699,Aura Pizzas,Greater Kailash 2 (GK2),Delhi NCR,6143043026,"04:36 PM, September 05 2024",Delivered,Zomato Delivery,2km,1 x Peri Peri Paneer Pizza,,Flat Rs.150 off,579.0,23.35,112.0,0.0,0.0,0.0,490.35,,,,,,13.93,4.8,Correctly,,83eaaad479cfc70236e6959b5224228258292176eda39383e799d406f7027994
20635699,Aura Pizzas,Greater Kailash 2 (GK2),Delhi NCR,6153344387,"04:31 PM, September 05 2024",Delivered,Zomato Delivery,2km,1 x Grilled Tangdis,,60% off upto Rs.120,269.0,8.5,99.0,0.0,0.0,0.0,178.5,,,,,,20.3,4.4,Correctly,,2d7d36e078658d4a341ae08487f4461494463c36972e897c35c5103feddf343b
20635699,Aura Pizzas,Greater Kailash 2 (GK2),Delhi NCR,6147262832,"02:10 PM, September 05 2024",Delivered,Zomato Delivery,4km,"1 x Chilli Cheese Garlic Bread, 1 x Bageecha Pizza",,,937.0,46.85,0.0,0.0,0.0,0.0,983.85,,,,,,17.62,0.9,Correctly,,39c002ece6224aee8c6dcc9feaa0fb3aeb5023204c82e912442f1d46fedb5475
20635699,Aura Pizzas,Greater Kailash 2 (GK2),Delhi NCR,6145948765,"11:55 PM, September 04 2024",Delivered,Zomato Delivery,1km,1 x Jamaican Chicken Melt,,,479.0,23.95,0.0,0.0,0.0,0.0,502.95,5.0,,,,,6.52,0.3,Correctly,,64a6fc8ee311b78b32986867500a1e1cc6756e798031506aa71b047f14edb84d
20635699,Aura Pizzas,Greater Kailash 2 (GK2),Delhi NCR,6143729932,"11:06 PM, September 04 2024",Delivered,Zomato Delivery,2km,"1 x Herbed Potato, 1 x Garlic Aioli",,60% off upto Rs.120,208.0,5.45,99.0,0.0,0.0,0.0,114.45,5.0,,,,,18.13,4.8,Correctly,,8f2eb204b2e0cf801a18d472c021ebd91c1663684c64fbcb45d289ca5c8b3aef
20635699,Aura Pizzas,Greater Kailash 2 (GK2),Delhi NCR,6149407185,"09:14 PM, September 04 2024",Delivered,Zomato Delivery,3km,1 x Bageecha Pizza,,Flat Rs.150 off,599.0,24.35,112.0,0.0,0.0,0.0,511.35,,,,,,12.92,0.4,Correctly,,4b009995211ef6a8b76a3772d6314e91b273c7ce723c399f58aac1a2de88aea5
20635699,Aura Pizzas,Greater Kailash 2 (GK2),Delhi NCR,6145971901,"08:20 PM, September 04 2024",Delivered,Zomato Delivery,1km,"1 x Margherita Pizza, 1 x Chilli Cheese Garlic Bread",,Flat Rs.150 off,875.0,38.15,112.0,0.0,0.0,0.0,801.15,,,,,,15.73,0.9,Correctly,,878ac907f5db77bfcf83a1fc69f676f9e41a8fbdfffac737612a456711be8f41
20635699,Aura Pizzas,Greater Kailash 2 (GK2),Delhi NCR,6137335800,"08:20 PM, September 04 2024",Delivered,Zomato Delivery,4km,"1 x Jamaican Chicken Melt, 1 x Murgh Amritsari Seekh Melt",,Flat Rs.200 off,958.0,37.9,200.0,0.0,0.0,0.0,795.9,,,,,,19.22,4.6,Correctly,,502741fd5e3a13e9e931de83d3c56ae8d68a01655f04a32f594aef6a5160ce22
20635699,Aura Pizzas,Greater Kailash 2 (GK2),Delhi NCR,6152057401,"07:45 PM, September 04 2024",Delivered,Zomato Delivery,9km,"1 x Salted Fries, 1 x Bageecha Pizza, 1 x Spinach Sumac Pide",,Flat Rs.200 off,1097.0,44.85,200.0,0.0,0.0,0.0,941.85,,,,,,18.28,2.6,Correctly,,48a1c5545e860f93a849ba7022bea295e1ea5dfa1194f49276daf6a6001a123f
20635699,Aura Pizzas,Greater Kailash 2 (GK2),Delhi NCR,6148410281,"07:06 PM, September 04 2024",Delivered,Zomato Delivery,3km,"1 x Cheesy Garlic Bread, 1 x Margherita Pizza",,Flat Rs.150 off,698.0,29.3,112.0,0.0,0.0,0.0,615.3,,,,,,12.18,0.4,Correctly,,b64eade2d814bda0a3b16234e44400a4a9c0c44e5d6738a42e9e3c62b3d25723
20635699,Aura Pizzas,Greater Kailash 2 (GK2),Delhi NCR,6147700876,"06:26 PM, September 04 2024",Delivered,Zomato Delivery,4km,1 x Murgh Amritsari Garlic Bread,,60% off upto Rs.120,289.0,9.5,99.0,0.0,0.0,0.0,199.5,,,,,,13.25,0.3,Correctly,,c65a49c1f1ae0a4923447df767a7fa8060e1c315463140268d28c92b9fc33cd3
20635699,Aura Pizzas,Greater Kailash 2 (GK2),Delhi NCR,6150685362,"03:15 PM, September 04 2024",Delivered,Zomato Delivery,1km,"1 x Bageecha Pizza, 1 x Margherita Pizza",,,1058.0,52.9,0.0,0.0,0.0,0.0,1110.9,,,,,,17.95,2.0,Correctly,,8694efe3259ba6dcff73bcff16fb42006069f1ea7395df3d9b8e46a4c3b3aa26
20635699,Aura Pizzas,Greater Kailash 2 (GK2),Delhi NCR,6148187356,"02:58 PM, September 04 2024",Delivered,Zomato Delivery,1km,1 x All About Chicken Pizza,,Flat Rs.150 off,659.0,27.35,112.0,0.0,0.0,0.0,574.35,,,,,,19.8,3.4,Correctly,,8557bc8120106af4db4739272b29b7548efaa17072210c7e590ed55016bcae2b
20635699,Aura Pizzas,Greater Kailash 2 (GK2),Delhi NCR,6148406709,"02:26 AM, September 04 2024",Delivered,Zomato Delivery,1km,"1 x Murgh Amritsari Seekh Pide, 1 x Malai Gud Pide",,Flat Rs.150 off,667.0,27.75,112.0,0.0,0.0,0.0,582.75,,,,,,13.77,0.4,Correctly,,c89078f984f04af241cc596ac06d3f94f37cafbd5674fdbe1cd29ab5a7dc818a
20635699,Aura Pizzas,Greater Kailash 2 (GK2),Delhi NCR,6145542847,"01:17 AM, September 04 2024",Delivered,Zomato Delivery,1km,"1 x Peri Peri Paneer Pizza, 1 x Bageecha Pizza, 1 x Chilli Cheese Garlic Bread",,Flat Rs.150 off,1437.0,66.25,112.0,0.0,0.0,0.0,1391.25,,,,,,16.47,0.7,Correctly,,8557bc8120106af4db4739272b29b7548efaa17072210c7e590ed55016bcae2b
20635699,Aura Pizzas,Greater Kailash 2 (GK2),Delhi NCR,6145870624,"01:01 AM, September 04 2024",Delivered,Zomato Delivery,3km,"1 x Peri Peri Fries, 1 x Iced Green Tea - Mojito",,50% off upto Rs.100,284.24,9.21,100.0,0.0,0.0,0.0,193.45,,,,,,8.42,0.2,Correctly,,d00bd11f1ac42705b67b0d97ef681d91a1e6c0482d585e1d52fe13a672f1f07c
20635699,Aura Pizzas,Greater Kailash 2 (GK2),Delhi NCR,6150656830,"11:41 PM, September 03 2024",Delivered,Zomato Delivery,2km,1 x Chilli Cheese Garlic Bread,,60% off upto Rs.120,259.0,8.0,99.0,0.0,0.0,0.0,168.0,,,,,,11.23,0.7,Correctly,,90edfff70fff80474bb95756dd98c2cc766d42e584fa2a21b55e70bba24bc936
20635699,Aura Pizzas,Greater Kailash 2 (GK2),Delhi NCR,6149351158,"10:22 PM, September 03 2024",Delivered,Zomato Delivery,7km,"1 x Bageecha Pizza, 1 x Indian Masala Fries, 1 x Peri Peri Fries, 1 x All About Chicken Pizza",,Flat Rs.200 off,1756.0,77.8,200.0,0.0,0.0,0.0,1633.8,,,,,,15.17,2.6,Correctly,,ff6569b63ce268cc8ffc4f70adf8a0c641c72959df45ff006314a93282b6202b
20635699,Aura Pizzas,Greater Kailash 2 (GK2),Delhi NCR,6139655209,"09:37 PM, September 03 2024",Delivered,Zomato Delivery,1km,1 x Masala Paneer Pide,,60% off upto Rs.120,319.0,11.0,99.0,0.0,0.0,0.0,231.0,,,,,,11.08,2.2,Correctly,,d2cd5f7ecb675e77a7a98c25b8dca44673b112e50d4f67afc4aaa8cda0d9f45f
20635699,Aura Pizzas,Greater Kailash 2 (GK2),Delhi NCR,6148701495,"09:19 PM, September 03 2024",Delivered,Zomato Delivery,2km,1 x Bageecha Pizza,,Flat Rs.150 off,599.0,24.35,112.0,0.0,0.0,0.0,511.35,,,,,,12.25,0.3,Correctly,,9ac823e470566e554b051285650821ad15d69ac7379d97d74b51667c47a7a0a0
20635699,Aura Pizzas,Greater Kailash 2 (GK2),Delhi NCR,6144237051,"09:10 PM, September 03 2024",Delivered,Zomato Delivery,3km,"1 x Harisa Mayo, 1 x Garlic Aioli, 1 x Fried Chicken Strips, 1 x Just Pepperoni Pizza",,Flat Rs.200 off,1057.0,42.85,200.0,0.0,0.0,0.0,899.85,,,,,,16.8,2.2,Correctly,,a8d9bdc0de8f6ae03bf9b787f2780d45b34f8de115904daff239dc0e322be80e
20635699,Aura Pizzas,Greater Kailash 2 (GK2),Delhi NCR,6146257055,"08:51 PM, September 03 2024",Delivered,Zomato Delivery,6km,1 x Angara Paneer Melt,,Flat Rs.150 off,508.0,19.8,112.0,0.0,0.0,0.0,415.8,,,,,,10.3,0.8,Correctly,,8ee11ccd386d58b9f427130f410628863100f21f20a6cd798a2aae7bf9d18f2a
20635699,Aura Pizzas,Greater Kailash 2 (GK2),Delhi NCR,6148828514,"08:48 PM, September 03 2024",Delivered,Zomato Delivery,5km,1 x Bageecha Pizza,,Flat Rs.150 off,799.0,34.35,112.0,0.0,0.0,0.0,721.35,,,,,,13.42,0.5,Correctly,,74018acb2a8e8078a6c9cef8e64e778a370954f66182da8b8cb68aca6e9eef4f
20635699,Aura Pizzas,Greater Kailash 2 (GK2),Delhi NCR,6148792325,"08:36 PM, September 03 2024",Delivered,Zomato Delivery,6km,1 x Bageecha Pizza,,Flat Rs.150 off,599.0,24.35,112.0,0.0,0.0,0.0,511.35,5.0,,,,,13.42,0.4,Correctly,,3049b50a67718e21215a925eb82bed7b0e3856586e2f9a7e5d89ac7b8c2fd981
20635699,Aura Pizzas,Greater Kailash 2 (GK2),Delhi NCR,6130548562,"08:28 PM, September 03 2024",Delivered,Zomato Delivery,1km,"1 x Cheesy Garlic Bread, 1 x Bacon Pepperoni Melt, 2 x Just Pepperoni Pizza",,,2676.0,133.8,0.0,0.0,0.0,0.0,2809.8,,,,,,20.02,0.7,Correctly,,cd0fc39a6d6fae6c44119ce616390e3c3b1644973779060d11f4023bcba3d485
20635699,Aura Pizzas,Greater Kailash 2 (GK2),Delhi NCR,6144878881,"08:23 PM, September 03 2024",Delivered,Zomato Delivery,1km,1 x Murgh Amritsari Garlic Bread,,60% off upto Rs.120,289.0,9.5,99.0,0.0,0.0,0.0,199.5,,,,,,12.73,2.5,Correctly,,eefc25c8ec13b081ff55fe6095b490b11c6cdfd2e337d1982f54fab6c0c0094e
20635699,Aura Pizzas,Greater Kailash 2 (GK2),Delhi NCR,6147360368,"07:10 PM, September 03 2024",Delivered,Zomato Delivery,6km,"1 x Salted Fries, 1 x Fried Chicken Strips",,60% off upto Rs.120,358.0,12.95,99.0,0.0,0.0,0.0,271.95,,,,,,12.28,4.5,Correctly,,d6b126d1b87d74aa9e6fdefb799bf078957a846292b04f1c086a6e7961c85f9b
20635699,Aura Pizzas,Greater Kailash 2 (GK2),Delhi NCR,6146873330,"06:43 PM, September 03 2024",Delivered,Zomato Delivery,5km,1 x Bageecha Pizza,,Flat Rs.150 off,599.0,24.35,112.0,0.0,0.0,0.0,511.35,,,,,,3.48,0.7,Correctly,,2e26e6750435a3aedd37ac49614bec80d366a66a8d66d7473317f7673cafb5d4
20635699,Aura Pizzas,Greater Kailash 2 (GK2),Delhi NCR,6146137483,"06:19 PM, September 03 2024",Delivered,Zomato Delivery,4km,1 x Chilli Cheese Garlic Bread,,60% off upto Rs.120,259.0,8.0,99.0,0.0,0.0,0.0,168.0,4.0,,,,,10.68,0.5,Correctly,Non-refunded complaint,66da83b919e770764b38cf7319604d09a9a093baf2b617c2f8a2d018a330e7ed
20635699,Aura Pizzas,Greater Kailash 2 (GK2),Delhi NCR,6147309369,"06:14 PM, September 03 2024",Delivered,Zomato Delivery,2km,1 x Bageecha Pizza,,Flat Rs.150 off,799.0,34.35,112.0,0.0,0.0,0.0,721.35,,,,,,13.88,3.0,Correctly,,ca67437b59277eaa261022948174d30421059b038416d58f32cd365231052dc6
20635699,Aura Pizzas,Greater Kailash 2 (GK2),Delhi NCR,6145855027,"04:44 PM, September 03 2024",Delivered,Zomato Delivery,4km,"1 x Chilli Cheese Garlic Bread, 1 x Herbed Potato",,60% off upto Rs.120,407.0,15.4,99.0,0.0,0.0,0.0,323.4,,,,,,17.77,7.1,Correctly,,76918a5ea97c13b2ee9336617fc8cd473ac3cb707b8cef6bc34f2459697b2558
20635699,Aura Pizzas,Greater Kailash 2 (GK2),Delhi NCR,6147183914,"01:35 PM, September 03 2024",Delivered,Zomato Delivery,2km,1 x Murgh Amritsari Garlic Bread,,60% off upto Rs.120,289.0,9.5,99.0,0.0,0.0,0.0,199.5,,,,,,11.77,0.4,Correctly,,0cf9a29caadb91b0ff78720041df04990d419ea5292b3ef0db4f2c122a434837
20635699,Aura Pizzas,Greater Kailash 2 (GK2),Delhi NCR,6145197136,"02:27 AM, September 03 2024",Delivered,Zomato Delivery,4km,"1 x Harisa Mayo, 1 x Grilled Tangdis, 1 x Mutton Seekh Pizza",,,1177.0,58.85,0.0,0.0,0.0,0.0,1235.85,,,,,,16.35,0.4,Correctly,,9d641553ddfb131e9d4dc4cd990ad270190e766cd9b4dcb6d1a4723d5694db60
20635699,Aura Pizzas,Greater Kailash 2 (GK2),Delhi NCR,6141496357,"01:37 AM, September 03 2024",Delivered,Zomato Delivery,2km,"1 x Indian Masala Fries, 1 x Bageecha Pizza, 1 x Chilli Cheese Garlic Bread, 1 x Just Pepperoni Pizza",,Flat Rs.200 off,1896.0,84.8,200.0,0.0,0.0,0.0,1780.8,,,,,,18.17,0.4,Correctly,,401cde60f40f145e8f2dc8e3c48b8cf2c19582a3983b49b3fd80091f5059ad36
20635699,Aura Pizzas,Greater Kailash 2 (GK2),Delhi NCR,6144792076,"12:35 AM, September 03 2024",Delivered,Zomato Delivery,5km,"1 x Indian Masala Fries, 1 x Chilli Cheese Garlic Bread",,50% off upto Rs.100,567.0,23.35,100.0,0.0,0.0,0.0,490.35,,,,,,11.3,0.5,Correctly,,79c1ece5dcd3e8ede1aa6089ced231f7b0d0448e93a56c13f1e406616450cd2b
20635699,Aura Pizzas,Greater Kailash 2 (GK2),Delhi NCR,6141100415,"12:03 AM, September 03 2024",Delivered,Zomato Delivery,1km,1 x Murgh Amritsari Seekh Pizza,,Flat Rs.150 off,629.0,25.85,112.0,0.0,0.0,0.0,542.85,,,,,,13.65,4.7,Correctly,,8320f66b73f6a3bc8e9bdb1717d3604d9bab5203ff2e8e4eed94cb84ee1069db
20635699,Aura Pizzas,Greater Kailash 2 (GK2),Delhi NCR,6147861495,"11:01 PM, September 02 2024",Delivered,Zomato Delivery,6km,1 x Jamaican Chicken Melt,,60% off upto Rs.120,479.0,19.0,99.0,0.0,0.0,0.0,399.0,,,,,,15.0,2.5,Correctly,Poor packaging or spillage,81cc622998be07326726c9105de9a7d6bb4a0ff5349d7bc1f15bda0f1be28e6e
20635699,Aura Pizzas,Greater Kailash 2 (GK2),Delhi NCR,6145309239,"10:20 PM, September 02 2024",Delivered,Zomato Delivery,1km,1 x Mushroom Mozzarella Melt,,60% off upto Rs.120,449.0,17.5,99.0,0.0,0.0,0.0,367.5,,,,,,,2.3,Missed,,cc2dfedd6e751457835ed66b227a0d71c0265fe5f0f722a37bea6c0b0bd452d6
20635699,Aura Pizzas,Greater Kailash 2 (GK2),Delhi NCR,6136823409,"10:12 PM, September 02 2024",Delivered,Zomato Delivery,1km,1 x Chilli Cheese Garlic Bread,,60% off upto Rs.120,259.0,8.0,99.0,0.0,0.0,0.0,168.0,,,,,,11.52,1.1,Correctly,,3d670c6bf87611a63af3118e63eb024593b18b8c54fe466e2810067d0a0059a5
20635699,Aura Pizzas,Greater Kailash 2 (GK2),Delhi NCR,6144627263,"08:57 PM, September 02 2024",Delivered,Zomato Delivery,7km,"1 x Herbed Potato, 1 x Bageecha Pizza, 1 x Masala Paneer Pide",,Flat Rs.1050 off,1066.0,47.7,112.0,0.0,0.0,0.0,1001.7,,,,,,16.98,0.7,Correctly,,b5e8304e902c2127e194c546a76a4f829765d51fb7cfcb8bc8124d118b32c149
20635699,Aura Pizzas,Greater Kailash 2 (GK2),Delhi NCR,6146352103,"08:54 PM, September 02 2024",Delivered,Zomato Delivery,6km,"1 x Murgh Amritsari Seekh Melt, 1 x Harisa Mayo",,Flat Rs.150 off,539.0,21.35,112.0,0.0,0.0,0.0,448.35,,,,,,10.27,0.4,Correctly,,6eb2c5f95515ee1d442ec6b07704fdb0e54fae58dea444eded531d7de2202606
20635699,Aura Pizzas,Greater Kailash 2 (GK2),Delhi NCR,6135885301,"08:44 PM, September 02 2024",Delivered,Zomato Delivery,9km,"1 x Chilli Cheese Garlic Bread, 1 x Bageecha Pizza, 1 x Tipsy Tiger Ginger Ale",,Flat Rs.200 off,1056.05,42.8,200.0,0.0,0.0,0.0,898.85,,,,,,17.67,0.4,Correctly,,832f288805be1d3ce6491b426d424bea42bf59afc391fd9f33a16999af9fb190
20635699,Aura Pizzas,Greater Kailash 2 (GK2),Delhi NCR,6146958428,"08:43 PM, September 02 2024",Delivered,Zomato Delivery,1km,"1 x Bageecha Pizza, 1 x Chilli Cheese Garlic Bread",,Flat Rs.150 off,858.0,37.3,112.0,0.0,0.0,0.0,783.3,,,,,,13.37,2.2,Correctly,,da9cd771363a5443448a1aae5a3378527241da79bae4ff6cd1e4eaa133a071ef
20635699,Aura Pizzas,Greater Kailash 2 (GK2),Delhi NCR,6138265515,"07:27 PM, September 02 2024",Delivered,Zomato Delivery,9km,1 x Just Pepperoni Pizza,,Flat Rs.150 off,859.0,37.35,112.0,0.0,0.0,0.0,784.35,,,,,,11.13,5.8,Correctly,,89f12d35d6f0358ff60d7099f635d104eafde9248e20723ec25c88cd7e9b3491
20635699,Aura Pizzas,Greater Kailash 2 (GK2),Delhi NCR,6134909646,"05:51 PM, September 02 2024",Delivered,Zomato Delivery,1km,1 x Margherita Pizza,,,459.0,22.95,0.0,0.0,0.0,0.0,481.95,,,,,,14.13,2.3,Correctly,,506ed7f0aff67163e19521dccaeea759650a0c93823eecc118245e4d0556e0b4
20635699,Aura Pizzas,Greater Kailash 2 (GK2),Delhi NCR,6134476938,"05:44 PM, September 02 2024",Delivered,Zomato Delivery,2km,"1 x Murgh Amritsari Garlic Bread, 1 x Mutton Seekh Pide",,Flat Rs.150 off,688.0,28.8,112.0,0.0,0.0,0.0,604.8,,,,,,19.72,0.5,Correctly,,e53a65d22564f43b038049d940036f86521f4a2d81e5034a3ec4fd7cf5d30388
20635699,Aura Pizzas,Greater Kailash 2 (GK2),Delhi NCR,6142920452,"05:38 PM, September 02 2024",Delivered,Zomato Delivery,5km,1 x Jamaican Chicken Melt,,60% off upto Rs.120,479.0,19.0,99.0,0.0,0.0,0.0,399.0,,,,,,17.27,3.2,Correctly,,4b147f34e041f5034831c37f6562cbbed6d4c153ff1d0bb2a9d3e710d7a992c7
20635699,Aura Pizzas,Greater Kailash 2 (GK2),Delhi NCR,6144985098,"04:37 PM, September 02 2024",Delivered,Zomato Delivery,5km,1 x Angara Paneer Melt,,60% off upto Rs.120,449.0,17.5,99.0,0.0,0.0,0.0,367.5,,,,,,17.82,3.8,Correctly,,a6e8c5d808cf1956cf147f3a81e82d2f4736beffaf8136a6cae5777a29c6c77b
20635699,Aura Pizzas,Greater Kailash 2 (GK2),Delhi NCR,6146570159,"04:20 PM, September 02 2024",Delivered,Zomato Delivery,5km,1 x Chilli Cheese Garlic Bread,,60% off upto Rs.120,259.0,8.0,99.0,0.0,0.0,0.0,168.0,5.0,,,,,11.2,0.5,Correctly,,15cc9f7105972d5d538a7d528b08b2dc4471587f2d339aa29f7930a57391b3c2
20635699,Aura Pizzas,Greater Kailash 2 (GK2),Delhi NCR,6144529589,"02:39 PM, September 02 2024",Delivered,Zomato Delivery,1km,1 x Chicken Pepperoni Pizza,,Flat Rs.150 off,599.0,24.35,112.0,0.0,0.0,0.0,511.35,,,,,,11.67,0.7,Correctly,,75cbace7dea4a1d3ddcc8681e8f27d3b4fc1a9af63e2fcd9a85715ef00505858
20635699,Aura Pizzas,Greater Kailash 2 (GK2),Delhi NCR,6127758442,"01:38 PM, September 02 2024",Delivered,Zomato Delivery,2km,"1 x Bageecha Pizza, 1 x Jamaican Chicken Melt",,Flat Rs.200 off,1338.0,56.9,200.0,0.0,0.0,0.0,1194.9,,,,,,20.58,3.7,Incorrectly,,a04293e79bdae9556bc19589fd68618f0ab9d4c1291737dbc04dc8624a01dc1c
20635699,Aura Pizzas,Greater Kailash 2 (GK2),Delhi NCR,6143837783,"01:58 AM, September 02 2024",Delivered,Zomato Delivery,2km,"1 x Bageecha Pizza, 1 x Cheesy Garlic Bread",,Flat Rs.200 off,1038.0,41.9,200.0,0.0,0.0,0.0,879.9,,,,,,10.38,0.3,Correctly,,cbd4923090dc11133b6f34570773e9f75ae2b063e54457cb0eedac836fe62fdf
20635699,Aura Pizzas,Greater Kailash 2 (GK2),Delhi NCR,6145536692,"01:09 AM, September 02 2024",Delivered,Zomato Delivery,2km,1 x Tripple Cheese Pizza,,Flat Rs.150 off,748.0,31.8,112.0,0.0,0.0,0.0,667.8,,,,,,11.82,0.3,Correctly,,6dcc92bcc92644d69feb7075b2574f1854c0dfb92406bb36f59fd7b84190f90e
20635699,Aura Pizzas,Greater Kailash 2 (GK2),Delhi NCR,6135212660,"11:34 PM, September 01 2024",Delivered,Zomato Delivery,1km,1 x Peri Peri Paneer Pizza,,Flat Rs.150 off,579.0,23.35,112.0,0.0,0.0,0.0,490.35,,,,,,11.25,0.2,Correctly,,db691306e72c0b3ae31ca9eb12b952048a7445677c4d21907d202142a6828418
20635699,Aura Pizzas,Greater Kailash 2 (GK2),Delhi NCR,6133001525,"11:07 PM, September 01 2024",Delivered,Zomato Delivery,3km,"1 x Garlic Aioli, 1 x Peri Peri Fries, 1 x Masala Paneer Pide",,Flat Rs.150 off,568.0,22.8,112.0,0.0,0.0,0.0,478.8,,,,,,10.93,0.4,Correctly,,f7fb3eda71733d5bf64b98b5a2c6605789995be9bbda72cc561a889b5e31d31b
20635699,Aura Pizzas,Greater Kailash 2 (GK2),Delhi NCR,6144805377,"11:00 PM, September 01 2024",Delivered,Zomato Delivery,1km,"1 x Indian Masala Fries, 1 x Iced Green Tea - Mojito",,60% off upto Rs.120,284.24,9.26,99.0,0.0,0.0,0.0,194.5,,,,,,5.27,1.3,Correctly,,534b94adb823a7b4f027739b0f3d615fef1bc499ab61d9b9f441560fb6b8645f
20635699,Aura Pizzas,Greater Kailash 2 (GK2),Delhi NCR,6141941054,"10:55 PM, September 01 2024",Delivered,Zomato Delivery,1km,1 x Just Pepperoni Pizza,,Flat Rs.150 off,649.0,26.85,112.0,0.0,0.0,0.0,563.85,,,,,,9.27,1.4,Correctly,,54eac2ac1950629d25c73b6aa06ea0163a5be4aae55cd4789596dc89181c92fb
20635699,Aura Pizzas,Greater Kailash 2 (GK2),Delhi NCR,6143675625,"10:13 PM, September 01 2024",Delivered,Zomato Delivery,3km,1 x Peri Peri Grilled Chicken Pizza,,Flat Rs.150 off,619.0,25.35,112.0,0.0,0.0,0.0,532.35,4.0,,,,,15.85,4.7,Correctly,,5203f8ddcba5a85126a4dd5d7d875b64535bd3d819778a8ce5a88c66f24e5a9c
20635699,Aura Pizzas,Greater Kailash 2 (GK2),Delhi NCR,6144923863,"09:38 PM, September 01 2024",Delivered,Zomato Delivery,4km,"1 x Murgh Amritsari Garlic Bread, 1 x All About Chicken Pizza",,Flat Rs.150 off,1148.0,51.8,112.0,0.0,0.0,0.0,1087.8,,,,,,15.18,10.7,Incorrectly,,a52744d052711544eb6f274ad257a4be6376d1b98cdc6b7740eca0851e1bd537
20635699,Aura Pizzas,Greater Kailash 2 (GK2),Delhi NCR,6144497421,"09:28 PM, September 01 2024",Delivered,Zomato Delivery,6km,"1 x Garlic Aioli, 1 x Murgh Amritsari Seekh Melt",,Flat Rs.150 off,539.0,21.35,112.0,0.0,0.0,0.0,448.35,,,,,,10.78,0.7,Correctly,,eb31b6212fc5279a63b65d64df62aabce0e167aae422e743422be5c4795caf7c
20635699,Aura Pizzas,Greater Kailash 2 (GK2),Delhi NCR,6143603517,"08:59 PM, September 01 2024",Delivered,Zomato Delivery,1km,1 x Jamaican Chicken Melt,,50% off upto Rs.100,479.0,18.95,100.0,0.0,0.0,0.0,397.95,,,,,,9.92,0.4,Correctly,,64a6fc8ee311b78b32986867500a1e1cc6756e798031506aa71b047f14edb84d
20635699,Aura Pizzas,Greater Kailash 2 (GK2),Delhi NCR,6140813532,"08:51 PM, September 01 2024",Delivered,Zomato Delivery,2km,1 x Jamaican Chicken Melt,,Flat Rs.150 off,538.0,21.3,112.0,0.0,0.0,0.0,447.3,,,,,,13.15,0.4,Correctly,,07e83c6ca5db1e1c28a490cb1ed31fbd95a20eb27c9a85cd1b45b79d37b2f885
20635699,Aura Pizzas,Greater Kailash 2 (GK2),Delhi NCR,6139426270,"08:48 PM, September 01 2024",Delivered,Zomato Delivery,3km,1 x Masala Paneer Pide,,50% off upto Rs.100,319.0,10.95,100.0,0.0,0.0,0.0,229.95,5.0,,,,,15.78,0.7,Correctly,,b5705cccf5515a8eb3a926414a472b08a7f60f614a77568c1e60afe87c444b53
20635699,Aura Pizzas,Greater Kailash 2 (GK2),Delhi NCR,6135654753,"08:27 PM, September 01 2024",Delivered,Zomato Delivery,1km,1 x Chicken Pepperoni Pizza,,,599.0,29.95,0.0,0.0,0.0,0.0,628.95,,,,,,16.28,0.3,Correctly,,8b2a6563f741420a4f5e69362e41005d86e85616a5bccc17808194193d208fb5
20635699,Aura Pizzas,Greater Kailash 2 (GK2),Delhi NCR,6137984994,"08:25 PM, September 01 2024",Delivered,Zomato Delivery,1km,"1 x Murgh Amritsari Garlic Bread, 1 x Grilled Tangdis",,Flat Rs.150 off,558.0,22.3,112.0,0.0,0.0,0.0,468.3,,,,,,18.55,0.3,Correctly,,b1f139325626b46a450eb7356ae68369e6f5126e8fdd667009001f3710b48e7f
20635699,Aura Pizzas,Greater Kailash 2 (GK2),Delhi NCR,6133713890,"08:23 PM, September 01 2024",Delivered,Zomato Delivery,1km,1 x Masala Omelette Pide,,60% off upto Rs.120,319.0,11.0,99.0,0.0,0.0,0.0,231.0,,,,,,18.0,1.6,Correctly,,ff0cf3c560b44271767dfe36fe70de07a6cdc20d8e2dacdf42aecc8d67518631
20635699,Aura Pizzas,Greater Kailash 2 (GK2),Delhi NCR,6143853978,"07:56 PM, September 01 2024",Delivered,Zomato Delivery,6km,"1 x Cheesy Garlic Bread, 1 x Just Pepperoni Pizza",,Flat Rs.150 off,888.0,38.8,112.0,0.0,0.0,0.0,814.8,,,,,,18.1,2.7,Correctly,,12485071ed086ccb9b96280ba21deca07d04ed3f056cde02ea768e26f38da572
20635699,Aura Pizzas,Greater Kailash 2 (GK2),Delhi NCR,6143745233,"07:49 PM, September 01 2024",Delivered,Zomato Delivery,4km,1 x Murgh Amritsari Seekh Pide,,60% off upto Rs.120,349.0,12.5,99.0,0.0,0.0,0.0,262.5,,,,,,11.8,7.1,Correctly,,f8320105e5a25d40e458a576a9c183de27b39875aa6597dccb1bcf830ab336e5
20635699,Aura Pizzas,Greater Kailash 2 (GK2),Delhi NCR,6144101844,"07:33 PM, September 01 2024",Delivered,Zomato Delivery,3km,"1 x Margherita Pizza, 1 x Chicken Pepperoni Pizza",,Flat Rs.200 off,1058.0,42.9,200.0,0.0,0.0,0.0,900.9,,,,,,22.8,13.5,Correctly,,0be65b353201b1ffda989e589f341da7361b3331630b974563479d94cf6e956c
20635699,Aura Pizzas,Greater Kailash 2 (GK2),Delhi NCR,6141546989,"07:31 PM, September 01 2024",Delivered,Zomato Delivery,3km,"1 x Peanut Butter Chocolate Pide, 1 x Bageecha Pizza, 1 x Iced Green Tea - Mojito",,Flat Rs.200 off,993.24,39.66,200.0,0.0,0.0,0.0,832.9,,,,,,19.87,0.9,Correctly,,55192513c3770d5dc1d21a0d6e850a008364de222ef7addca4815b3283e20e05
20635699,Aura Pizzas,Greater Kailash 2 (GK2),Delhi NCR,6140100070,"07:29 PM, September 01 2024",Delivered,Zomato Delivery,9km,"1 x Peri Peri Fries, 1 x Chilli Cheese Garlic Bread, 1 x Margherita Pizza",,Flat Rs.200 off,907.0,35.35,200.0,0.0,0.0,0.0,742.35,,,,,,17.5,9.1,Incorrectly,,dbbf860a693edf75962e0356fbb65225316de49937c92a09509b671c0439c581
20635699,Aura Pizzas,Greater Kailash 2 (GK2),Delhi NCR,6135139514,"06:41 PM, September 01 2024",Delivered,Zomato Delivery,1km,2 x Fried Chicken Strips,,60% off upto Rs.120,378.0,13.95,99.0,0.0,0.0,0.0,292.95,,,,,,12.83,2.7,Correctly,,ee75acbb6ce5d3f4b4db9fa20ab0c1d6b0dcacd3ff33d96c5c68a941db182195
20635699,Aura Pizzas,Greater Kailash 2 (GK2),Delhi NCR,6142775797,"06:04 PM, September 01 2024",Delivered,Zomato Delivery,1km,"1 x Grilled Tangdis, 1 x All About Chicken Pizza, 1 x Peri Peri Paneer Pizza",,Flat Rs.200 off,1507.0,65.35,200.0,0.0,0.0,0.0,1372.35,,,,,,21.72,2.6,Correctly,,8557bc8120106af4db4739272b29b7548efaa17072210c7e590ed55016bcae2b
20635699,Aura Pizzas,Greater Kailash 2 (GK2),Delhi NCR,6137278723,"05:25 PM, September 01 2024",Delivered,Zomato Delivery,1km,1 x Chilli Cheese Garlic Bread,,60% off upto Rs.120,319.0,11.0,99.0,0.0,0.0,0.0,231.0,,,,,,18.75,5.9,Correctly,,4af33b4d3f8306c7b20d4005fd29fe154e8e50dd44bf0b95e425cfd501a80957
20635699,Aura Pizzas,Greater Kailash 2 (GK2),Delhi NCR,6137640331,"05:24 PM, September 01 2024",Delivered,Zomato Delivery,1km,"1 x Indian Masala Fries, 1 x Cheesy Garlic Bread",,60% off upto Rs.120,428.0,16.45,99.0,0.0,0.0,0.0,345.45,,,,,,18.85,10.0,Correctly,,51518ebbcfbf8a2f36640f5744fc078564998a30aa69aec02f703d4ca60ccaac
20635699,Aura Pizzas,Greater Kailash 2 (GK2),Delhi NCR,6137767241,"05:08 PM, September 01 2024",Delivered,Zomato Delivery,1km,"1 x Masala Paneer Pide, 1 x Garlic Aioli",,60% off upto Rs.120,379.0,14.0,99.0,0.0,0.0,0.0,294.0,5.0,,,,,15.63,1.9,Correctly,,d2cd5f7ecb675e77a7a98c25b8dca44673b112e50d4f67afc4aaa8cda0d9f45f
20635699,Aura Pizzas,Greater Kailash 2 (GK2),Delhi NCR,6137474162,"04:27 PM, September 01 2024",Delivered,Zomato Delivery,2km,1 x Desi Chicken Pepperoni Pizza,,Flat Rs.150 off,819.0,35.35,112.0,0.0,0.0,0.0,742.35,,,,,,17.55,8.5,Correctly,,d9cc897540a8801701d97eef9b4b6ce2008d638bfd6d6425d3afdcc3c1f1eadf
20635699,Aura Pizzas,Greater Kailash 2 (GK2),Delhi NCR,6138567103,"04:09 PM, September 01 2024",Delivered,Zomato Delivery,2km,1 x Mushroom Pizza,,Flat Rs.150 off,799.0,34.35,112.0,0.0,0.0,0.0,721.35,1.0,,,,,18.02,7.5,Correctly,,2353350646370fa19f6249cc981d4dc0aba37d65b015e52da63ee12e47c46b19
20635699,Aura Pizzas,Greater Kailash 2 (GK2),Delhi NCR,6142040743,"03:16 PM, September 01 2024",Delivered,Zomato Delivery,1km,1 x Tripple Cheese Pizza,,Flat Rs.150 off,549.0,21.85,112.0,0.0,0.0,0.0,458.85,,,,,,,0.4,Missed,,ef25d544d26adc2aa2d5716a86ef60d967b7d527eb276873916ffb5ad6d910fa
20635699,Aura Pizzas,Greater Kailash 2 (GK2),Delhi NCR,6125475382,"03:11 PM, September 01 2024",Delivered,Zomato Delivery,1km,1 x Bageecha Pizza,,Flat Rs.150 off,599.0,24.35,112.0,0.0,0.0,0.0,511.35,,,,,,19.33,7.6,Correctly,,398f60231af5a8fe180224ee9902d95b24f2c1cdfb301f4e1ff949c7c1004fc2
20635699,Aura Pizzas,Greater Kailash 2 (GK2),Delhi NCR,6140836708,"02:27 PM, September 01 2024",Delivered,Zomato Delivery,4km,1 x Margherita Pizza,"Order: Make the pizza crispy, 
put extra basils",60% off upto Rs.120,459.0,18.0,99.0,0.0,0.0,0.0,378.0,,,,,,19.85,11.1,Correctly,,6d9967188e7897be35f5478203a87d70b675270a33d2a4c78f29adb264233a9f
20635699,Aura Pizzas,Greater Kailash 2 (GK2),Delhi NCR,6142712051,"02:07 PM, September 01 2024",Delivered,Zomato Delivery,2km,"1 x Peri Peri Grilled Chicken Pizza, 1 x Chicken Pepperoni Pizza",,Flat Rs.200 off,1507.0,65.35,200.0,0.0,0.0,0.0,1372.35,,,,,,27.42,9.7,Correctly,,1fe01b049a7ddb73c5c4c03b7e62e88216387e9ca3b3059683a13ea0ed0a2aed
20635699,Aura Pizzas,Greater Kailash 2 (GK2),Delhi NCR,6140867285,"01:09 PM, September 01 2024",Delivered,Zomato Delivery,3km,1 x Bageecha Pizza,,Flat Rs.150 off,599.0,24.35,112.0,0.0,0.0,0.0,511.35,,,,,,15.98,10.8,Correctly,,6887a27c1386449ece183cda2400595f32ff93a4d93ee5ca10c7fd4dabbc5239
20635699,Aura Pizzas,Greater Kailash 2 (GK2),Delhi NCR,6139031104,"01:01 PM, September 01 2024",Delivered,Zomato Delivery,5km,1 x Masala Potato Pide,,60% off upto Rs.120,299.0,10.0,99.0,0.0,0.0,0.0,210.0,,,,,,14.97,7.1,Correctly,,36ff7bdba6aedf786f7cfc1ec93eafc26eb32c6e18d8e384d8ba32f9c59ce12e
20635699,Aura Pizzas,Greater Kailash 2 (GK2),Delhi NCR,6134036522,"12:36 PM, September 01 2024",Delivered,Zomato Delivery,6km,1 x Murgh Amritsari Seekh Pizza,,Flat Rs.150 off,629.0,25.85,112.0,0.0,0.0,0.0,542.85,,,,,,17.52,7.6,Correctly,,be5d8fd30488274867092539fd6ddea5ebdd43ce22443ae96aafd1f30eae19d4
20635699,Aura Pizzas,Greater Kailash 2 (GK2),Delhi NCR,6129870754,"12:14 PM, September 01 2024",Delivered,Zomato Delivery,5km,1 x Bellpepper Onion Pizza,,Flat Rs.150 off,579.0,23.35,112.0,0.0,0.0,0.0,490.35,,,,,,16.35,1.5,Correctly,,d435fade179a3e2092de8239a4dffc157a555fdbf84849ff21c1d60d61a8f424
20635699,Aura Pizzas,Greater Kailash 2 (GK2),Delhi NCR,6137094698,"11:05 AM, September 01 2024",Delivered,Zomato Delivery,4km,1 x Murgh Amritsari Garlic Bread,,60% off upto Rs.120,289.0,9.5,99.0,0.0,0.0,0.0,199.5,,,,,,16.32,7.6,Correctly,,c65a49c1f1ae0a4923447df767a7fa8060e1c315463140268d28c92b9fc33cd3
20635699,Aura Pizzas,Greater Kailash 2 (GK2),Delhi NCR,6132713125,"02:20 AM, September 01 2024",Delivered,Zomato Delivery,5km,"1 x Bageecha Pizza, 1 x Grilled Tangdis",,Flat Rs.200 off,1147.0,47.35,200.0,0.0,0.0,0.0,994.35,5.0,,,,,12.85,0.5,Correctly,,a30c4ddbe2b05fd2706bc689dbf73b6edb41b870b3827e2f3b5c2d2480ce553c
20635699,Aura Pizzas,Greater Kailash 2 (GK2),Delhi NCR,6139801139,"12:13 AM, September 01 2024",Delivered,Zomato Delivery,3km,"1 x Indian Masala Fries, 1 x Bageecha Pizza",,Flat Rs.150 off,788.0,33.8,112.0,0.0,0.0,0.0,709.8,1.0,,,,,19.58,1.1,Correctly,Poor taste or quality,dee126cd12abfca633ee0e84230782dab2850350b11de057f05a324811e0b66d
20659868,Aura Pizzas,Sector 4,Delhi NCR,6166712490,"10:58 PM, September 10 2024",Delivered,Zomato Delivery,1km,"1 x Murgh Amritsari Garlic Bread, 1 x Jamaican Chicken Melt",,Flat Rs.125 off,768.0,33.75,93.0,0.0,0.0,0.0,708.75,,,,,,12.3,0.8,Correctly,,6860feeb4c1386a5b25926aa8d132869dca0326812c2e1b95ab8080db5b2e731
20659868,Aura Pizzas,Sector 4,Delhi NCR,6169663570,"09:38 PM, September 10 2024",Delivered,Zomato Delivery,4km,1 x Chilli Cheese Garlic Bread,,60% off upto Rs.120,259.0,8.0,99.0,0.0,0.0,0.0,168.0,,,,,,12.5,3.7,Correctly,,9b4febcebff81d539ca6448802d31a37ee975eca654903e6eec12ffb3cd90d7a
20659868,Aura Pizzas,Sector 4,Delhi NCR,6169358683,"07:46 PM, September 10 2024",Delivered,Zomato Delivery,11km,"1 x Bacon Pepperoni Melt, 1 x Jamaican Chicken Melt",,Flat Rs.125 off,1078.0,49.25,93.0,0.0,0.0,0.0,1034.25,2.0,Get wrong order instead of bacon they send pepperoni ,,,,19.37,2.3,Correctly,,3c948ab02da76d378bed1ed66d3ce55123c2a1182ebded433b59b93a9b9e4355
20659868,Aura Pizzas,Sector 4,Delhi NCR,6169114743,"05:24 PM, September 10 2024",Delivered,Zomato Delivery,4km,"1 x Murgh Amritsari Seekh Melt, 1 x Jamaican Chicken Melt",,Flat Rs.125 off,958.0,43.25,93.0,0.0,0.0,0.0,908.25,,,,,,19.53,3.1,Incorrectly,,dde3b3455399b05907eab831ccf1d9745be29ce85da7d98228e1425ba636e164
20659868,Aura Pizzas,Sector 4,Delhi NCR,6166885944,"04:35 PM, September 10 2024",Delivered,Zomato Delivery,8km,2 x Fried Chicken Strips,,,378.0,18.9,0.0,0.0,0.0,0.0,396.9,,,,,,14.05,1.2,Correctly,,62bf417b8490d47c6ce6f974db0e7a48ce3704233841d007728543d4fd2aeb95
20659868,Aura Pizzas,Sector 4,Delhi NCR,6169207702,"04:23 PM, September 10 2024",Delivered,Zomato Delivery,3km,1 x Tripple Cheese Pizza,,Flat Rs.125 off,549.0,22.8,93.0,0.0,0.0,0.0,478.8,,,,,,10.42,5.4,Correctly,,2f1e4be5fd807ee9d5a62ff2a2d272b30428715e8a5fb3f032506e69596bed49
20659868,Aura Pizzas,Sector 4,Delhi NCR,6159787130,"03:40 PM, September 10 2024",Delivered,Zomato Delivery,3km,"1 x Peri Peri Fries, 1 x Desi Pepperoni Pizza",,,968.0,48.4,0.0,0.0,0.0,0.0,1016.4,,,,,,20.83,6.8,Correctly,,e5be9235f9105729221e9b42738a8b2f81b97ff4fdd4fd86147402512c393b3d
20659868,Aura Pizzas,Sector 4,Delhi NCR,6167008227,"03:31 PM, September 10 2024",Delivered,Zomato Delivery,1km,1 x Margherita Pizza,,,649.0,32.45,0.0,0.0,0.0,0.0,681.45,,,,,,9.87,3.8,Correctly,,107e17ea4c306998ab3c0a6a3e24fe17e65944990c45c8d84ef314824a7593a9
20659868,Aura Pizzas,Sector 4,Delhi NCR,6157900606,"02:29 PM, September 10 2024",Delivered,Zomato Delivery,2km,"1 x Masala Paneer Pide, 1 x Chilli Cheese Garlic Bread",Order: please send a paper carry bag,Flat Rs.125 off,637.0,27.2,93.0,0.0,0.0,0.0,571.2,,,,,,15.67,0.3,Correctly,,5b6ecbad68281bae06dad2a3d6eaf6149718d543879f685fb15522362630a6f6
20659868,Aura Pizzas,Sector 4,Delhi NCR,6161695316,"01:21 PM, September 10 2024",Delivered,Zomato Delivery,5km,"1 x Chilli Cheese Garlic Bread, 1 x Masala Paneer Pide, 1 x Bageecha Pizza, 1 x Herbed Potato",,Flat Rs.125 off,1404.0,65.55,93.0,0.0,0.0,0.0,1376.55,,,,,,18.6,2.2,Correctly,,f07a52c86e9148823634c0a31135efb7a944682790c9604ecdb4c603a7d80cb8
20659868,Aura Pizzas,Sector 4,Delhi NCR,6162026842,"01:12 PM, September 10 2024",Delivered,Zomato Delivery,9km,"1 x Murgh Amritsari Seekh Pide, 1 x Mushroom Mozzarella Melt",,Flat Rs.125 off,798.0,35.25,93.0,0.0,0.0,0.0,740.25,,,,,,19.08,6.2,Correctly,,7e46a5563f173e5f3077bb042d9102b497810b84326ff51145b57ed8f49db642
20659868,Aura Pizzas,Sector 4,Delhi NCR,6165269156,"01:05 PM, September 10 2024",Delivered,Zomato Delivery,1km,"1 x Peri Peri Paneer Pizza, 1 x Chilli Cheese Garlic Bread, 1 x Makhani Paneer Pizza",,Flat Rs.125 off,1417.0,66.2,93.0,0.0,0.0,0.0,1390.2,,,,,,19.72,4.1,Correctly,,215d7ddd126444d9f952eb0ca6c9af336bc6b38a531b395a2a6ba60e4698571d
20659868,Aura Pizzas,Sector 4,Delhi NCR,6163183752,"11:12 AM, September 10 2024",Delivered,Zomato Delivery,4km,"1 x Indian Masala Fries, 1 x Chilli Cheese Garlic Bread",,50% off upto Rs.100,417.0,15.85,100.0,0.0,0.0,0.0,332.85,1.0,"The fries were nice.  $% the garlic bread was a mistake, so hard to chew, it had this weird garlic filling inside and in the worst possible way it was a GARLIC ONLY BREAD.  $% This was my first time ordering from this place and has become the last time too. I would suggest you to not order garlic bread from here at all. ",,,,18.4,11.1,Incorrectly,,0cb3ba7175cf16f61b5f93ae9533aeaa384c2d7ef2afb7cd879d2086d5ddc3fd
20659868,Aura Pizzas,Sector 4,Delhi NCR,6162194598,"12:48 AM, September 10 2024",Delivered,Zomato Delivery,6km,"1 x Just Pepperoni Pizza, 1 x Salted Fries",,Flat Rs.125 off,818.0,36.25,93.0,0.0,0.0,0.0,761.25,,,,,,12.93,0.3,Correctly,,47af0724780047c34f476c1a9f7b547a9631805272bcd25c82ec7686c69a7611
20659868,Aura Pizzas,Sector 4,Delhi NCR,6168350302,"11:40 PM, September 09 2024",Delivered,Zomato Delivery,3km,1 x Margherita Pizza,,Flat Rs.125 off,649.0,27.8,93.0,0.0,0.0,0.0,583.8,,,,,,10.02,4.9,Correctly,,a7ffcb9e4f91fbff5baeddce59654687d99e418568dacce9c177aea47b9ce8fc
20659868,Aura Pizzas,Sector 4,Delhi NCR,6162376097,"10:27 PM, September 09 2024",Delivered,Zomato Delivery,5km,1 x Jamaican Chicken Melt,,50% off upto Rs.100,479.0,18.95,100.0,0.0,0.0,0.0,397.95,,,,,,12.65,4.0,Incorrectly,,8a00a472237992d7ccfe2d181ceed19b066c5f5b61190bd7aca9089f0a7088c8
20659868,Aura Pizzas,Sector 4,Delhi NCR,6150880903,"09:05 PM, September 09 2024",Delivered,Zomato Delivery,6km,"1 x Indian Masala Fries, 1 x Murgh Amritsari Garlic Bread",,60% off upto Rs.120,447.0,17.4,99.0,0.0,0.0,0.0,365.4,,,,,,8.33,1.3,Correctly,,b720104533c0b79e3509d75159cd08ae332bc9a1237b2f6b99d150197a692637
20659868,Aura Pizzas,Sector 4,Delhi NCR,6162006019,"08:55 PM, September 09 2024",Delivered,Zomato Delivery,9km,"2 x Masala Paneer Pide, 1 x Bageecha Pizza, 1 x Makhani Paneer Pizza",,Flat 15% off,2186.0,92.91,327.9,0.0,0.0,0.0,1951.01,,,,,,15.58,1.2,Correctly,,3949c48329676412fe4e4f89ade6d5889680810e21cbb9ee9f9135921da17337
20659868,Aura Pizzas,Sector 4,Delhi NCR,6165265530,"08:39 PM, September 09 2024",Delivered,Zomato Delivery,7km,"1 x All About Chicken Pizza, 1 x Salted Fries, 1 x Margherita Pizza",,Flat Rs.125 off,1287.0,59.7,93.0,0.0,0.0,0.0,1253.7,,,,,,19.05,1.7,Correctly,,c75911a6fa25dd4885382df73845266aac04d1428df515af853f9773efe2de6e
20659868,Aura Pizzas,Sector 4,Delhi NCR,6155583544,"08:25 PM, September 09 2024",Delivered,Zomato Delivery,4km,"1 x Tipsy Tiger Fresh Lime Soda, 1 x Bageecha Pizza",,Flat Rs.125 off,797.05,35.2,93.0,0.0,0.0,0.0,739.25,,,,,,12.28,2.9,Correctly,,779cbb1d2dbcfafdfb7f5235d681aaed199377b43210e3e85c8a06a84b9246ec
20659868,Aura Pizzas,Sector 4,Delhi NCR,6166339678,"08:00 PM, September 09 2024",Delivered,Zomato Delivery,5km,"1 x Chilli Cheese Garlic Bread, 1 x Angara Paneer Melt",,Flat Rs.140 off,767.0,32.75,112.0,0.0,0.0,0.0,687.75,,,,,,12.52,1.3,Correctly,,127b3de97e8fb68b502bc346fe0fa5be45987acbb9cef3a01a44f0af56654e1a
20659868,Aura Pizzas,Sector 4,Delhi NCR,6153881701,"07:28 PM, September 09 2024",Delivered,Zomato Delivery,2km,"1 x Bageecha Pizza, 1 x Herbed Potato",,Flat Rs.125 off,747.0,32.7,93.0,0.0,0.0,0.0,686.7,,,,,,7.97,7.4,Incorrectly,,eab024146f769783efa8468413f8dd08b0b159c7eddef738e4adfe2341c81c45
20659868,Aura Pizzas,Sector 4,Delhi NCR,6164782310,"05:47 PM, September 09 2024",Delivered,Zomato Delivery,5km,"1 x Murgh Amritsari Garlic Bread, 1 x All About Chicken Pizza",,Flat Rs.125 off,948.0,42.75,93.0,0.0,0.0,0.0,897.75,5.0,,,,,19.43,6.3,Correctly,,f8bad4e24b70b20ba92371b5d9318c6427bde5b62b8810a7e87b1f1de4a9bd2b
20659868,Aura Pizzas,Sector 4,Delhi NCR,6166525023,"03:40 PM, September 09 2024",Delivered,Zomato Delivery,2km,"1 x Cheesy Garlic Bread, 1 x Margherita Pizza, 1 x Peri Peri Fries",,Flat Rs.125 off,887.0,39.7,93.0,0.0,0.0,0.0,833.7,,,,,,11.13,7.0,Incorrectly,,85321a528e39eed8e77d8401608584541d9cf4cc5af43853462e94aa3217e743
20659868,Aura Pizzas,Sector 4,Delhi NCR,6166071939,"12:18 PM, September 09 2024",Delivered,Zomato Delivery,2km,1 x Makhani Paneer Pizza,,Flat Rs.125 off,579.0,24.3,93.0,0.0,0.0,0.0,510.3,1.0,,,,,10.67,3.1,Incorrectly,,9ae8324768e529321358d7659765817f3cc3853768cb59b3fa9c69ea4ee7c91a
20659868,Aura Pizzas,Sector 4,Delhi NCR,6159836280,"11:04 AM, September 09 2024",Delivered,Zomato Delivery,3km,1 x Peri Peri Paneer Pizza,,Flat Rs.620 off,628.0,26.4,100.0,0.0,0.0,0.0,554.4,5.0,Outstanding. Hot. Fresh. Juicy. I added more jalapeños and they really added (not like other places when just 2/3 are added and charged so much) loved it.. other restaurants must learn how to serve food from Khameera!,,,,20.57,15.7,Correctly,,5ffc12c9b281b17418d4b6a615ab515bab6d3ebfe9989385d67767cc88c33357
20659868,Aura Pizzas,Sector 4,Delhi NCR,6155620833,"01:44 AM, September 09 2024",Delivered,Zomato Delivery,3km,1 x All About Chicken Pizza,,Flat Rs.125 off,659.0,28.3,93.0,0.0,0.0,0.0,594.3,,,,,,11.83,1.8,Correctly,,32b31b7bc81cdc8403a222c955a0953b52765b32776fbe05dd105635702429e9
20659868,Aura Pizzas,Sector 4,Delhi NCR,6161623499,"01:39 AM, September 09 2024",Delivered,Zomato Delivery,7km,1 x Tripple Cheese Pizza,Order: Less tomato sauce please,Flat Rs.125 off,549.0,22.8,93.0,0.0,0.0,0.0,478.8,,,,,,10.02,2.4,Correctly,,494a137b600fc36e7a78e0c2e6cc3727576a85b4aeffa2a378ffda16d3349164
20659868,Aura Pizzas,Sector 4,Delhi NCR,6163530450,"01:14 AM, September 09 2024",Delivered,Zomato Delivery,2km,1 x Masala Paneer Pide,,60% off upto Rs.120,319.0,11.0,99.0,0.0,0.0,0.0,231.0,,,,,,10.32,0.9,Correctly,,e0fe7a0ccfc90f8688305a838dc6e81b30069c39d3a98c7de88f9006fece4416
20659868,Aura Pizzas,Sector 4,Delhi NCR,6162932796,"01:03 AM, September 09 2024",Delivered,Zomato Delivery,4km,"1 x Herbed Potato, 1 x Margherita Pizza",,Flat Rs.125 off,667.0,28.7,93.0,0.0,0.0,0.0,602.7,,,,,,,7.2,Missed,,ef2d9de49cd703d3fb696ef5a74baef216965cea489f4ea72570f4da910144b2
20659868,Aura Pizzas,Sector 4,Delhi NCR,6161550557,"12:56 AM, September 09 2024",Delivered,Zomato Delivery,7km,1 x Chilli Cheese Garlic Bread,,50% off upto Rs.100,259.0,7.95,100.0,0.0,0.0,0.0,166.95,,,,,,8.75,0.9,Correctly,,5377c7e432815c014e01e13518d7e8cf752c3f607acf7cde44e65ba0801f98b3
20659868,Aura Pizzas,Sector 4,Delhi NCR,6165617555,"12:42 AM, September 09 2024",Delivered,Zomato Delivery,3km,1 x Margherita Pizza,,Flat Rs.125 off,649.0,27.8,93.0,0.0,0.0,0.0,583.8,,,,,,10.05,1.2,Correctly,,a7ffcb9e4f91fbff5baeddce59654687d99e418568dacce9c177aea47b9ce8fc
20659868,Aura Pizzas,Sector 4,Delhi NCR,6158600924,"11:48 PM, September 08 2024",Delivered,Zomato Delivery,8km,1 x Desi Chicken Pepperoni Pizza,,Flat Rs.125 off,609.0,25.8,93.0,0.0,0.0,0.0,541.8,,,,,,9.7,5.7,Correctly,,6399d184640820520c7ae94e047cffee0981a3e0c62cbf2732ebdb8b2df639e4
20659868,Aura Pizzas,Sector 4,Delhi NCR,6164094551,"11:29 PM, September 08 2024",Delivered,Zomato Delivery,2km,"1 x Chilli Cheese Garlic Bread, 1 x Herbed Potato",,50% off upto Rs.100,407.0,15.35,100.0,0.0,0.0,0.0,322.35,,,,,,14.73,10.3,Correctly,,c80ee617b7c541b589c3117075b2e004342c1630bd58a87f25e492c46d8b2625
20659868,Aura Pizzas,Sector 4,Delhi NCR,6155725744,"10:17 PM, September 08 2024",Delivered,Zomato Delivery,1km,1 x Chilli Cheese Garlic Bread,,60% off upto Rs.120,259.0,8.0,99.0,0.0,0.0,0.0,168.0,,,,,,9.28,3.4,Correctly,,181c3ac571b001891ecf65e7cd8a5f02aca5bd7f7bef366e1f939427c80cee71
20659868,Aura Pizzas,Sector 4,Delhi NCR,6164827078,"09:32 PM, September 08 2024",Delivered,Zomato Delivery,3km,1 x Murgh Amritsari Garlic Bread,,60% off upto Rs.120,289.0,9.5,99.0,0.0,0.0,0.0,199.5,,,,,,9.52,1.7,Correctly,,4b6311d2756dec7d9e667cb6aaaa193854788ea5618aef328fd8f0ebf2b5efad
20659868,Aura Pizzas,Sector 4,Delhi NCR,6155977905,"09:29 PM, September 08 2024",Delivered,Zomato Delivery,2km,"1 x Margherita Pizza, 1 x Makhani Paneer Pizza",,Flat Rs.125 off,1208.0,55.75,93.0,0.0,0.0,0.0,1170.75,,,,,,12.45,0.4,Correctly,,647c97a50f4758778008ca6cd398fa7631ca6052c8bbc79e8cf4ffd71f8c6134
20659868,Aura Pizzas,Sector 4,Delhi NCR,6160703843,"08:47 PM, September 08 2024",Delivered,Zomato Delivery,8km,"1 x Cheesy Garlic Bread, 1 x Margherita Pizza, 1 x Jamaican Chicken Melt",,Flat Rs.125 off,1367.0,63.7,93.0,0.0,0.0,0.0,1337.7,,,,,,12.62,1.2,Correctly,,5d6a98449eab9308a823259113ad466e1b574ea6d331aa62cbea787e964a0c4c
20659868,Aura Pizzas,Sector 4,Delhi NCR,6164626402,"08:29 PM, September 08 2024",Delivered,Zomato Delivery,5km,"1 x Jamaican Chicken Melt, 1 x Cheesy Garlic Bread",,Flat Rs.125 off,718.0,31.25,93.0,0.0,0.0,0.0,656.25,,,,,,16.03,2.0,Correctly,,6d5987f9c22b72a38f2716f74ce21da9b6d60009f2abb5772cf06acb2830d048
20659868,Aura Pizzas,Sector 4,Delhi NCR,6158482824,"08:24 PM, September 08 2024",Delivered,Zomato Delivery,1km,"1 x Salted Fries, 1 x Chicken Pepperoni Pizza",,Flat Rs.125 off,1057.0,48.2,93.0,0.0,0.0,0.0,1012.2,,,,,,18.72,3.6,Correctly,,d3410f61dac6f3b552b1555fe5e58d163d4938d407dbdd2896732fac92a9f7ae
20659868,Aura Pizzas,Sector 4,Delhi NCR,6160467244,"08:18 PM, September 08 2024",Delivered,Zomato Delivery,2km,1 x All About Chicken Pizza,,Flat Rs.125 off,659.0,28.3,93.0,0.0,0.0,0.0,594.3,,,,,,18.8,3.1,Correctly,,100818fca9b433deefa36d429b97a5546f5d59ed3440748b93e478cabe67e29d
20659868,Aura Pizzas,Sector 4,Delhi NCR,6164229882,"07:59 PM, September 08 2024",Delivered,Zomato Delivery,6km,1 x Pepperoni Garlic Bread,,50% off upto Rs.100,279.0,8.95,100.0,0.0,0.0,0.0,187.95,,,,,,9.95,9.8,Incorrectly,,cb7f97f9d8a031a8efa73795c83754087665d74cd3c6a99986012fd792b4020a
20659868,Aura Pizzas,Sector 4,Delhi NCR,6163681118,"07:28 PM, September 08 2024",Delivered,Zomato Delivery,3km,1 x Margherita Pizza,,50% off upto Rs.100,459.0,17.95,100.0,0.0,0.0,0.0,376.95,,,,,,9.15,0.2,Correctly,,c4ff072e0a0ddc25e6f760eb21689f146c2b44bafd87c4ec39ff5a2b06974135
20659868,Aura Pizzas,Sector 4,Delhi NCR,6155294723,"06:36 PM, September 08 2024",Delivered,Zomato Delivery,4km,1 x Murgh Amritsari Garlic Bread,,60% off upto Rs.120,289.0,9.5,99.0,0.0,0.0,0.0,199.5,,,,,,10.07,3.1,Correctly,,b85edd5052b39954b086319952ca2d76184ce8d424fe20fa549b9ade2b4e173f
20659868,Aura Pizzas,Sector 4,Delhi NCR,6162403859,"05:59 PM, September 08 2024",Delivered,Zomato Delivery,1km,1 x Bageecha Pizza,,Flat Rs.125 off,799.0,35.3,93.0,0.0,0.0,0.0,741.3,,,,,,14.52,3.6,Correctly,,8466284a087b2e879bb6e726278d73dbbdd065fc94a9581dbf192e04b8e15813
20659868,Aura Pizzas,Sector 4,Delhi NCR,6163959914,"05:04 PM, September 08 2024",Delivered,Zomato Delivery,1km,"1 x Cheesy Garlic Bread, 1 x Makhani Paneer Pizza",,Flat Rs.125 off,988.0,44.75,93.0,0.0,0.0,0.0,939.75,,,,,,15.98,7.7,Correctly,,8e5eca2fbc6e09e8844c9034756cb9065ac97f322ea477c25f683d51e3561990
20659868,Aura Pizzas,Sector 4,Delhi NCR,6161101922,"04:15 PM, September 08 2024",Delivered,Zomato Delivery,8km,1 x Pepperoni Garlic Bread,,60% off upto Rs.120,279.0,9.0,99.0,0.0,0.0,0.0,189.0,,,,,,12.82,1.2,Correctly,,568fdbd2e9ba9227035ad4ca291fa8f5d8694f6af59f4cc8d0567ce97f5a79a3
20659868,Aura Pizzas,Sector 4,Delhi NCR,6154028112,"04:07 PM, September 08 2024",Delivered,Zomato Delivery,2km,1 x Peanut Butter Chocolate Pide,,60% off upto Rs.120,299.0,10.0,99.0,0.0,0.0,0.0,210.0,,,,,,27.22,25.2,Correctly,,1b642396317e64241b2d647373d5d4657c05a477bac6909745787f43f5b48fc2
20659868,Aura Pizzas,Sector 4,Delhi NCR,6160858824,"04:06 PM, September 08 2024",Delivered,Zomato Delivery,2km,"1 x Bageecha Pizza, 1 x Herbed Potato",,Flat Rs.125 off,747.0,32.7,93.0,0.0,0.0,0.0,686.7,,,,,,20.55,9.0,Correctly,,d74b86083c4dbb35d76696ad4192e95079ebca326f11f8d8936e01436e4008f1
20659868,Aura Pizzas,Sector 4,Delhi NCR,6161357699,"04:06 PM, September 08 2024",Delivered,Zomato Delivery,9km,"1 x Margherita Pizza, 2 x Salted Fries, 1 x Peri Peri Fries",,Flat Rs.125 off,986.0,44.65,93.0,0.0,0.0,0.0,937.65,,,,,,19.02,15.3,Correctly,,d5dcdf072e8bc59aef586fb4f5cb923335bade91f626d670e861dd457f0f715e
20659868,Aura Pizzas,Sector 4,Delhi NCR,6154853718,"03:12 PM, September 08 2024",Delivered,Zomato Delivery,6km,1 x Chilli Cheese Garlic Bread,,60% off upto Rs.120,259.0,8.0,99.0,0.0,0.0,0.0,168.0,,,,,,10.43,1.8,Correctly,,a3f193c914bfb5f748c5e8b19d760fc4b9178489a012306a509b46c31d0f2846
20659868,Aura Pizzas,Sector 4,Delhi NCR,6163571277,"02:40 PM, September 08 2024",Delivered,Zomato Delivery,3km,1 x Tripple Cheese Pizza,,Flat Rs.125 off,549.0,22.8,93.0,0.0,0.0,0.0,478.8,,,,,,7.28,4.0,Incorrectly,,947dd0b7d4034a156840846c37f726a57535353355eab9477a82a673fea8ee4e
20659868,Aura Pizzas,Sector 4,Delhi NCR,6156651018,"03:45 AM, September 08 2024",Returned,Zomato Delivery,10km,1 x Peri Peri Grilled Chicken Pizza,,Flat Rs.125 off,619.0,26.3,93.0,0.0,0.0,0.0,552.3,,,Cancelled by Zomato,389.81,,19.83,16.3,Correctly,,5816a245686b4a02c2f9d86de71795dc06bcae400fd880c4aa74cbed492922fc
20659868,Aura Pizzas,Sector 4,Delhi NCR,6160765669,"03:16 AM, September 08 2024",Delivered,Zomato Delivery,9km,1 x Peri Peri Grilled Chicken Pizza,,Flat Rs.125 off,987.0,44.7,93.0,0.0,0.0,0.0,938.7,,,,,,18.47,11.3,Correctly,,4471d5797e2ebde1bcfba23a532c4f1192e9a310d70b451601c48019f59ee5d7
20659868,Aura Pizzas,Sector 4,Delhi NCR,6154149121,"02:45 AM, September 08 2024",Delivered,Zomato Delivery,6km,"1 x Indian Masala Fries, 1 x Tripple Cheese Pizza",,Flat Rs.125 off,907.0,40.7,93.0,0.0,0.0,0.0,854.7,,,,,,13.28,2.3,Correctly,,149d444ccc4e61242d0baa81f8d9e5530cd8ce3ed0f33fbc9dc1a406066361fa
20659868,Aura Pizzas,Sector 4,Delhi NCR,6157876412,"01:12 AM, September 08 2024",Delivered,Zomato Delivery,6km,"1 x Jamaican Chicken Melt, 1 x Murgh Amritsari Garlic Bread",,Flat Rs.125 off,1024.0,46.55,93.0,0.0,0.0,0.0,977.55,,,,,,16.48,2.8,Correctly,,834ffe3a5fd9d583c822eb3041973f94a8f054451446307759be0228278924a8
20659868,Aura Pizzas,Sector 4,Delhi NCR,6159119301,"12:07 AM, September 08 2024",Delivered,Zomato Delivery,16km,"1 x Desi Pepperoni Pizza, 1 x Mushroom Pizza",,Flat 15% off,1857.0,78.92,278.55,0.0,0.0,0.0,1657.37,,,,,,21.68,2.0,Correctly,,4b1eb7104207ada938a7ac7cf47f5d63296de224b091cdab49b5ba7a8114c946
20659868,Aura Pizzas,Sector 4,Delhi NCR,6159327536,"12:05 AM, September 08 2024",Delivered,Zomato Delivery,5km,1 x Chilli Cheese Garlic Bread,,60% off upto Rs.120,259.0,8.0,99.0,0.0,0.0,0.0,168.0,,,,,,11.02,1.9,Correctly,,b9a5d5ace4903b3a19c78041dd58139a8f44e2d5301cdc3a2cf42744a87855ce
20659868,Aura Pizzas,Sector 4,Delhi NCR,6161282941,"12:04 AM, September 08 2024",Delivered,Zomato Delivery,5km,1 x Margherita Pizza,,60% off upto Rs.120,459.0,18.0,99.0,0.0,0.0,0.0,378.0,5.0,,,,,11.08,4.8,Correctly,,1a041c273e8fa4e30778bf74168de1eee5aeff7ed1eabff5cfd968a780031db8
20659868,Aura Pizzas,Sector 4,Delhi NCR,6157420311,"11:50 PM, September 07 2024",Delivered,Zomato Delivery,8km,"1 x Cheesy Garlic Bread, 1 x Jamaican Chicken Melt",,Flat Rs.125 off,718.0,31.25,93.0,0.0,0.0,0.0,656.25,,,,,,17.83,10.7,Correctly,,971591773bd8b836a2d63ad5a4bee8fe3a968f681064df6e51048f1c939e9857
20659868,Aura Pizzas,Sector 4,Delhi NCR,6161000508,"11:06 PM, September 07 2024",Delivered,Zomato Delivery,8km,1 x Margherita Pizza,,Flat Rs.125 off,649.0,27.8,93.0,0.0,0.0,0.0,583.8,,,,,,12.32,4.2,Correctly,,fd599194b8815a42dc6a97862d19bbe0446ad4000a29d28daab16060b1160f38
20659868,Aura Pizzas,Sector 4,Delhi NCR,6161811306,"11:03 PM, September 07 2024",Delivered,Zomato Delivery,4km,"1 x Murgh Amritsari Seekh Pide, 1 x Tripple Cheese Pizza",,Flat Rs.125 off,898.0,40.25,93.0,0.0,0.0,0.0,845.25,5.0,,,,,13.08,1.6,Correctly,,9378e7268643e918233cf3a00eededd221a0b484236027bfc62bb4884a04d670
20659868,Aura Pizzas,Sector 4,Delhi NCR,6161316114,"10:35 PM, September 07 2024",Delivered,Zomato Delivery,7km,1 x Bageecha Pizza,,Flat Rs.125 off,599.0,25.3,93.0,0.0,0.0,0.0,531.3,,,,,,11.02,2.1,Correctly,,8ecbfb026510d21c46002e7faf7d65efea6adfbac2fcb16176b3b925201d226b
20659868,Aura Pizzas,Sector 4,Delhi NCR,6161374321,"09:40 PM, September 07 2024",Delivered,Zomato Delivery,5km,1 x Jamaican Chicken Melt,,60% off upto Rs.120,479.0,19.0,99.0,0.0,0.0,0.0,399.0,,,,,,16.18,2.2,Correctly,,ba9e0260de1d84044cc6fa4de18444c51f7fc341bb12641c4bb3a26233386caf
20659868,Aura Pizzas,Sector 4,Delhi NCR,6161404529,"09:30 PM, September 07 2024",Delivered,Zomato Delivery,2km,"1 x All About Chicken Pizza, 1 x Grilled Tangdis",,Flat Rs.125 off,988.0,44.75,93.0,0.0,0.0,0.0,939.75,,,,,,23.77,5.5,Correctly,,2fe87e61b374b522ea05bf66a8a4d2a808e3fadbbce77800822cd1327839c2e6
20659868,Aura Pizzas,Sector 4,Delhi NCR,6116926909,"09:26 PM, September 07 2024",Delivered,Zomato Delivery,6km,"1 x Murgh Amritsari Seekh Pizza, 1 x Jamaican Chicken Melt, 2 x Indian Masala Fries",,,1821.0,91.05,0.0,0.0,0.0,0.0,1912.05,,,,,,20.65,2.0,Correctly,,604e8242015a95d7a475f20a44977b8fbc32793950ec1672d58d45991049fec1
20659868,Aura Pizzas,Sector 4,Delhi NCR,6160047379,"09:23 PM, September 07 2024",Delivered,Zomato Delivery,14km,1 x Bageecha Pizza,Order: add green chilly make SPICY,Flat Rs.125 off,599.0,25.3,93.0,0.0,0.0,0.0,531.3,4.0,,,,,17.4,1.1,Correctly,,267f5607757b2254fb3517ab6e74aeb348a742a0d940c94f6504d66d4120f61b
20659868,Aura Pizzas,Sector 4,Delhi NCR,6142218831,"09:11 PM, September 07 2024",Delivered,Zomato Delivery,9km,"1 x Herbed Potato, 1 x Masala Paneer Pide, 1 x Spinach Sumac Pide",,Flat Rs.125 off,856.0,38.15,93.0,0.0,0.0,0.0,801.15,,,,,,22.55,2.3,Correctly,,d490f48ddcef6277e8ce9b92c3c1a3c5eaf86b3b9fa1b7821cbacdbe488a8300
20659868,Aura Pizzas,Sector 4,Delhi NCR,6154816966,"09:10 PM, September 07 2024",Delivered,Zomato Delivery,3km,"1 x Bageecha Pizza, 1 x Cheesy Garlic Bread",,Flat Rs.125 off,838.0,37.25,93.0,0.0,0.0,0.0,782.25,,,,,,19.9,1.1,Correctly,,40f48e5a76f74d7f6a8088269e5c5b6bf1bc7903aa32131182163658da02dcbc
20659868,Aura Pizzas,Sector 4,Delhi NCR,6158097723,"09:10 PM, September 07 2024",Delivered,Zomato Delivery,8km,"1 x Bageecha Pizza, 1 x Peri Peri Paneer Pizza",,Flat Rs.125 off,1257.0,58.2,93.0,0.0,0.0,0.0,1222.2,,,,,,17.7,1.0,Correctly,,9b511ac7989056e06c8816f53f5fe18110e43fb8d6ab6d5bff7a033e68ec6b92
20659868,Aura Pizzas,Sector 4,Delhi NCR,6150413153,"08:43 PM, September 07 2024",Delivered,Zomato Delivery,14km,"1 x Masala Paneer Pide, 1 x Bageecha Pizza, 1 x Peri Peri Fries",Order: please do NOT add the ginger on anything,Flat Rs.125 off,1167.0,53.7,93.0,0.0,0.0,0.0,1127.7,,,,,,7.03,1.5,Correctly,,a37d79d10b6589d1c371dd053b18d81728cc985f56468ff9f4e6445a005e5988
20659868,Aura Pizzas,Sector 4,Delhi NCR,6150136047,"08:20 PM, September 07 2024",Delivered,Zomato Delivery,8km,"1 x Margherita Pizza, 1 x Cheesy Garlic Bread",,Flat Rs.125 off,888.0,39.75,93.0,0.0,0.0,0.0,834.75,,,,,,13.15,0.3,Correctly,,65f6cd085a8ad6a5d45d2831b5e10fab83d0e2ed23326924a53b3a8177ba1ab4
20659868,Aura Pizzas,Sector 4,Delhi NCR,6159301692,"08:16 PM, September 07 2024",Delivered,Zomato Delivery,3km,1 x All About Chicken Pizza,,Flat Rs.125 off,998.0,45.25,93.0,0.0,0.0,0.0,950.25,5.0,,,,,13.53,1.1,Correctly,,1a360516a8d37f4f211c15ac2c8e6c7728c2133a9193c1cdea10bfa92d2663a4
20659868,Aura Pizzas,Sector 4,Delhi NCR,6160273960,"07:54 PM, September 07 2024",Delivered,Zomato Delivery,3km,1 x Angara Paneer Melt,,50% off upto Rs.100,449.0,17.45,100.0,0.0,0.0,0.0,366.45,,,,,,10.2,0.8,Correctly,,5c837c3c87814898eee753dc5721a2ab0c8226b3e3a508c722acd88ec0b8cca7
20659868,Aura Pizzas,Sector 4,Delhi NCR,6160437235,"07:44 PM, September 07 2024",Delivered,Zomato Delivery,5km,1 x Tripple Cheese Pizza,,Flat Rs.125 off,549.0,22.8,93.0,0.0,0.0,0.0,478.8,,,,,,10.22,0.6,Correctly,,80112853ab02d67b71d45aeb5af12e5aebae2ee443b39298b18faeb207ae1b3c
20659868,Aura Pizzas,Sector 4,Delhi NCR,6156324403,"07:03 PM, September 07 2024",Delivered,Zomato Delivery,5km,"1 x Mushroom Mozzarella Melt, 1 x Masala Paneer Pide",,Flat Rs.125 off,827.0,36.7,93.0,0.0,0.0,0.0,770.7,,,,,,16.75,0.9,Correctly,,25837c6c1bdd168ce00a9d674a00b2e96db4d2412f891e0c6be3f71cd4e128d5
20659868,Aura Pizzas,Sector 4,Delhi NCR,6155942730,"06:51 PM, September 07 2024",Delivered,Zomato Delivery,2km,1 x Tripple Cheese Pizza,,,549.0,27.45,0.0,0.0,0.0,0.0,576.45,5.0,,,,,13.38,4.6,Correctly,,653164ed6a8fe694f9e8c104a73678b3b7883fce7a76b1123f74cfddc7422649
20659868,Aura Pizzas,Sector 4,Delhi NCR,6159784422,"05:58 PM, September 07 2024",Delivered,Zomato Delivery,6km,1 x Angara Paneer Melt,,50% off upto Rs.100,449.0,17.45,100.0,0.0,0.0,0.0,366.45,,,,,,7.63,1.4,Correctly,,7e908f924037fa9f91edcbbc4ac4ed49d80ff41f9c9d88e569b39e4d1f397cbe
20659868,Aura Pizzas,Sector 4,Delhi NCR,6143127917,"05:49 PM, September 07 2024",Delivered,Zomato Delivery,7km,1 x Murgh Amritsari Seekh Pizza,,Flat Rs.125 off,708.0,30.75,93.0,0.0,0.0,0.0,645.75,5.0,,,,,7.82,1.5,Correctly,,14c2d68e2050d3f61a18adfb73639061d40cd09354f7d950de9093a2fda9d7ac
20659868,Aura Pizzas,Sector 4,Delhi NCR,6159662294,"04:28 PM, September 07 2024",Delivered,Zomato Delivery,3km,"1 x Makhani Paneer Pizza, 1 x Bageecha Pizza",,Flat 15% off,1548.0,65.79,232.2,0.0,0.0,0.0,1381.59,,,,,,21.07,11.4,Correctly,,39ba1a979716dd0f0ae48fbd536093e73b135d7675f8798d8156e3155c7d976e
20659868,Aura Pizzas,Sector 4,Delhi NCR,6158183791,"04:08 PM, September 07 2024",Delivered,Zomato Delivery,11km,"1 x Bageecha Pizza, 1 x Salted Fries, 1 x Peri Peri Grilled Chicken Pizza",,Flat Rs.125 off,1387.0,64.7,93.0,0.0,0.0,0.0,1358.7,,,,,,24.3,11.5,Correctly,,0ffabf1fc7d205f8a5ca34673b5952d76cbe75dace856ae2c436ec54990375a1
20659868,Aura Pizzas,Sector 4,Delhi NCR,6152210972,"02:36 PM, September 07 2024",Delivered,Zomato Delivery,2km,1 x Peri Peri Paneer Pizza,,,579.0,28.95,0.0,0.0,0.0,0.0,607.95,,,,,,11.87,4.3,Correctly,,beaba8fc4fde1a70328c7c31a7516d3b2fbf392be2f4ed13eef4ff6ca4025dfd
20659868,Aura Pizzas,Sector 4,Delhi NCR,6155510355,"02:04 PM, September 07 2024",Delivered,Zomato Delivery,1km,1 x Angara Paneer Melt,,50% off upto Rs.100,449.0,17.45,100.0,0.0,0.0,0.0,366.45,,,,,,8.22,0.5,Correctly,,0d4e5f880a0a323b22774af74c9927a39426851b5db567dfcbe5b8c398371d1b
20659868,Aura Pizzas,Sector 4,Delhi NCR,6158202468,"11:59 AM, September 07 2024",Delivered,Zomato Delivery,9km,"1 x Bageecha Pizza, 1 x Chicken Pepperoni Pizza",,Buy 1 Get 1 - ₹599.00,599.0,29.95,0.0,0.0,0.0,0.0,628.95,,,,,,10.8,3.7,Correctly,,af770f1bc71ea28cbb282c91f777d54879b1cf553541f7cfdabfc35f7ef7e1b8
20659868,Aura Pizzas,Sector 4,Delhi NCR,6158030420,"11:32 AM, September 07 2024",Delivered,Zomato Delivery,4km,4 x Grilled Tangdis,,Buy 1 Get 1 - ₹538.00,538.0,26.9,0.0,0.0,0.0,0.0,564.9,,,,,,21.07,2.1,Correctly,,6942ce2329fce1c5f80908fbca8f5d377b94ddfbe703aa1f89fac7524ef794cc
20659868,Aura Pizzas,Sector 4,Delhi NCR,6150530160,"11:19 AM, September 07 2024",Delivered,Zomato Delivery,8km,"1 x Peri Peri Fries, 1 x Margherita Pizza",,Buy 1 Get 1 - ₹189.00,459.0,22.95,0.0,0.0,0.0,0.0,481.95,,,,,,20.72,10.2,Correctly,,0836814202c54bb2934aa1163a090a05d7c36c6066cfd0ac64aa25ac7755ce70
20659868,Aura Pizzas,Sector 4,Delhi NCR,6159247113,"03:28 AM, September 07 2024",Delivered,Zomato Delivery,7km,"1 x Murgh Amritsari Seekh Pide, 1 x Grilled Tangdis",,Buy 1 Get 1 - ₹329.00,349.0,17.45,0.0,0.0,0.0,0.0,366.45,,,,,,12.07,1.4,Correctly,,4fd10b212a5dcdd931b647657c28ad7afcaf9bd3466fe03c9ab70df0472873f4
20659868,Aura Pizzas,Sector 4,Delhi NCR,6158784179,"02:57 AM, September 07 2024",Delivered,Zomato Delivery,7km,"1 x Murgh Amritsari Garlic Bread, 1 x Mutton Seekh Pide",,Buy 1 Get 1 - ₹348.00,399.0,19.95,0.0,0.0,0.0,0.0,418.95,,,,,,14.18,1.8,Correctly,,8921c5ff684f4fc86948279b6d4b333f872af6c7854bf133bc9b08a494db91f1
20659868,Aura Pizzas,Sector 4,Delhi NCR,6156717316,"02:55 AM, September 07 2024",Delivered,Zomato Delivery,7km,"1 x Chicken Pepperoni Pizza, 1 x Jamaican Chicken Melt",,Buy 1 Get 1 - ₹797.00,809.0,40.45,0.0,0.0,0.0,0.0,849.45,,,,,,28.62,7.5,Correctly,,6a25358a6626296fe48f34388b585adc271446433215e9d907a3f650dc2895ce
20659868,Aura Pizzas,Sector 4,Delhi NCR,6154538126,"02:51 AM, September 07 2024",Delivered,Zomato Delivery,6km,"1 x Murgh Amritsari Seekh Melt, 1 x Murgh Amritsari Seekh Pizza",,Buy 1 Get 1 - ₹617.00,629.0,31.45,0.0,0.0,0.0,0.0,660.45,,,,,,19.83,0.9,Correctly,,6a7bb33e2ce2b4c76c3c4e1be20e3e0fe1247a28eeded3eec6552d828f918fd8
20659868,Aura Pizzas,Sector 4,Delhi NCR,6154988034,"02:48 AM, September 07 2024",Returned,Zomato Delivery,1km,2 x Chilli Cheese Garlic Bread,,Buy 1 Get 1 - ₹259.00,259.0,12.95,0.0,0.0,0.0,0.0,271.95,,,Cancelled by Zomato,191.95,,4.43,13.3,Incorrectly,,f74e07b5779ff8c921172dd5207396b3bcdfd2fcdf54c5fed7fc6fc7bd73c6c9
20659868,Aura Pizzas,Sector 4,Delhi NCR,6157843767,"02:03 AM, September 07 2024",Delivered,Zomato Delivery,2km,2 x Tripple Cheese Pizza,,Buy 1 Get 1 - ₹549.00,549.0,27.45,0.0,0.0,0.0,0.0,576.45,,,,,,10.08,1.4,Correctly,,6706a6aa2718c97794c9ed828f2a5223578a8e3ce5a2251408a710dca3f0815f
20659868,Aura Pizzas,Sector 4,Delhi NCR,6159460572,"02:00 AM, September 07 2024",Delivered,Zomato Delivery,8km,2 x Grilled Tangdis,,Buy 1 Get 1 - ₹269.00,269.0,13.45,0.0,0.0,0.0,0.0,282.45,,,,,,13.33,0.8,Correctly,,74f0382e99994151c08fda28da29ea39653545ebbbc01478b339e5297ff53c6d
20659868,Aura Pizzas,Sector 4,Delhi NCR,6157130683,"01:37 AM, September 07 2024",Delivered,Zomato Delivery,3km,"1 x Mushroom Mozzarella Melt, 1 x Jamaican Chicken Melt",,Buy 1 Get 1 - ₹449.00,479.0,23.95,0.0,0.0,0.0,0.0,502.95,,,,,,31.67,1.3,Correctly,,46c5023b74ed7e4bfb7a2bb289db7f6850a61dc86ab0ff80af5317c2911088f9
20659868,Aura Pizzas,Sector 4,Delhi NCR,6151118233,"01:26 AM, September 07 2024",Delivered,Zomato Delivery,4km,"1 x Just Pepperoni Pizza, 1 x Peanut Butter Chocolate Pide",,Buy 1 Get 1 - ₹299.00,649.0,32.45,0.0,0.0,0.0,0.0,681.45,,,,,,27.42,6.8,Correctly,,a7717ffa0a9e862ce4f1704471d470dbbb98ed34ac8ab684c6bbe623d380cf2c
20659868,Aura Pizzas,Sector 4,Delhi NCR,6159040669,"01:19 AM, September 07 2024",Delivered,Zomato Delivery,4km,"1 x Jamaican Chicken Melt, 1 x Murgh Amritsari Seekh Pide",,Buy 1 Get 1 - ₹349.00,479.0,23.95,0.0,0.0,0.0,0.0,502.95,,,,,,26.4,4.5,Correctly,,e30bf52cf83ee98e547b45eacf78ec88efa6e36025608f2d1585a2cec3be7aac
20659868,Aura Pizzas,Sector 4,Delhi NCR,6157559503,"01:11 AM, September 07 2024",Delivered,Zomato Delivery,3km,"1 x All About Chicken Pizza, 1 x Bageecha Pizza",,Buy 1 Get 1 - ₹678.00,738.0,36.9,0.0,0.0,0.0,0.0,774.9,,,,,,43.5,14.4,Correctly,,4afff25bdc4980ee972ded370e6726b2adb85b429012ad2e22c1bfb168b8fbe9
20659868,Aura Pizzas,Sector 4,Delhi NCR,6158830583,"01:09 AM, September 07 2024",Delivered,Zomato Delivery,2km,"1 x Chilli Cheese Garlic Bread, 1 x Murgh Amritsari Garlic Bread",,Buy 1 Get 1 - ₹259.00,289.0,14.45,0.0,0.0,0.0,0.0,303.45,,,,,,12.7,0.5,Correctly,,53c6dbd6474f4729381599b755ad03e1084d0d50fcd18138cbdfcfea825b9265
20659868,Aura Pizzas,Sector 4,Delhi NCR,6149051350,"01:07 AM, September 07 2024",Delivered,Zomato Delivery,16km,"1 x Murgh Amritsari Seekh Pizza, 1 x Desi Pepperoni Pizza",,Buy 1 Get 1 - ₹809.00,1058.0,52.9,0.0,0.0,0.0,0.0,1110.9,,,,,,31.98,14.8,Incorrectly,,4b1eb7104207ada938a7ac7cf47f5d63296de224b091cdab49b5ba7a8114c946
20659868,Aura Pizzas,Sector 4,Delhi NCR,6153001073,"01:05 AM, September 07 2024",Rejected,Zomato Delivery,16km,"1 x Desi Pepperoni Pizza, 1 x Murgh Amritsari Garlic Bread",,Buy 1 Get 1 - ₹348.00,758.0,37.9,0.0,0.0,0.0,0.0,795.9,,,Cancelled by Customer,318.36,,,,Missed,,4b1eb7104207ada938a7ac7cf47f5d63296de224b091cdab49b5ba7a8114c946
20659868,Aura Pizzas,Sector 4,Delhi NCR,6152129400,"01:01 AM, September 07 2024",Delivered,Zomato Delivery,3km,"1 x Bageecha Pizza, 1 x All About Chicken Pizza",,Buy 1 Get 1 - ₹799.00,859.0,42.95,0.0,0.0,0.0,0.0,901.95,,,,,,15.18,0.3,Correctly,,39ba1a979716dd0f0ae48fbd536093e73b135d7675f8798d8156e3155c7d976e
20659868,Aura Pizzas,Sector 4,Delhi NCR,6156211599,"12:39 AM, September 07 2024",Delivered,Zomato Delivery,3km,"1 x Just Pepperoni Pide, 1 x Chilli Cheese Garlic Bread",,Buy 1 Get 1 - ₹318.00,399.0,19.95,0.0,0.0,0.0,0.0,418.95,5.0,,,,,10.7,1.1,Correctly,,c1d52f9d0acfcc61c0a477f04eae4f4e1fbe35f3ceae6274cdf80b22e535200a
20659868,Aura Pizzas,Sector 4,Delhi NCR,6158502923,"12:22 AM, September 07 2024",Delivered,Zomato Delivery,<1km,"1 x Murgh Amritsari Seekh Pide, 1 x All About Chicken Pizza",,Buy 1 Get 1 - ₹349.00,659.0,32.95,0.0,0.0,0.0,0.0,691.95,,,,,,18.32,2.4,Correctly,,36d4d6797287b658321f0dd3a344bfda734ea5da51a189eb30f93451cf0698e7
20659868,Aura Pizzas,Sector 4,Delhi NCR,6158120379,"12:06 AM, September 07 2024",Delivered,Zomato Delivery,1km,2 x Masala Paneer Pide,,Buy 1 Get 1 - ₹319.00,319.0,15.95,0.0,0.0,0.0,0.0,334.95,,,,,,16.22,2.6,Correctly,,9ce98e1c8fe02a8b464fef5e3ab657d08ddd2af50ca3ac1f1e531cac23c1732d
20659868,Aura Pizzas,Sector 4,Delhi NCR,6155506197,"12:05 AM, September 07 2024",Delivered,Zomato Delivery,1km,"1 x Masala Paneer Pide, 1 x Chilli Cheese Garlic Bread",,Buy 1 Get 1 - ₹259.00,319.0,15.95,0.0,0.0,0.0,0.0,334.95,4.0,,,,,17.57,1.0,Correctly,,f56d05013d957ce25aa2586984033763582e9ef0b5b3b25b117bb028927968ee
20659868,Aura Pizzas,Sector 4,Delhi NCR,6157889609,"11:51 PM, September 06 2024",Delivered,Zomato Delivery,8km,"1 x Makhani Paneer Pizza, 1 x All About Chicken Pizza",,Buy 1 Get 1 - ₹749.00,859.0,42.95,0.0,0.0,0.0,0.0,901.95,,,,,,30.92,10.8,Correctly,,804a293c9836e35e9287caa74ec3ac70566ad5689d569bb940fce75b3b7b2624
20659868,Aura Pizzas,Sector 4,Delhi NCR,6153562449,"11:42 PM, September 06 2024",Delivered,Zomato Delivery,8km,"1 x Murgh Amritsari Seekh Melt, 1 x Jamaican Chicken Melt",,Buy 1 Get 1 - ₹479.00,479.0,23.95,0.0,0.0,0.0,0.0,502.95,,,,,,22.5,1.9,Correctly,,76f2b48c13030e1de4b51d5ddad9ed19476335d1d6b29f7496546a0c95bc401b
20659868,Aura Pizzas,Sector 4,Delhi NCR,6159283828,"11:41 PM, September 06 2024",Delivered,Zomato Delivery,6km,"1 x Peri Peri Paneer Melt, 1 x Garlic Aioli",,Flat Rs.125 off,519.0,21.3,93.0,0.0,0.0,0.0,447.3,,,,,,22.67,2.3,Correctly,Poor taste or quality,33c69b7971ae28ea3dd843fb16892339784847f361efd87f6b09beffe4968d53
20659868,Aura Pizzas,Sector 4,Delhi NCR,6151440278,"11:37 PM, September 06 2024",Delivered,Zomato Delivery,2km,"1 x Makhani Paneer Pizza, 1 x Cheesy Garlic Bread",,Flat Rs.125 off,1048.0,47.75,93.0,0.0,0.0,0.0,1002.75,,,,,,16.8,0.5,Correctly,,02b57794cda902728202cbf94ea09b7b1fad3a2cdb405792dde4274a2efe9c31
20659868,Aura Pizzas,Sector 4,Delhi NCR,6157702653,"11:37 PM, September 06 2024",Delivered,Zomato Delivery,3km,"1 x Chilli Cheese Garlic Bread, 1 x Fried Chicken Strips",,Buy 1 Get 1 - ₹249.00,259.0,12.95,0.0,0.0,0.0,0.0,271.95,5.0,,,,,19.77,3.3,Correctly,,c1d52f9d0acfcc61c0a477f04eae4f4e1fbe35f3ceae6274cdf80b22e535200a
20659868,Aura Pizzas,Sector 4,Delhi NCR,6147705170,"11:29 PM, September 06 2024",Delivered,Zomato Delivery,7km,"2 x Indian Masala Fries, 1 x Malai Gud Pide, 1 x Chilli Cheese Garlic Bread, 1 x Murgh Amritsari Seekh Pizza, 1 x All About Chicken Pizza",,Buy 1 Get 1 - ₹1046.00,1076.0,53.8,0.0,0.0,0.0,0.0,1129.8,,,,,,25.18,2.7,Correctly,,305e50786617bef0718d1d2fd64913f609656a8c09c1571dd401e7aff57b0534
20659868,Aura Pizzas,Sector 4,Delhi NCR,6154139062,"11:24 PM, September 06 2024",Delivered,Zomato Delivery,10km,2 x Desi Chicken Pepperoni Pizza,,Buy 1 Get 1 - ₹669.00,669.0,33.45,0.0,0.0,0.0,0.0,702.45,5.0,,,,,10.82,0.7,Correctly,,a81dba4fd590ef70e836d456d9ec8b9149535135ad362554d0ca92e593e507c1
20659868,Aura Pizzas,Sector 4,Delhi NCR,6135517401,"11:24 PM, September 06 2024",Delivered,Zomato Delivery,2km,"1 x Bageecha Pizza, 1 x Murgh Amritsari Seekh Pizza",,Buy 1 Get 1 - ₹629.00,648.0,32.4,0.0,0.0,0.0,0.0,680.4,,,,,,15.83,2.3,Correctly,,573f2d003fc1977011829fdc571b0d7a7c8121bb5e83172c9499751a510f5423
20659868,Aura Pizzas,Sector 4,Delhi NCR,6158731942,"10:41 PM, September 06 2024",Delivered,Zomato Delivery,3km,"1 x Peri Peri Fries, 1 x Chilli Cheese Garlic Bread, 1 x Margherita Pizza",,Buy 1 Get 1 - ₹259.00,648.0,32.4,0.0,0.0,0.0,0.0,680.4,,,,,,22.22,9.7,Incorrectly,,b0d6e5f306ce65a2099d7bfc92ac25c63ec35d16167db1d2f0781bc8969d9f43
20659868,Aura Pizzas,Sector 4,Delhi NCR,6158977933,"10:34 PM, September 06 2024",Delivered,Zomato Delivery,6km,2 x Murgh Amritsari Seekh Melt,,Buy 1 Get 1 - ₹479.00,479.0,23.95,0.0,0.0,0.0,0.0,502.95,,,,,,22.55,5.1,Correctly,,6c24d2044b9eb120a8ad72e45545bc27569094def10dcf1b71d20b7ba75daefa
20659868,Aura Pizzas,Sector 4,Delhi NCR,6157409175,"10:33 PM, September 06 2024",Delivered,Zomato Delivery,3km,1 x Masala Paneer Pide,,60% off upto Rs.120,319.0,11.0,99.0,0.0,0.0,0.0,231.0,,,,,,17.6,1.5,Correctly,Non-refunded complaint,da2d6748be438cdd8d62934b9cf4051a19254a0c8231dbf088f7846be998cda7
20659868,Aura Pizzas,Sector 4,Delhi NCR,6155304878,"10:26 PM, September 06 2024",Delivered,Zomato Delivery,15km,"1 x Murgh Amritsari Seekh Melt, 1 x Angara Paneer Melt, 1 x Jamaican Chicken Melt, 1 x Murgh Amritsari Seekh Pide",,Buy 1 Get 1 - ₹987.00,1005.0,50.25,0.0,0.0,0.0,0.0,1055.25,,,,,,16.73,1.6,Correctly,,c985abd2a1a1d7b51d2c6a9fcf4f67252e05d9867eafac1b056c044b8ff3e42b
20659868,Aura Pizzas,Sector 4,Delhi NCR,6158607210,"10:23 PM, September 06 2024",Delivered,Zomato Delivery,16km,2 x All About Chicken Pizza,,Buy 1 Get 1 - ₹659.00,659.0,32.95,0.0,0.0,0.0,0.0,691.95,,,,,,13.02,2.5,Correctly,,bea738d2e5f52a9f5e562cc8dc1fc175f3bcff7cec0edf4c746a902ffa5b4b00
20659868,Aura Pizzas,Sector 4,Delhi NCR,6149367369,"10:00 PM, September 06 2024",Delivered,Zomato Delivery,6km,"1 x Herbed Potato, 1 x Angara Paneer Melt, 1 x Makhani Paneer Pizza, 1 x Cheesy Garlic Bread",,Buy 1 Get 1 - ₹597.00,818.0,40.9,0.0,0.0,0.0,0.0,858.9,,,,,,16.08,1.4,Correctly,,262e4863b543929998d14373f6986c1a660b341a626849c64c233b6ed5f6b3e0
20659868,Aura Pizzas,Sector 4,Delhi NCR,6157819273,"09:39 PM, September 06 2024",Delivered,Zomato Delivery,2km,"1 x Bageecha Pizza, 1 x All About Chicken Pizza",,Buy 1 Get 1 - ₹599.00,659.0,32.95,0.0,0.0,0.0,0.0,691.95,,,,,,14.35,2.1,Correctly,,6a8f320adcc1e861c7e9c5659b93ef78348caf331ef6e601666ca0183f1aa38b
20659868,Aura Pizzas,Sector 4,Delhi NCR,6153361337,"09:18 PM, September 06 2024",Delivered,Zomato Delivery,6km,"1 x Murgh Amritsari Seekh Pizza, 2 x Grilled Tangdis, 1 x Chilli Cheese Garlic Bread",,Buy 1 Get 1 - ₹528.00,1176.0,58.8,0.0,0.0,0.0,0.0,1234.8,,,,,,20.28,5.9,Incorrectly,Non-refunded complaint,f0b7397c61108e75bef101591de1d6c7be3c435572919c2fabd3ed1360b307fd
20659868,Aura Pizzas,Sector 4,Delhi NCR,6155554755,"09:03 PM, September 06 2024",Delivered,Zomato Delivery,7km,"1 x Bageecha Pizza, 1 x Margherita Pizza",,Buy 1 Get 1 - ₹459.00,599.0,29.95,0.0,0.0,0.0,0.0,628.95,,,,,,13.92,1.2,Correctly,,c75911a6fa25dd4885382df73845266aac04d1428df515af853f9773efe2de6e
20659868,Aura Pizzas,Sector 4,Delhi NCR,6153019576,"09:03 PM, September 06 2024",Delivered,Zomato Delivery,4km,2 x Chilli Cheese Garlic Bread,,Buy 1 Get 1 - ₹259.00,259.0,12.95,0.0,0.0,0.0,0.0,271.95,,,,,,10.77,0.2,Correctly,,871321a6f198aefc908fbb8430714d96c692a40eb22476da3b4d77827bd1f560
20659868,Aura Pizzas,Sector 4,Delhi NCR,6158410138,"09:01 PM, September 06 2024",Delivered,Zomato Delivery,2km,2 x Bageecha Pizza,,Buy 1 Get 1 - ₹799.00,799.0,39.95,0.0,0.0,0.0,0.0,838.95,,,,,,8.78,1.6,Correctly,,6e6affe242db38732a5297d77b5b5dd9e6d1a52173edcaeb8ee7020da0d4803e
20659868,Aura Pizzas,Sector 4,Delhi NCR,6150215890,"08:50 PM, September 06 2024",Delivered,Zomato Delivery,5km,"1 x Herbed Potato, 1 x Cheesy Garlic Bread",,Buy 1 Get 1 - ₹208.00,239.0,11.95,0.0,0.0,0.0,0.0,250.95,5.0,,,,,8.58,1.2,Correctly,,10fb4465e39fa8a8332be5f04e577048fba26e3013a333299b6d4a9bb3e2d8cf
20659868,Aura Pizzas,Sector 4,Delhi NCR,6153387658,"08:35 PM, September 06 2024",Delivered,Zomato Delivery,3km,"1 x Masala Paneer Pide, 1 x Chilli Cheese Garlic Bread",,Buy 1 Get 1 - ₹259.00,319.0,15.95,0.0,0.0,0.0,0.0,334.95,,,,,,16.52,1.7,Correctly,,82450e2755accbf988ba92406c3c5651a58e5d25f0ecc4c0a5aadb9a7b01d889
20659868,Aura Pizzas,Sector 4,Delhi NCR,6156284244,"08:29 PM, September 06 2024",Delivered,Zomato Delivery,1km,"1 x Masala Potato Pide, 1 x Makhani Paneer Pizza",,Buy 1 Get 1 - ₹299.00,579.0,28.95,0.0,0.0,0.0,0.0,607.95,,,,,,16.88,3.4,Incorrectly,,01dad68e8ecbd0d6a89a9cee7483390f84103f03cf69a4116cf9bb441bcb4c9f
20659868,Aura Pizzas,Sector 4,Delhi NCR,6158253858,"08:25 PM, September 06 2024",Delivered,Zomato Delivery,2km,"1 x Bageecha Pizza, 1 x All About Chicken Pizza",,Buy 1 Get 1 - ₹799.00,859.0,42.95,0.0,0.0,0.0,0.0,901.95,,,,,,15.8,0.5,Correctly,,14cdc51fd83b41abf4f9fbf5b4d5112c58feb8809113bdd436011432bf7e7eca
20659868,Aura Pizzas,Sector 4,Delhi NCR,6155463346,"08:22 PM, September 06 2024",Delivered,Zomato Delivery,8km,"1 x All About Chicken Pizza, 1 x Makhani Paneer Pizza",Order: please use FRESH INGREDIENTS ONLY & make PIZZA EXTRA CHEESY.,Buy 1 Get 1 - ₹579.00,659.0,32.95,0.0,0.0,0.0,0.0,691.95,,,,,,15.58,1.0,Correctly,,94fd2e09b61f3ed25beac2d933bd9ab3dc28d2c86a9a400da494699a71ab310a
20659868,Aura Pizzas,Sector 4,Delhi NCR,6157981028,"08:21 PM, September 06 2024",Delivered,Zomato Delivery,3km,"1 x Murgh Amritsari Seekh Pizza, 1 x Desi Chicken Pepperoni Pizza",,Buy 1 Get 1 - ₹609.00,629.0,31.45,0.0,0.0,0.0,0.0,660.45,3.0,,,,,11.67,1.5,Correctly,,7ff4d7ae259329206967d1ce54a4b5484f552954bda9f0e632544f4b42d1a45d
20659868,Aura Pizzas,Sector 4,Delhi NCR,6154762589,"08:02 PM, September 06 2024",Delivered,Zomato Delivery,9km,"1 x All About Chicken Pizza, 1 x Murgh Amritsari Seekh Melt, 1 x Mutton Seekh Pizza, 1 x Jamaican Chicken Melt",,Buy 1 Get 1 - ₹1138.00,1158.0,57.9,0.0,0.0,0.0,0.0,1215.9,4.0,,,,,15.17,1.8,Correctly,,8b5c4d6170343fbee92a6e577268b8aa8492105bdacbb8c6d9c2855f9bad8a4f
20659868,Aura Pizzas,Sector 4,Delhi NCR,6156373628,"07:48 PM, September 06 2024",Delivered,Zomato Delivery,4km,"1 x Margherita Pizza, 1 x Tripple Cheese Pizza",,Buy 1 Get 1 - ₹538.00,549.0,27.45,0.0,0.0,0.0,0.0,576.45,,,,,,7.62,1.7,Correctly,,ec265ade8ffbd1b4d4a0c48851b31a44c73752e382527b81712814ad76ef9465
20659868,Aura Pizzas,Sector 4,Delhi NCR,6156933374,"07:26 PM, September 06 2024",Delivered,Zomato Delivery,6km,"1 x Murgh Amritsari Seekh Pizza, 1 x Bellpepper Onion Pizza",,Buy 1 Get 1 - ₹579.00,629.0,31.45,0.0,0.0,0.0,0.0,660.45,,,,,,17.93,1.9,Correctly,,656cbebc31a41b2e1b38e51c91ca8bd98997cf9b5b551bd444539d088dfcddcb
20659868,Aura Pizzas,Sector 4,Delhi NCR,6151885564,"07:22 PM, September 06 2024",Delivered,Zomato Delivery,6km,"2 x Herbed Potato, 1 x Murgh Amritsari Seekh Pide, 1 x OG Cheese Pide",,Buy 1 Get 1 - ₹497.00,497.0,24.85,0.0,0.0,0.0,0.0,521.85,3.0,,,,,18.45,1.7,Correctly,,deb9f30320a3dfce74a88c454c5159c69f7c91ba475d1c20510dcf72e4963101
20659868,Aura Pizzas,Sector 4,Delhi NCR,6156991841,"07:18 PM, September 06 2024",Delivered,Zomato Delivery,6km,2 x All About Chicken Pizza,,Buy 1 Get 1 - ₹659.00,659.0,32.95,0.0,0.0,0.0,0.0,691.95,,,,,,17.78,2.8,Correctly,,937497257869f7b7e7040b538e303be6aa06a644ddae34e1f1be24352205b771
20659868,Aura Pizzas,Sector 4,Delhi NCR,6153107628,"07:17 PM, September 06 2024",Delivered,Zomato Delivery,6km,"2 x Cheesy Garlic Bread, 1 x Peri Peri Paneer Pizza",,Buy 1 Get 1 - ₹299.00,878.0,43.9,0.0,0.0,0.0,0.0,921.9,,,,,,16.52,1.3,Correctly,,849405350533335cf74fc6eb8eab2550ba283647c0c08353f2a3ffd0c46a6734
20659868,Aura Pizzas,Sector 4,Delhi NCR,6157464456,"07:16 PM, September 06 2024",Delivered,Zomato Delivery,4km,2 x Murgh Amritsari Seekh Pide,,Buy 1 Get 1 - ₹349.00,349.0,17.45,0.0,0.0,0.0,0.0,366.45,,,,,,14.98,2.4,Correctly,,f921be5f3e00f3f01281361f5f28fd86e7a35448a03f79d3394a6c605594632c
20659868,Aura Pizzas,Sector 4,Delhi NCR,6154234985,"07:15 PM, September 06 2024",Delivered,Zomato Delivery,3km,"1 x Angara Paneer Melt, 1 x Jamaican Chicken Melt",,Buy 1 Get 1 - ₹449.00,479.0,23.95,0.0,0.0,0.0,0.0,502.95,,,,,,16.7,4.9,Correctly,,c4fa53c0335e36465872b74de9d8775e10cca70737117b9008c91fd79d61c224
20659868,Aura Pizzas,Sector 4,Delhi NCR,6156008255,"06:55 PM, September 06 2024",Delivered,Zomato Delivery,3km,2 x Bageecha Pizza,,Buy 1 Get 1 - ₹599.00,599.0,29.95,0.0,0.0,0.0,0.0,628.95,,,,,,14.87,1.7,Correctly,,7f796213143bd14ab963269d836bfbea171d743aebebdbc58247ceb71ca803d9
20659868,Aura Pizzas,Sector 4,Delhi NCR,6154385034,"06:37 PM, September 06 2024",Delivered,Zomato Delivery,1km,2 x Masala Paneer Pide,,Buy 1 Get 1 - ₹319.00,319.0,15.95,0.0,0.0,0.0,0.0,334.95,,,,,,14.78,6.6,Correctly,,831dda677362b28d436e0a302531df1c0a7a3701e86f37a2e1b544eab42af718
20659868,Aura Pizzas,Sector 4,Delhi NCR,6151715537,"05:57 PM, September 06 2024",Delivered,Zomato Delivery,8km,"2 x Makhani Paneer Pizza, 2 x Bageecha Pizza",,Buy 1 Get 1 - ₹1548.00,1548.0,77.4,0.0,0.0,0.0,0.0,1625.4,5.0,,,,,11.92,2.1,Correctly,,16038666aab43a92bdbd41cae17f28fa6b5babadd47527a7a305b8163ebaf504
20659868,Aura Pizzas,Sector 4,Delhi NCR,6150002514,"05:53 PM, September 06 2024",Delivered,Zomato Delivery,6km,"3 x Indian Masala Fries, 1 x All About Chicken Pizza",,Buy 1 Get 1 - ₹316.00,817.0,40.85,0.0,0.0,0.0,0.0,857.85,,,,,,13.75,2.0,Correctly,,04ad0ce2d6ed2bbcd4bc7b126a2d0d466a0d1c0b75aa752eea164c39db4f551f
20659868,Aura Pizzas,Sector 4,Delhi NCR,6148810807,"05:33 PM, September 06 2024",Delivered,Zomato Delivery,4km,2 x Murgh Amritsari Seekh Pide,,Buy 1 Get 1 - ₹349.00,349.0,17.45,0.0,0.0,0.0,0.0,366.45,,,,,,19.48,5.7,Correctly,,ac4de7aa1c80a45d4f93beaa023fdbd41820f4374a1984af7bce4a78f0c71826
20659868,Aura Pizzas,Sector 4,Delhi NCR,6148734051,"04:38 PM, September 06 2024",Delivered,Zomato Delivery,10km,"1 x OG Cheese Pide, 1 x Masala Paneer Pide",,Buy 1 Get 1 - ₹319.00,349.0,17.45,0.0,0.0,0.0,0.0,366.45,,,,,,9.45,1.3,Correctly,,ae7bb7f4c1ee8e93847dc4d315cf6921a862f4026a7c7bda6b7a580e7bdbfae3
20659868,Aura Pizzas,Sector 4,Delhi NCR,6150984748,"04:34 PM, September 06 2024",Delivered,Zomato Delivery,6km,"1 x All About Chicken Pizza, 1 x Masala Potato Pide",,Buy 1 Get 1 - ₹299.00,659.0,32.95,0.0,0.0,0.0,0.0,691.95,,,,,,13.33,1.5,Correctly,,2b485b866300acdd01c6f2af2929c9b812d2e69d4de45182f6bf19292026b54f
20659868,Aura Pizzas,Sector 4,Delhi NCR,6157274012,"03:36 PM, September 06 2024",Delivered,Zomato Delivery,6km,"1 x Chilli Cheese Garlic Bread, 1 x Mushroom Mozzarella Melt, 1 x Angara Paneer Melt, 1 x Cheesy Garlic Bread",Order: Please request the delivery person to keep the boxes straight and not to tilt them. Thanks. :),Buy 1 Get 1 - ₹688.00,708.0,35.4,0.0,0.0,0.0,0.0,743.4,,,,,,19.63,8.4,Correctly,,a13a8a159e693a3dc75e6f3add10e5186d0164eb1791fe63df0373da7609feb6
20659868,Aura Pizzas,Sector 4,Delhi NCR,6156796178,"02:52 PM, September 06 2024",Delivered,Zomato Delivery,7km,"1 x Murgh Amritsari Seekh Melt, 1 x Jamaican Chicken Melt",Order: provide bell papers and oreganos,Buy 1 Get 1 - ₹617.00,617.0,30.85,0.0,0.0,0.0,0.0,647.85,,,,,,19.53,3.5,Correctly,,433714c11f0d71f8542e0afe2873ab160e85b8c1d9e4c2cef14fd24958a8fb39
20659868,Aura Pizzas,Sector 4,Delhi NCR,6156626218,"02:44 PM, September 06 2024",Delivered,Zomato Delivery,7km,2 x Murgh Amritsari Seekh Pizza,,Buy 1 Get 1 - ₹809.00,809.0,40.45,0.0,0.0,0.0,0.0,849.45,,,,,,17.9,9.0,Incorrectly,,665ff222ef300101c15ed6e831d63d08a3191f8f3a9b61064c522f4ebe0c4ba6
20659868,Aura Pizzas,Sector 4,Delhi NCR,6155121271,"02:38 PM, September 06 2024",Delivered,Zomato Delivery,2km,2 x Murgh Amritsari Garlic Bread,,Buy 1 Get 1 - ₹289.00,289.0,14.45,0.0,0.0,0.0,0.0,303.45,,,,,,17.93,9.2,Correctly,,33f64aef1f6ea90ff06ed1a745c9924e9fc4da85378ac9a37968447f45795c5e
20659868,Aura Pizzas,Sector 4,Delhi NCR,6156960958,"02:36 PM, September 06 2024",Delivered,Zomato Delivery,7km,2 x Fried Chicken Strips,,Buy 1 Get 1 - ₹189.00,189.0,9.45,0.0,0.0,0.0,0.0,198.45,,,,,,12.57,4.1,Correctly,,47b508403da43d9f16adc2bf891d52a15ca4e067afcd49937ee4e0bcd2b8b7a8
20659868,Aura Pizzas,Sector 4,Delhi NCR,6152389874,"02:24 PM, September 06 2024",Delivered,Zomato Delivery,8km,2 x All About Chicken Pizza,,Buy 1 Get 1 - ₹659.00,659.0,32.95,0.0,0.0,0.0,0.0,691.95,,,,,,16.62,0.9,Correctly,,6d67c6716b65a5699d2187b9704fbfddaedc7bf7947b70a1aac341a0e70b9fa0
20659868,Aura Pizzas,Sector 4,Delhi NCR,6151841178,"01:36 PM, September 06 2024",Delivered,Zomato Delivery,2km,"1 x Chilli Cheese Garlic Bread, 2 x Peri Peri Fries, 1 x Peri Peri Grilled Chicken Pizza",,Buy 1 Get 1 - ₹448.00,808.0,40.4,0.0,0.0,0.0,0.0,848.4,,,,,,16.32,0.6,Correctly,,85321a528e39eed8e77d8401608584541d9cf4cc5af43853462e94aa3217e743
20659868,Aura Pizzas,Sector 4,Delhi NCR,6156208665,"01:09 PM, September 06 2024",Delivered,Zomato Delivery,6km,"1 x Bageecha Pizza, 1 x All About Chicken Pizza",,Buy 1 Get 1 - ₹599.00,659.0,32.95,0.0,0.0,0.0,0.0,691.95,,,,,,17.97,1.2,Correctly,,46559c40560f63d85cefe820dcd9767ea38fc729e77bdc340a9a070716810da5
20659868,Aura Pizzas,Sector 4,Delhi NCR,6155761099,"12:48 PM, September 06 2024",Delivered,Zomato Delivery,8km,"1 x Peri Peri Paneer Pizza, 1 x All About Chicken Pizza",,Buy 1 Get 1 - ₹579.00,659.0,32.95,0.0,0.0,0.0,0.0,691.95,,,,,,16.23,5.6,Correctly,,f242602d07f323c6d56e62db6fdd158eb503e72bbf7faa36f80efebbf2875a49
20659868,Aura Pizzas,Sector 4,Delhi NCR,6150382280,"02:58 AM, September 06 2024",Delivered,Zomato Delivery,4km,"1 x Grilled Tangdis, 1 x Indian Masala Fries",,50% off upto Rs.100,427.0,16.35,100.0,0.0,0.0,0.0,343.35,,,,,,15.72,6.5,Correctly,,f38534759c959141ca996b12a3a29646f905ee52f228cb30101510e216327fb5
20659868,Aura Pizzas,Sector 4,Delhi NCR,6154234994,"02:54 AM, September 06 2024",Delivered,Zomato Delivery,4km,1 x Cheesy Garlic Bread,,60% off upto Rs.120,239.0,7.0,99.0,0.0,0.0,0.0,147.0,,,,,,10.48,12.8,Incorrectly,,70e68f1c18b87d61e2435c970cb08a243107cd9b89a4d7ac1a9a2b15673f77e2
20659868,Aura Pizzas,Sector 4,Delhi NCR,6151001017,"11:17 PM, September 05 2024",Delivered,Zomato Delivery,8km,1 x Margherita Pizza,,Flat Rs.125 off,649.0,27.8,93.0,0.0,0.0,0.0,583.8,,,,,,9.58,1.0,Correctly,,fd599194b8815a42dc6a97862d19bbe0446ad4000a29d28daab16060b1160f38
20659868,Aura Pizzas,Sector 4,Delhi NCR,6152609932,"08:49 PM, September 05 2024",Delivered,Zomato Delivery,1km,2 x Makhani Paneer Pizza,,Flat Rs.125 off,1498.0,70.25,93.0,0.0,0.0,0.0,1475.25,,,,,,19.68,1.6,Correctly,,c5d8149dda0c8b4e5920f37cdef97e254f9cfe649185a6e6042915b4e32f3cd1
20659868,Aura Pizzas,Sector 4,Delhi NCR,6153838131,"07:02 PM, September 05 2024",Delivered,Zomato Delivery,3km,1 x Mutton Seekh Pizza,,Flat Rs.125 off,679.0,29.3,93.0,0.0,0.0,0.0,615.3,,,,,,13.2,0.3,Correctly,,32b31b7bc81cdc8403a222c955a0953b52765b32776fbe05dd105635702429e9
20659868,Aura Pizzas,Sector 4,Delhi NCR,6146067432,"04:41 PM, September 05 2024",Delivered,Zomato Delivery,1km,1 x All About Chicken Pizza,,Flat Rs.125 off,659.0,28.3,93.0,0.0,0.0,0.0,594.3,2.0,I add extra cheese on it but get,,,,23.83,11.4,Correctly,,bbca68ca00291f3e74c25b4384c212a632a8455775c2d1a093f6bb3c05271b7d
20659868,Aura Pizzas,Sector 4,Delhi NCR,6145664475,"04:29 PM, September 05 2024",Delivered,Zomato Delivery,4km,1 x Chilli Cheese Garlic Bread,,50% off upto Rs.100,318.0,10.9,100.0,0.0,0.0,0.0,228.9,,,,,,13.02,10.5,Correctly,,56f6f80bd2b4845b149c24034c98b8cd7928738749116b1b436e44291c2d0f02
20659868,Aura Pizzas,Sector 4,Delhi NCR,6150009171,"01:19 PM, September 05 2024",Delivered,Zomato Delivery,9km,"1 x Murgh Amritsari Seekh Pide, 1 x Bageecha Pizza",,Flat Rs.125 off,1148.0,52.75,93.0,0.0,0.0,0.0,1107.75,,,,,,20.53,3.0,Correctly,,397cc3146188031b900ad775d7902ab9ad557001a4a073d129e72783f9cd0bec
20659868,Aura Pizzas,Sector 4,Delhi NCR,6152362218,"11:17 AM, September 05 2024",Delivered,Zomato Delivery,2km,"1 x Mushroom Mozzarella Melt, 1 x Angara Paneer Melt",,Flat Rs.125 off,898.0,40.25,93.0,0.0,0.0,0.0,845.25,,,,,,21.3,9.8,Correctly,,999a74d246e24ad1aba399968e5403b85a2244c59e96fc88890e2a0ff040ab3d
20659868,Aura Pizzas,Sector 4,Delhi NCR,6148280541,"02:08 AM, September 05 2024",Delivered,Zomato Delivery,11km,1 x Bageecha Pizza,,Flat Rs.125 off,599.0,25.3,93.0,0.0,0.0,0.0,531.3,5.0,,,,,15.2,11.0,Correctly,,d4dab95b2e239f3937a55c07e538daa5427e8ecab8ec321b93baae11f2da61bb
20659868,Aura Pizzas,Sector 4,Delhi NCR,6153085673,"01:11 AM, September 05 2024",Delivered,Zomato Delivery,6km,1 x Just Pepperoni Pizza,,Flat Rs.125 off,649.0,27.8,93.0,0.0,0.0,0.0,583.8,,,,,,12.03,1.1,Correctly,,be000d00ee9058863d872772501c6e20d24eb359c198c5dfd8bf9960cec1ef10
20659868,Aura Pizzas,Sector 4,Delhi NCR,6150003009,"12:42 AM, September 05 2024",Delivered,Zomato Delivery,3km,1 x All About Chicken Pizza,,Flat Rs.125 off,859.0,38.3,93.0,0.0,0.0,0.0,804.3,5.0,,,,,17.98,10.4,Correctly,,8a75063104f506c6b79daa374cecab99bdf1cf3df9268e08f067cc01cacece4b
20659868,Aura Pizzas,Sector 4,Delhi NCR,6152157124,"11:23 PM, September 04 2024",Delivered,Zomato Delivery,9km,1 x Makhani Paneer Pizza,Order: please make it crispy and crunchy.,Flat Rs.125 off,579.0,24.3,93.0,0.0,0.0,0.0,510.3,,,,,,15.07,7.5,Incorrectly,,572094eaa9afdaf646ca8dfc2312b0c18aa59e5e689c0aa4caeac25e93a45f7d
20659868,Aura Pizzas,Sector 4,Delhi NCR,6151576246,"10:54 PM, September 04 2024",Delivered,Zomato Delivery,7km,"1 x Margherita Pizza, 1 x Cheesy Garlic Bread, 1 x Mutton Seekh Pide",,Flat Rs.125 off,1156.0,53.15,93.0,0.0,0.0,0.0,1116.15,,,,,,16.58,5.0,Correctly,,8921c5ff684f4fc86948279b6d4b333f872af6c7854bf133bc9b08a494db91f1
20659868,Aura Pizzas,Sector 4,Delhi NCR,6149989544,"10:25 PM, September 04 2024",Delivered,Zomato Delivery,5km,1 x Cheesy Garlic Bread,,50% off upto Rs.100,299.0,9.95,100.0,0.0,0.0,0.0,208.95,,,,,,8.27,0.5,Correctly,,2e27f55d52a26f0218b61e75e3ccd973fbd279d9310f42d89b33df68eb9094b2
20659868,Aura Pizzas,Sector 4,Delhi NCR,6151503349,"09:21 PM, September 04 2024",Delivered,Zomato Delivery,8km,1 x OG Cheese Pide,,,409.0,20.45,0.0,0.0,0.0,0.0,429.45,,,,,,9.08,1.4,Correctly,,42a209ccea04af77368e723f36e14fee6a970745ddbb13ddfdb937a446a60f3a
20659868,Aura Pizzas,Sector 4,Delhi NCR,6151857253,"09:09 PM, September 04 2024",Delivered,Zomato Delivery,1km,1 x Makhani Paneer Pizza,,Flat Rs.125 off,579.0,24.3,93.0,0.0,0.0,0.0,510.3,,,,,,14.15,2.3,Correctly,,0d744d4e7f94bd43580b641998dca7ae013aee447c0102f93bc76bd791641bb5
20659868,Aura Pizzas,Sector 4,Delhi NCR,6150313357,"08:46 PM, September 04 2024",Delivered,Zomato Delivery,7km,1 x Margherita Pizza,,Flat Rs.125 off,538.0,22.25,93.0,0.0,0.0,0.0,467.25,,,,,,9.52,0.9,Correctly,,4ff9e7ccdc1a451330a1e27d0976785f9759bedc440bb79903df3a50e322711d
20659868,Aura Pizzas,Sector 4,Delhi NCR,6147134816,"08:27 PM, September 04 2024",Delivered,Zomato Delivery,4km,"1 x Cheesy Garlic Bread, 1 x Angara Paneer Melt",,Flat Rs.125 off,806.0,35.65,93.0,0.0,0.0,0.0,748.65,,,,,,10.23,2.3,Correctly,,9b4febcebff81d539ca6448802d31a37ee975eca654903e6eec12ffb3cd90d7a
20659868,Aura Pizzas,Sector 4,Delhi NCR,6148975344,"08:23 PM, September 04 2024",Delivered,Zomato Delivery,3km,1 x All About Chicken Pizza,,Flat Rs.125 off,659.0,28.3,93.0,0.0,0.0,0.0,594.3,,,,,,22.2,12.7,Correctly,,f2acfc929708cd9b146e02177e9c4ef895a622219093f12b06e42ffca733c5c6
20659868,Aura Pizzas,Sector 4,Delhi NCR,6151921371,"06:11 PM, September 04 2024",Delivered,Zomato Delivery,1km,1 x Makhani Paneer Pizza,,Flat Rs.125 off,579.0,24.3,93.0,0.0,0.0,0.0,510.3,,,,,,14.3,7.8,Incorrectly,,de498af90cf556c3ddb4edbc9573baeae52f026f1ba3e2d81358ab22e102cca9
20659868,Aura Pizzas,Sector 4,Delhi NCR,6150862881,"04:14 PM, September 04 2024",Delivered,Zomato Delivery,15km,"1 x Bageecha Pizza, 1 x Mushroom Pizza",,Flat 15% off,1598.0,67.92,239.7,0.0,0.0,0.0,1426.22,,,,,,21.45,8.5,Correctly,,2cb65ef2e43fc472132f8391d4edcf61be672a176e6333fc55d435fb02bb6568
20659868,Aura Pizzas,Sector 4,Delhi NCR,6139276970,"01:04 PM, September 04 2024",Delivered,Zomato Delivery,<1km,1 x Chilli Cheese Garlic Bread,,,259.0,12.95,0.0,0.0,0.0,0.0,271.95,,,,,,10.87,5.5,Correctly,,2a0b0a4bfeaf8565493cf5ed9c5ce6b69738579696ee72db647739d4791ebccb
20659868,Aura Pizzas,Sector 4,Delhi NCR,6145029688,"12:35 PM, September 04 2024",Delivered,Zomato Delivery,7km,"1 x Bageecha Pizza, 1 x Cheesy Garlic Bread",,Flat Rs.125 off,838.0,37.25,93.0,0.0,0.0,0.0,782.25,,,,,,9.02,5.2,Incorrectly,,b3d4c714e182e1b5285f8758ecf963bcfdaa3b60a68aed14a1eb821d473e437e
20659868,Aura Pizzas,Sector 4,Delhi NCR,6145515643,"11:12 AM, September 04 2024",Delivered,Zomato Delivery,3km,"1 x Angara Paneer Melt, 1 x Tripple Cheese Pizza",,Flat Rs.140 off,1198.0,54.3,112.0,0.0,0.0,0.0,1140.3,5.0,,,,,16.77,6.7,Correctly,,a7ffcb9e4f91fbff5baeddce59654687d99e418568dacce9c177aea47b9ce8fc
20659868,Aura Pizzas,Sector 4,Delhi NCR,6149170811,"03:50 AM, September 04 2024",Delivered,Zomato Delivery,2km,1 x Fried Chicken Strips,,60% off upto Rs.120,189.0,4.74,94.12,0.0,0.0,0.0,99.62,,,,,,13.07,0.8,Correctly,,38d13d6f5819abbfc80c76011b53cf472c7c12beb46b4f35b42f42d211009cce
20659868,Aura Pizzas,Sector 4,Delhi NCR,6149804544,"02:01 AM, September 04 2024",Rejected,Zomato Delivery,2km,1 x Cheesy Garlic Bread,,50% off upto Rs.100,239.0,6.95,100.0,0.0,0.0,0.0,145.95,,,Cancelled by Zomato,103.01,,4.5,1.4,Correctly,,bb89ac80908cbd2dd316e2a343b2a8e23f679d27d4cb52298124347587a79542
20659868,Aura Pizzas,Sector 4,Delhi NCR,6136926473,"12:17 AM, September 04 2024",Delivered,Zomato Delivery,6km,1 x Margherita Pizza,,50% off upto Rs.100,459.0,17.95,100.0,0.0,0.0,0.0,376.95,,,,,,10.0,5.1,Correctly,,34e465c445215abbafc6976daaee0b1060c03d59909b150256ce127f96a6222d
20659868,Aura Pizzas,Sector 4,Delhi NCR,6149298141,"11:29 PM, September 03 2024",Delivered,Zomato Delivery,6km,"1 x Pepperoni Garlic Bread, 1 x Murgh Amritsari Seekh Pizza",Order: No onions in pizza. thanks,Flat Rs.125 off,1088.0,49.75,93.0,0.0,0.0,0.0,1044.75,,,,,,16.37,5.8,Correctly,,331d4e6f050a4e6211b8bfc7c392f5579be4b18015a68de01024d15af7d4c9c5
20659868,Aura Pizzas,Sector 4,Delhi NCR,6140695020,"10:53 PM, September 03 2024",Delivered,Zomato Delivery,5km,2 x Jamaican Chicken Melt,,Flat Rs.125 off,958.0,43.25,93.0,0.0,0.0,0.0,908.25,,,,,,22.77,11.2,Correctly,,8a00a472237992d7ccfe2d181ceed19b066c5f5b61190bd7aca9089f0a7088c8
20659868,Aura Pizzas,Sector 4,Delhi NCR,6148256247,"10:12 PM, September 03 2024",Delivered,Zomato Delivery,2km,"1 x Fried Chicken Strips, 1 x Indian Pico De-Gallo",,50% off upto Rs.100,249.0,7.45,100.0,0.0,0.0,0.0,156.45,,,,,,14.0,8.2,Correctly,,d20e9a7e177301a9fe795167d8f74dba04d9b23b0fe040bd6454ca8fb995e6e7
20659868,Aura Pizzas,Sector 4,Delhi NCR,6150102906,"10:00 PM, September 03 2024",Delivered,Zomato Delivery,3km,1 x Murgh Amritsari Seekh Pizza,,Flat Rs.125 off,629.0,26.8,93.0,0.0,0.0,0.0,562.8,,,,,,33.55,25.5,Correctly,,e63d7f9b7dc4b0deadb8fcb3b0d34c6f0ec5cd2e2f6fadbd8da69a497c8f22a4
20659868,Aura Pizzas,Sector 4,Delhi NCR,6148499432,"09:54 PM, September 03 2024",Delivered,Zomato Delivery,4km,1 x Cheesy Garlic Bread,,60% off upto Rs.120,239.0,7.0,99.0,0.0,0.0,0.0,147.0,,,,,,19.12,5.0,Correctly,,551a9c835199c0a3373ef865671acf314938b674360d69e30d248d0b69f90af8
20659868,Aura Pizzas,Sector 4,Delhi NCR,6150034246,"09:52 PM, September 03 2024",Delivered,Zomato Delivery,4km,1 x Mushroom Pizza,,Flat Rs.125 off,609.0,25.8,93.0,0.0,0.0,0.0,541.8,,,,,,13.9,7.2,Correctly,,d1602b63db171ed1e16cfb7cdccdd79df7adab2d1fc1dd69f03282f632f0c624
20659868,Aura Pizzas,Sector 4,Delhi NCR,6148985556,"09:50 PM, September 03 2024",Delivered,Zomato Delivery,3km,1 x Makhani Paneer Pizza,,Flat Rs.125 off,579.0,24.3,93.0,0.0,0.0,0.0,510.3,,,,,,24.33,20.1,Correctly,,a82d6d0d7eb1dbfb9162e4d463625f56ccaa3390c11f8cab51c8115ec0191aa3
20659868,Aura Pizzas,Sector 4,Delhi NCR,6149443339,"09:40 PM, September 03 2024",Delivered,Zomato Delivery,17km,"1 x Margherita Pizza, 1 x Bageecha Pizza, 1 x Peri Peri Fries",,Flat Rs.125 off,1247.0,57.7,93.0,0.0,0.0,0.0,1211.7,,,,,,19.85,7.4,Correctly,,dc4d8dc06acb143870faf8628889821f172cb789e4b0799acb0028cab9a77fa7
20659868,Aura Pizzas,Sector 4,Delhi NCR,6147138093,"08:54 PM, September 03 2024",Delivered,Zomato Delivery,3km,1 x Chilli Cheese Garlic Bread,,50% off upto Rs.100,259.0,7.95,100.0,0.0,0.0,0.0,166.95,,,,,,9.27,0.9,Correctly,,171e931b10971861859bdb14ec1fa598fac77d447bfb5495c1ec398275f30150
20659868,Aura Pizzas,Sector 4,Delhi NCR,6148304949,"08:09 PM, September 03 2024",Delivered,Zomato Delivery,2km,1 x All About Chicken Pizza,Order: Please do not add green chillies. Medium spicy,Flat Rs.125 off,659.0,28.3,93.0,0.0,0.0,0.0,594.3,,,,,,12.25,8.9,Correctly,,1cf81236e7711a1b3c398bfd090e91dde3f28c180b8b6cc21adf2f56507bff59
20659868,Aura Pizzas,Sector 4,Delhi NCR,6148181140,"07:47 PM, September 03 2024",Delivered,Zomato Delivery,6km,1 x Murgh Amritsari Garlic Bread,Order: Extra garlic,60% off upto Rs.120,289.0,9.5,99.0,0.0,0.0,0.0,199.5,,,,,,10.65,2.1,Correctly,,a3f193c914bfb5f748c5e8b19d760fc4b9178489a012306a509b46c31d0f2846
20659868,Aura Pizzas,Sector 4,Delhi NCR,6145787781,"07:12 PM, September 03 2024",Delivered,Zomato Delivery,2km,"1 x Tripple Cheese Pizza, 1 x Bageecha Pizza",,Flat Rs.125 off,1227.0,56.7,93.0,0.0,0.0,0.0,1190.7,,,,,,16.92,9.6,Correctly,,60d2d2dd7aac518b0e0ef80e354fb7c8c9252f7e88d5dd94d79c9d075356cd0b
20659868,Aura Pizzas,Sector 4,Delhi NCR,6131693661,"06:37 PM, September 03 2024",Delivered,Zomato Delivery,2km,1 x Herbed Potato,,,148.0,7.4,0.0,0.0,0.0,0.0,155.4,,,,,,14.45,6.5,Correctly,,a5a9159616dbc64ac8356b772702dfd41b46fa36f7282253733dd0a1db982803
20659868,Aura Pizzas,Sector 4,Delhi NCR,6145069906,"05:30 PM, September 03 2024",Delivered,Zomato Delivery,1km,1 x Masala Potato Pide,,50% off upto Rs.100,299.0,9.95,100.0,0.0,0.0,0.0,208.95,3.0,,,,,7.6,1.5,Correctly,,dfc9e9832ac413bb427f165e07d2cb8c785de5f5914d0b27fe158735cbcaaaca
20659868,Aura Pizzas,Sector 4,Delhi NCR,6140386019,"02:44 PM, September 03 2024",Delivered,Zomato Delivery,8km,1 x All About Chicken Pizza,,Flat Rs.125 off,659.0,28.3,93.0,0.0,0.0,0.0,594.3,,,,,,17.78,3.5,Correctly,,6d67c6716b65a5699d2187b9704fbfddaedc7bf7947b70a1aac341a0e70b9fa0
20659868,Aura Pizzas,Sector 4,Delhi NCR,6148607901,"01:03 PM, September 03 2024",Delivered,Zomato Delivery,2km,"1 x Bageecha Pizza, 1 x Chilli Cheese Garlic Bread",,Flat Rs.125 off,858.0,38.25,93.0,0.0,0.0,0.0,803.25,5.0,,,,,15.6,11.0,Correctly,,b7f5493124d8f24f51f1e0be6ff244ae55c84b36b76d987c68ed44b781a66bb6
20659868,Aura Pizzas,Sector 4,Delhi NCR,6142288860,"12:14 PM, September 03 2024",Delivered,Zomato Delivery,3km,1 x Tripple Cheese Pizza,,Flat Rs.125 off,549.0,22.8,93.0,0.0,0.0,0.0,478.8,5.0,,,,,10.87,3.2,Correctly,,a7ffcb9e4f91fbff5baeddce59654687d99e418568dacce9c177aea47b9ce8fc
20659868,Aura Pizzas,Sector 4,Delhi NCR,6141742311,"02:05 AM, September 03 2024",Delivered,Zomato Delivery,4km,1 x Murgh Amritsari Garlic Bread,,50% off upto Rs.100,289.0,9.45,100.0,0.0,0.0,0.0,198.45,,,,,,8.67,6.5,Correctly,,f38534759c959141ca996b12a3a29646f905ee52f228cb30101510e216327fb5
20659868,Aura Pizzas,Sector 4,Delhi NCR,6147592132,"02:02 AM, September 03 2024",Delivered,Zomato Delivery,6km,1 x Murgh Amritsari Garlic Bread,"Order: Make it extra cheesy, enhance garlic flavour. No onion, no chilli.",50% off upto Rs.100,289.0,9.45,100.0,0.0,0.0,0.0,198.45,,,,,,10.82,7.2,Correctly,,2623f2dd59e99f6f299898dff2889ba8401059c5b4adc6baa9daf67ad0d4ceb4
20659868,Aura Pizzas,Sector 4,Delhi NCR,6146328575,"01:58 AM, September 03 2024",Delivered,Zomato Delivery,8km,"1 x Salted Fries, 1 x Jamaican Chicken Melt",,Flat Rs.125 off,648.0,27.75,93.0,0.0,0.0,0.0,582.75,,,,,,12.7,5.4,Correctly,,971591773bd8b836a2d63ad5a4bee8fe3a968f681064df6e51048f1c939e9857
20659868,Aura Pizzas,Sector 4,Delhi NCR,6144868371,"11:04 PM, September 02 2024",Delivered,Zomato Delivery,6km,"1 x Indian Masala Fries, 1 x Spinach Sumac Pide, 1 x Just Pepperoni Pizza",,Flat 15% off,1515.0,64.39,227.25,0.0,0.0,0.0,1352.14,,,,,,12.2,1.0,Correctly,,8c07d1a98aa3fecf6e1bb776b76b58775045c241a7e14bc876c7b913d928e1d1
20659868,Aura Pizzas,Sector 4,Delhi NCR,6144433386,"10:44 PM, September 02 2024",Delivered,Zomato Delivery,2km,"1 x Cheesy Garlic Bread, 1 x Mushroom Mozzarella Melt",,Flat Rs.125 off,806.0,35.65,93.0,0.0,0.0,0.0,748.65,,,,,,13.42,2.4,Correctly,,7ffde2b7535fc44b24e9a8feaba92f212c044c3bcf8343de7baace8197502ccc
20659868,Aura Pizzas,Sector 4,Delhi NCR,6146959848,"10:21 PM, September 02 2024",Delivered,Zomato Delivery,2km,"1 x Grilled Tangdis, 1 x Murgh Amritsari Garlic Bread",,Flat Rs.125 off,558.0,23.25,93.0,0.0,0.0,0.0,488.25,,,,,,8.48,3.3,Correctly,,20833f6092cc32d5f5620d9f875da35085897011590c33db1713cded9e7fc844
20659868,Aura Pizzas,Sector 4,Delhi NCR,6146867326,"09:37 PM, September 02 2024",Delivered,Zomato Delivery,9km,"1 x All About Chicken Pizza, 1 x Just Pepperoni Pide",,Flat Rs.125 off,1137.0,52.2,93.0,0.0,0.0,0.0,1096.2,,,,,,18.8,5.4,Correctly,,0e2aecca2e30b6f0a5737179e6389c1bde885a8f5c396f9e6e89f322c3dff5a6
20659868,Aura Pizzas,Sector 4,Delhi NCR,6147327612,"08:51 PM, September 02 2024",Delivered,Zomato Delivery,2km,"1 x Murgh Amritsari Garlic Bread, 1 x Chilli Cheese Garlic Bread",,Flat Rs.125 off,548.0,22.75,93.0,0.0,0.0,0.0,477.75,,,,,,24.48,13.0,Correctly,,627c7e1552f7a39a4f7180b45cb4310994c104fb486120c9d693470b9c18db84
20659868,Aura Pizzas,Sector 4,Delhi NCR,6146354103,"07:21 PM, September 02 2024",Delivered,Zomato Delivery,2km,"1 x Peri Peri Paneer Melt, 1 x Bageecha Pizza",,Flat Rs.125 off,1058.0,48.25,93.0,0.0,0.0,0.0,1013.25,,,,,,12.53,4.5,Correctly,,4af88d0813ffbfdf68014adf15b1ffd471ea344d83de15f820113be50a8b95b6
20659868,Aura Pizzas,Sector 4,Delhi NCR,6146674053,"06:16 PM, September 02 2024",Delivered,Zomato Delivery,3km,1 x All About Chicken Pizza,,Flat Rs.125 off,859.0,38.3,93.0,0.0,0.0,0.0,804.3,,,,,,15.08,2.0,Correctly,,e842a191c1349a0f62798dec9c17a7674b45b32d38c65db45b87da273fd0f537
20659868,Aura Pizzas,Sector 4,Delhi NCR,6145661764,"04:43 PM, September 02 2024",Delivered,Zomato Delivery,10km,1 x Peri Peri Paneer Pizza,,Flat Rs.125 off,579.0,24.3,93.0,0.0,0.0,0.0,510.3,,,,,,12.77,0.6,Correctly,,fab3196d6ab6736fac6949a155845a46ffd928bdedb6ce019c741d351bcb6346
20659868,Aura Pizzas,Sector 4,Delhi NCR,6146515099,"03:49 PM, September 02 2024",Delivered,Zomato Delivery,2km,1 x Just Pepperoni Pizza,,Flat Rs.125 off,649.0,27.8,93.0,0.0,0.0,0.0,583.8,,,,,,9.17,4.2,Incorrectly,,1b642396317e64241b2d647373d5d4657c05a477bac6909745787f43f5b48fc2
20659868,Aura Pizzas,Sector 4,Delhi NCR,6145803940,"02:24 PM, September 02 2024",Delivered,Zomato Delivery,2km,1 x Makhani Paneer Pizza,,Flat Rs.125 off,579.0,24.3,93.0,0.0,0.0,0.0,510.3,,,,,,11.58,5.8,Correctly,,dd2ebecb4ee0da310a8ab6361425736ff0cf097805d65bae69ea27e4c5f0901b
20659868,Aura Pizzas,Sector 4,Delhi NCR,6144456656,"01:24 PM, September 02 2024",Delivered,Zomato Delivery,3km,"1 x Peri Peri Paneer Pizza, 1 x Bageecha Pizza",,Flat 15% off,1568.0,66.64,235.2,0.0,0.0,0.0,1399.44,,,,,,29.33,8.4,Correctly,,cc588396e4f93fd6d09d50372581701aee8cadce7c4be2f5e7fd56ca3f0bfcb4
20659868,Aura Pizzas,Sector 4,Delhi NCR,6142923963,"01:12 PM, September 02 2024",Delivered,Zomato Delivery,1km,"1 x Bageecha Pizza, 1 x Herbed Potato, 1 x Peri Peri Grilled Chicken Pizza",,,1776.0,88.8,0.0,0.0,0.0,0.0,1864.8,,,,,,25.82,24.0,Correctly,,468dd7e8148e2f881bd9020f6d8a60749e41a3a9288e00b49200085c457f6676
20659868,Aura Pizzas,Sector 4,Delhi NCR,6138482449,"02:35 AM, September 02 2024",Delivered,Zomato Delivery,9km,"2 x Herbed Potato, 1 x Margherita Pizza",,Flat Rs.125 off,1185.0,54.6,93.0,0.0,0.0,0.0,1146.6,,,,,,15.6,5.7,Correctly,,cd2b5845fe0885ba59956e54c60c04de9573060cfb0c264102c4569c0755842a
20659868,Aura Pizzas,Sector 4,Delhi NCR,6145521453,"01:56 AM, September 02 2024",Delivered,Zomato Delivery,17km,"1 x Cheesy Garlic Bread, 1 x Mushroom Mozzarella Melt, 1 x Angara Paneer Melt",,Flat Rs.125 off,1314.0,61.05,93.0,0.0,0.0,0.0,1282.05,,,,,,12.42,4.9,Correctly,,42d8c322573dd902fa3ac8f799e2b4e0b33484c95b86d48fa7799203bf4d9507
20659868,Aura Pizzas,Sector 4,Delhi NCR,6138919661,"01:15 AM, September 02 2024",Delivered,Zomato Delivery,3km,1 x Bageecha Pizza,,Flat Rs.125 off,599.0,25.3,93.0,0.0,0.0,0.0,531.3,,,,,,15.05,3.5,Correctly,,a19d772a5fb43243bb73a092375bf569c9c1aca87c8b1f7176dc1aeda3aba58b
20659868,Aura Pizzas,Sector 4,Delhi NCR,6136377713,"11:57 PM, September 01 2024",Delivered,Zomato Delivery,2km,1 x Bageecha Pizza,,Flat Rs.125 off,599.0,25.3,93.0,0.0,0.0,0.0,531.3,,,,,,15.33,7.0,Correctly,,6e87770d84fee3c49f2beb6a9ec4901cddc3e98d70340f91062f93845400a96d
20659868,Aura Pizzas,Sector 4,Delhi NCR,6144099558,"10:01 PM, September 01 2024",Delivered,Zomato Delivery,7km,"1 x Bageecha Pizza, 1 x Murgh Amritsari Garlic Bread",,Flat Rs.125 off,888.0,39.75,93.0,0.0,0.0,0.0,834.75,,,,,,15.35,7.6,Correctly,,6fc4ff2d69f75a67784a55f94fda4181ecd6276975415a5bea5caeaa79bb8e8f
20659868,Aura Pizzas,Sector 4,Delhi NCR,6143830176,"09:51 PM, September 01 2024",Delivered,Zomato Delivery,11km,1 x Just Pepperoni Pizza,,Flat Rs.125 off,649.0,27.8,93.0,0.0,0.0,0.0,583.8,,,,,,11.2,2.9,Correctly,,dfd6f25c514999f599bc0f306f7e38c9f734c8249ea536cef4d28717f2bfd04e
20659868,Aura Pizzas,Sector 4,Delhi NCR,6144773131,"09:51 PM, September 01 2024",Delivered,Zomato Delivery,2km,1 x Chilli Cheese Garlic Bread,,60% off upto Rs.120,259.0,8.0,99.0,0.0,0.0,0.0,168.0,,,,,,10.65,2.7,Correctly,,922cdb4ce99bcc514a8fb3de9e05e2183062fa9ad10cbb969f281a1ab9e7a1df
20659868,Aura Pizzas,Sector 4,Delhi NCR,6142239387,"09:13 PM, September 01 2024",Delivered,Zomato Delivery,6km,"1 x Herbed Potato, 1 x Cheesy Garlic Bread, 1 x Bageecha Pizza",,Flat Rs.125 off,1124.0,51.55,93.0,0.0,0.0,0.0,1082.55,,,,,,18.18,1.1,Correctly,,1debbe63afe6fc27b065588e15a736d2f09465399874e7f4dd742be4c7ec2bb1
20659868,Aura Pizzas,Sector 4,Delhi NCR,6141783380,"09:08 PM, September 01 2024",Delivered,Zomato Delivery,6km,"1 x Bageecha Pizza, 1 x Peri Peri Paneer Pizza",,Flat Rs.200 off,1178.0,54.2,94.0,0.0,0.0,0.0,1138.2,,,,,,17.65,1.0,Correctly,,f31470e6b82f9f96b825d13505e4630e05afcbcb44405ebbe8f29c41720c864e
20659868,Aura Pizzas,Sector 4,Delhi NCR,6137630539,"09:03 PM, September 01 2024",Delivered,Zomato Delivery,7km,1 x Bageecha Pizza,,Flat Rs.125 off,799.0,35.3,93.0,0.0,0.0,0.0,741.3,,,,,,19.95,1.4,Correctly,,c345a9976df90e5c8939770bc6668323fdf8563704db3569068bddec4f8e2049
20659868,Aura Pizzas,Sector 4,Delhi NCR,6143750861,"08:52 PM, September 01 2024",Delivered,Zomato Delivery,9km,"1 x Peri Peri Grilled Chicken Pizza, 3 x Grilled Tangdis",,Flat 15% off,1505.0,63.96,225.75,0.0,0.0,0.0,1343.21,,,,,,14.12,1.7,Correctly,,d5dcdf072e8bc59aef586fb4f5cb923335bade91f626d670e861dd457f0f715e
20659868,Aura Pizzas,Sector 4,Delhi NCR,6140972196,"08:49 PM, September 01 2024",Delivered,Zomato Delivery,9km,"1 x Peri Peri Paneer Pizza, 1 x OG Cheese Pide",,Flat Rs.125 off,1118.0,51.25,93.0,0.0,0.0,0.0,1076.25,,,,,,14.92,1.9,Correctly,,bf8d1bd2ad6168ddfcff67d53bebb0c0540bd145a080b03aefee0e74d59b7fe6
20659868,Aura Pizzas,Sector 4,Delhi NCR,6141520327,"08:26 PM, September 01 2024",Delivered,Zomato Delivery,1km,1 x Masala Paneer Pide,,Flat Rs.260 off,319.0,10.95,100.0,0.0,0.0,0.0,229.95,,,,,,11.48,1.4,Correctly,Non-refunded complaint,7026fe3785b0f226030857d342dfade6d0ec82c5af6a5eb3ea86127bfe95b470
20659868,Aura Pizzas,Sector 4,Delhi NCR,6130413070,"08:19 PM, September 01 2024",Delivered,Zomato Delivery,4km,1 x Chicken Pepperoni Pizza,,Flat Rs.125 off,599.0,25.3,93.0,0.0,0.0,0.0,531.3,,,,,,10.33,1.4,Correctly,,a8b4ec668574ee5e065cfd334a3537313ee87ea6aec4f356a56983225c2e1319
20659868,Aura Pizzas,Sector 4,Delhi NCR,6142788045,"08:09 PM, September 01 2024",Delivered,Zomato Delivery,3km,1 x Bageecha Pizza,,Flat Rs.125 off,599.0,25.3,93.0,0.0,0.0,0.0,531.3,,,,,,11.72,0.7,Correctly,,1ece75d9f6f101505589308d35660bcee19b88b595cc298a03169673ee684d3f
20659868,Aura Pizzas,Sector 4,Delhi NCR,6143359764,"07:43 PM, September 01 2024",Delivered,Zomato Delivery,3km,"1 x Herbed Potato, 1 x Bageecha Pizza",,Flat Rs.125 off,1007.0,45.7,93.0,0.0,0.0,0.0,959.7,,,,,,15.1,8.7,Incorrectly,,b107f0e6c4dc666df52e4cdc41c6982b67cced1c4aa09adf3bbafc88a146ba21
20659868,Aura Pizzas,Sector 4,Delhi NCR,6144323375,"07:34 PM, September 01 2024",Delivered,Zomato Delivery,9km,"1 x Bacon Pepperoni Melt, 1 x All About Chicken Pizza, 1 x Peri Peri Paneer Melt",,Flat 15% off,1717.0,72.97,257.55,0.0,0.0,0.0,1532.42,4.0,,,,,25.8,14.5,Incorrectly,,8b5c4d6170343fbee92a6e577268b8aa8492105bdacbb8c6d9c2855f9bad8a4f
20659868,Aura Pizzas,Sector 4,Delhi NCR,6143779718,"07:21 PM, September 01 2024",Delivered,Zomato Delivery,10km,"1 x Just Pepperoni Pide, 1 x Murgh Amritsari Seekh Pizza",,Flat Rs.125 off,1028.0,46.75,93.0,0.0,0.0,0.0,981.75,,,,,,16.43,7.0,Correctly,,9dc99ee5e1df74288184c5a935b95ebad031a54eed13a4a187f84221395f937d
20659868,Aura Pizzas,Sector 4,Delhi NCR,6143102415,"07:19 PM, September 01 2024",Delivered,Zomato Delivery,10km,1 x Mushroom Mozzarella Melt,,50% off upto Rs.100,449.0,17.45,100.0,0.0,0.0,0.0,366.45,,,,,,12.7,2.1,Correctly,,62a3fc701bb0ebd288d893def07a00394af081ed5f8abaaa2fc502b1950dc277
20659868,Aura Pizzas,Sector 4,Delhi NCR,6142635782,"04:53 PM, September 01 2024",Delivered,Zomato Delivery,2km,"1 x Peri Peri Grilled Chicken Pizza, 1 x Cheesy Garlic Bread",,Flat Rs.125 off,858.0,38.25,93.0,0.0,0.0,0.0,803.25,,,,,,20.3,8.1,Correctly,,8f930a8c520197dab1177e6ff81e83c27a570c392daf2de7cee8b3282401ce76
20659868,Aura Pizzas,Sector 4,Delhi NCR,6139352118,"03:14 PM, September 01 2024",Delivered,Zomato Delivery,2km,1 x Bageecha Pizza,,Flat Rs.125 off,599.0,25.3,93.0,0.0,0.0,0.0,531.3,,,,,,11.12,1.4,Correctly,,2d60b1081ed084b70d5f278c0d05386cc955fc5ddb2a07239d235003ced6163e
20659868,Aura Pizzas,Sector 4,Delhi NCR,6142034944,"03:06 PM, September 01 2024",Returned,Zomato Delivery,2km,1 x Makhani Paneer Pizza,,Flat Rs.125 off,579.0,24.3,93.0,0.0,0.0,0.0,510.3,,,Cancelled by Zomato,360.17,,2.72,3.7,Incorrectly,,c8e4e181201c0bf7287cbe88a76689407b81a0271dd2ba3da9b4514efcbdc63b
20659868,Aura Pizzas,Sector 4,Delhi NCR,6127726598,"03:01 PM, September 01 2024",Delivered,Zomato Delivery,6km,"1 x All About Chicken Pizza, 1 x Indian Masala Fries",,,896.0,44.8,0.0,0.0,0.0,0.0,940.8,,,,,,6.9,7.9,Incorrectly,,edd5330fa00623d6420a4275e29e545545d9836ebea191eecef51e3673180b94
20659868,Aura Pizzas,Sector 4,Delhi NCR,6135578111,"02:42 PM, September 01 2024",Delivered,Zomato Delivery,5km,"1 x Margherita Pizza, 2 x Indian Masala Fries",,50% off upto Rs.100,775.0,33.75,100.0,0.0,0.0,0.0,708.75,,,,,,15.85,7.2,Incorrectly,,8f273544686d71a4b1c05bb9e42c83f1caec556c4112019fe03dd58187dc597e
20659868,Aura Pizzas,Sector 4,Delhi NCR,6139096338,"02:30 PM, September 01 2024",Delivered,Zomato Delivery,8km,1 x All About Chicken Pizza,,Flat Rs.125 off,659.0,28.3,93.0,0.0,0.0,0.0,594.3,,,,,,9.32,1.9,Correctly,,edc631fcd8602e1e0f1d075207424bd8e6fc26f021d1ef7175b50e23b647d12b
20659868,Aura Pizzas,Sector 4,Delhi NCR,6142091832,"01:32 PM, September 01 2024",Delivered,Zomato Delivery,2km,"1 x Cheesy Garlic Bread, 1 x Bellpepper Onion Pizza",,Flat Rs.125 off,818.0,36.25,93.0,0.0,0.0,0.0,761.25,,,,,,9.22,8.1,Incorrectly,,8f930a8c520197dab1177e6ff81e83c27a570c392daf2de7cee8b3282401ce76
20659868,Aura Pizzas,Sector 4,Delhi NCR,6142942007,"01:28 PM, September 01 2024",Delivered,Zomato Delivery,3km,1 x Bageecha Pizza,,Flat Rs.125 off,599.0,25.3,93.0,0.0,0.0,0.0,531.3,,,,,,7.28,1.9,Correctly,,3db9d0f06d0b9d9c3b03ca1ead12779db0eca9de3df906a04a5af39562a2a6f2
20659868,Aura Pizzas,Sector 4,Delhi NCR,6117745852,"12:34 PM, September 01 2024",Delivered,Zomato Delivery,1km,"1 x All About Chicken Pizza, 1 x Herbed Potato",,Flat Rs.125 off,1067.0,48.7,93.0,0.0,0.0,0.0,1022.7,,,,,,16.88,8.4,Correctly,,0779a0d47f0cb126959317a3592c3022c77a02a0c1c34f7b29f8baffc037e1ec
20659868,Aura Pizzas,Sector 4,Delhi NCR,6140198228,"12:13 PM, September 01 2024",Delivered,Zomato Delivery,7km,1 x Bageecha Pizza,,Flat Rs.125 off,599.0,25.3,93.0,0.0,0.0,0.0,531.3,,,,,,16.2,16.7,Incorrectly,,8caf645d6b425b7e827ac564c5bc62c53750e5b32249193800838fead9230569
20659868,Aura Pizzas,Sector 4,Delhi NCR,6135442028,"03:56 AM, September 01 2024",Delivered,Zomato Delivery,12km,"1 x Jamaican Chicken Melt, 1 x Margherita Pizza",,Flat Rs.125 off,1017.0,46.2,93.0,0.0,0.0,0.0,970.2,,,,,,15.6,5.2,Correctly,,369f27b24770a4fb85458bf472ada5b23676145db53a5e0c5b6759e72768fa5c
20659868,Aura Pizzas,Sector 4,Delhi NCR,6139312152,"03:25 AM, September 01 2024",Delivered,Zomato Delivery,3km,"1 x Indian Masala Fries, 1 x Cheesy Garlic Bread",Order: Please make it fresh and good. Please add cheese. Please add extra cheese!! Please add extra cheese!,50% off upto Rs.100,397.0,14.85,100.0,0.0,0.0,0.0,311.85,,,,,,8.55,1.7,Correctly,,23ed243ddfc1714b30ea5bc9f777208ab6603f0b3ebf54e3047788fd2ed201f2
20659868,Aura Pizzas,Sector 4,Delhi NCR,6136731426,"03:18 AM, September 01 2024",Delivered,Zomato Delivery,6km,"1 x Murgh Amritsari Garlic Bread, 1 x Cheesy Garlic Bread",Order: Please cook thebfarlic breads properly,Flat Rs.125 off,528.0,21.75,93.0,0.0,0.0,0.0,456.75,,,,,,6.15,1.2,Correctly,,4fab4be15fb2593b76c3025c8e8b97a79b5785b10690dc85287b4aee6cc44379
20659868,Aura Pizzas,Sector 4,Delhi NCR,6142111594,"02:57 AM, September 01 2024",Delivered,Zomato Delivery,4km,"1 x All About Chicken Pizza, 1 x Just Pepperoni Pizza, 1 x Indian Masala Fries",,Flat 15% off,1876.0,79.73,281.4,0.0,0.0,0.0,1674.33,,,,,,15.92,6.6,Incorrectly,,8925ca0ca287db263e38ce1a08d7c7f3174506834467114ca5cf1f73e15e10c0
20659868,Aura Pizzas,Sector 4,Delhi NCR,6138829998,"02:30 AM, September 01 2024",Delivered,Zomato Delivery,9km,1 x Cheesy Garlic Bread,,50% off upto Rs.100,239.0,6.95,100.0,0.0,0.0,0.0,145.95,,,,,,8.2,1.7,Correctly,,8b911cfaa3f186e04ad001de3d64d3898372b8b4fb555b15da23568e46785678
20659868,Aura Pizzas,Sector 4,Delhi NCR,6139906104,"02:17 AM, September 01 2024",Delivered,Zomato Delivery,6km,1 x All About Chicken Pizza,,Flat Rs.125 off,659.0,28.3,93.0,0.0,0.0,0.0,594.3,,,,,,13.0,1.0,Correctly,,330db10a58b705b220dd0f2c1c4c95708a24332fd1fa260386746ee877eda4f5
20659868,Aura Pizzas,Sector 4,Delhi NCR,6140763362,"01:54 AM, September 01 2024",Delivered,Zomato Delivery,8km,"1 x Margherita Pizza, 2 x Herbed Potato, 1 x Mushroom Mozzarella Melt",,Flat Rs.125 off,1204.0,55.55,93.0,0.0,0.0,0.0,1166.55,,,,,,15.82,1.2,Correctly,,6858219c0daea36ae34eab06276647584f3c0c4f2fc2527c989c15ea3a6a7362
20659868,Aura Pizzas,Sector 4,Delhi NCR,6134954975,"01:52 AM, September 01 2024",Delivered,Zomato Delivery,2km,1 x Chilli Cheese Garlic Bread,,60% off upto Rs.120,259.0,8.0,99.0,0.0,0.0,0.0,168.0,,,,,,10.87,1.1,Correctly,,3c60986ba1210cdc6d3eea3e7a702c74f1303ac2d081402f7a71dceabf301a06
20882652,Aura Pizzas,DLF Phase 1,Delhi NCR,6169412678,"10:36 PM, September 10 2024",Rejected,Zomato Delivery,15km,1 x Makhani Paneer Pizza,,50% off upto Rs.100,579.0,23.95,100.0,0.0,0.0,0.0,502.95,,,Cancelled by Zomato,360.91,,12.42,0.3,Correctly,,726835d4241ba973b930653f1beed6e744ccb3f8c97869e2ff31d697799e841b
20882652,Aura Pizzas,DLF Phase 1,Delhi NCR,6165256795,"09:17 PM, September 10 2024",Delivered,Zomato Delivery,3km,1 x Murgh Amritsari Seekh Melt,,60% off upto Rs.120,479.0,19.0,99.0,0.0,0.0,0.0,399.0,,,,,,11.75,1.3,Correctly,,2c7e0aec2256c2d65e66ed8fc0c11fae3d3285f75a9bb4fb989c49a370ff02f8
20882652,Aura Pizzas,DLF Phase 1,Delhi NCR,6169891256,"06:40 PM, September 10 2024",Delivered,Zomato Delivery,4km,1 x Murgh Amritsari Garlic Bread,,60% off upto Rs.120,289.0,9.5,99.0,0.0,0.0,0.0,199.5,,,,,,16.33,4.6,Correctly,,762c7da5dbf42873f645fe37ad7d575bc50837bbd895d53327f2067b82ea3489
20882652,Aura Pizzas,DLF Phase 1,Delhi NCR,6163152250,"12:36 AM, September 10 2024",Delivered,Zomato Delivery,8km,"1 x Makhani Paneer Pizza, 1 x Mushroom Mozzarella Melt",,Flat Rs.200 off,1028.0,41.4,200.0,0.0,0.0,0.0,869.4,5.0,,,,,17.09,5.9,Correctly,,c948a7f8331b7474714f42c384d7d178aa3a81f14539485940e31404c118b4d9
20882652,Aura Pizzas,DLF Phase 1,Delhi NCR,6144988424,"11:23 PM, September 09 2024",Delivered,Zomato Delivery,8km,"1 x Bageecha Pizza, 1 x Herbed Potato",,50% off upto Rs.100,747.0,32.35,100.0,0.0,0.0,0.0,679.35,1.0,,,,,19.72,3.6,Correctly,,d6a09e5221c6d79e1195b76ebfbf3fbb12fea0a11db2c893c445bbc531b0162c
20882652,Aura Pizzas,DLF Phase 1,Delhi NCR,6167422313,"11:21 PM, September 09 2024",Delivered,Zomato Delivery,2km,1 x Bageecha Pizza,,60% off upto Rs.120,599.0,25.0,99.0,0.0,0.0,0.0,525.0,,,,,,21.99,13.6,Correctly,,b91bc3b70b45cb2b0cbdc3f4f31bc6d08c6cbdda51c7d78778c9ddac4e715dcd
20882652,Aura Pizzas,DLF Phase 1,Delhi NCR,6167471007,"10:32 PM, September 09 2024",Delivered,Zomato Delivery,6km,"1 x Makhani Paneer Pizza, 1 x Bageecha Pizza",,Flat Rs.200 off,1336.0,56.8,200.0,0.0,0.0,0.0,1192.8,,,,,,20.48,3.6,Correctly,,fe940ffb7e2d2535777b463fe0a8f2c649732669f09ffb0588e76e773cbc919c
20882652,Aura Pizzas,DLF Phase 1,Delhi NCR,6165927208,"08:44 PM, September 09 2024",Delivered,Zomato Delivery,8km,"1 x Tipsy Tiger Ginger Ale, 1 x Bacon Pepperoni Melt, 1 x Tipsy Tiger Fresh Lime Soda, 1 x Murgh Amritsari Garlic Bread",,,1403.1,70.16,0.0,0.0,0.0,0.0,1473.26,,,,,,19.5,6.7,Correctly,,2b77441d2edf85252e34e7aa29aad0183855638077b178b362b977b00d2991c8
20882652,Aura Pizzas,DLF Phase 1,Delhi NCR,6167213481,"08:23 PM, September 09 2024",Delivered,Zomato Delivery,14km,1 x Murgh Amritsari Seekh Pide,,,349.0,17.45,0.0,0.0,0.0,0.0,366.45,,,,,,12.95,7.6,Incorrectly,,512863c61accc5a646f8890817e8d1a43f389ce630a90dc0905b34f01fb2e78e
20882652,Aura Pizzas,DLF Phase 1,Delhi NCR,6157389224,"06:12 PM, September 09 2024",Delivered,Zomato Delivery,4km,"1 x Peri Peri Grilled Chicken Pizza, 1 x Peri Peri Chicken Melt",,Flat Rs.200 off,1108.0,45.4,200.0,0.0,0.0,0.0,953.4,,,,,,21.87,6.5,Correctly,,2d73670e74e809a8db3757136b0ea887a7c5f7b0a1fa9b6108c7c33f54b09fe1
20882652,Aura Pizzas,DLF Phase 1,Delhi NCR,6166129326,"02:58 PM, September 09 2024",Delivered,Zomato Delivery,4km,1 x All About Chicken Pizza,,Flat Rs.370 off,659.0,27.95,100.0,0.0,0.0,0.0,586.95,4.0,,,,,27.06,24.9,Incorrectly,,8f7bc31d89261ea49ba81f572c29bda41c0b894fddb058bf90441696c1c7e1e3
20882652,Aura Pizzas,DLF Phase 1,Delhi NCR,6165081058,"02:03 PM, September 09 2024",Delivered,Zomato Delivery,5km,1 x Murgh Amritsari Garlic Bread,,60% off upto Rs.120,289.0,9.5,99.0,0.0,0.0,0.0,199.5,,,,,,18.09,6.9,Correctly,,b01bce1663a1442a781c0dc3e0f1489c859b0970360df20dd10c7576bad07fc5
20882652,Aura Pizzas,DLF Phase 1,Delhi NCR,6141560470,"01:51 PM, September 09 2024",Delivered,Zomato Delivery,5km,1 x Chilli Cheese Garlic Bread,,60% off upto Rs.120,259.0,8.0,99.0,0.0,0.0,0.0,168.0,,,,,,19.38,0.6,Correctly,,b9df995bf766d17e7d213f98b4113714c99b8c142bdc49d09140c12bdd65ad35
20882652,Aura Pizzas,DLF Phase 1,Delhi NCR,6165129065,"01:35 PM, September 09 2024",Delivered,Zomato Delivery,7km,"1 x Bageecha Pizza, 1 x Angara Paneer Melt, 1 x Salted Fries, 1 x Harisa Mayo",,Flat Rs.200 off,1277.0,53.85,200.0,0.0,0.0,0.0,1130.85,,,,,,25.21,6.2,Correctly,,cc253a165b04f7b8f63e01685ff74244730097cd46214ad8a109cdb952bddeda
20882652,Aura Pizzas,DLF Phase 1,Delhi NCR,6163416776,"11:30 PM, September 08 2024",Delivered,Zomato Delivery,9km,1 x Angara Paneer Melt,,,449.0,22.45,0.0,0.0,0.0,0.0,471.45,,,,,,22.45,2.7,Correctly,,d1148b971201caa2079cfffdc19b7d92bbbd2aabcc4fa490ff1e925e81037542
20882652,Aura Pizzas,DLF Phase 1,Delhi NCR,6161671750,"10:53 PM, September 08 2024",Delivered,Zomato Delivery,<1km,1 x Bellpepper Onion Pizza,,60% off upto Rs.120,789.0,34.5,99.0,0.0,0.0,0.0,724.5,,,,,,15.83,2.9,Correctly,,ea7f296036c9c41e066d59a9cbdff46e223a2a6d8e46dc4b538700e408b1cd5e
20882652,Aura Pizzas,DLF Phase 1,Delhi NCR,6163450126,"10:32 PM, September 08 2024",Delivered,Zomato Delivery,6km,1 x Chilli Cheese Garlic Bread,,60% off upto Rs.120,259.0,8.0,99.0,0.0,0.0,0.0,168.0,,,,,,11.05,0.5,Correctly,,d8ce37cf1e3e17ea2a2e841ca6092aa1fefa259f0ee63e9543294560e3855bc8
20882652,Aura Pizzas,DLF Phase 1,Delhi NCR,6158056528,"09:19 PM, September 08 2024",Delivered,Zomato Delivery,7km,1 x Just Pepperoni Pizza,,50% off upto Rs.100,649.0,27.45,100.0,0.0,0.0,0.0,576.45,,,,,,12.03,1.5,Correctly,,77c41939c2abac9f8fa5acd8ce41b4a405a02ac0b88cecaf812a4b55c3f67e98
20882652,Aura Pizzas,DLF Phase 1,Delhi NCR,6129464316,"08:26 PM, September 08 2024",Delivered,Zomato Delivery,<1km,"1 x Angara Paneer Melt, 1 x Tripple Cheese Pizza, 1 x Bellpepper Onion Pizza",,,1637.0,81.85,0.0,0.0,0.0,0.0,1718.85,,,,,,19.35,5.6,Correctly,,cebbfed4a79dc85bfbaa374978f185ffec96ccf0ec1b4ac920850ed88bec1cdf
20882652,Aura Pizzas,DLF Phase 1,Delhi NCR,6161630844,"08:14 PM, September 08 2024",Delivered,Zomato Delivery,3km,1 x Jamaican Chicken Melt,,,479.0,23.95,0.0,0.0,0.0,0.0,502.95,,,,,,19.72,4.5,Incorrectly,,2e1060814964cf2324d8bc977a4aa6671d0dd299c3f8f7ce4689c51979f4e496
20882652,Aura Pizzas,DLF Phase 1,Delhi NCR,6159051534,"03:33 PM, September 08 2024",Delivered,Zomato Delivery,3km,1 x Bageecha Pizza,,,599.0,29.95,0.0,0.0,0.0,0.0,628.95,,,,,,19.48,9.4,Correctly,,07a7aa17f32b4714ecf40acaf98306918db66e1f7d3bd9a4b25ed1ef8faa8c55
20882652,Aura Pizzas,DLF Phase 1,Delhi NCR,6161268518,"03:28 PM, September 08 2024",Delivered,Zomato Delivery,14km,1 x Makhani Paneer Pizza,,50% off upto Rs.100,579.0,23.95,100.0,0.0,0.0,0.0,502.95,,,,,,24.18,14.1,Incorrectly,,512863c61accc5a646f8890817e8d1a43f389ce630a90dc0905b34f01fb2e78e
20882652,Aura Pizzas,DLF Phase 1,Delhi NCR,6161592024,"02:34 PM, September 08 2024",Delivered,Zomato Delivery,8km,"1 x Just Pepperoni Pizza, 1 x Indian Masala Fries",,Flat Rs.200 off,1275.0,53.75,200.0,0.0,0.0,0.0,1128.75,,,,,,21.24,2.3,Correctly,,c8276f681117a7486538902d04467a96656886b819c49e6f1943cc849d76723f
20882652,Aura Pizzas,DLF Phase 1,Delhi NCR,6162124163,"01:46 AM, September 08 2024",Delivered,Zomato Delivery,2km,1 x Jamaican Chicken Melt,,,479.0,23.95,0.0,0.0,0.0,0.0,502.95,,,,,,42.27,5.6,Incorrectly,,654b0727efa7e5114df741b6a3922762db6c63c7b9d6bc55b0626193e9a74618
20882652,Aura Pizzas,DLF Phase 1,Delhi NCR,6148664220,"12:46 AM, September 08 2024",Delivered,Zomato Delivery,5km,1 x Malai Gud Pide,,50% off upto Rs.100,259.0,7.95,100.0,0.0,0.0,0.0,166.95,,,,,,21.62,6.0,Correctly,,731f3304eef1dbe0bcb6046f42ee5152f21f49429c8ab46231a5945252fda037
20882652,Aura Pizzas,DLF Phase 1,Delhi NCR,6160396218,"12:43 AM, September 08 2024",Delivered,Zomato Delivery,5km,"1 x Jamaican Chicken Melt, 1 x Murgh Amritsari Seekh Pide, 1 x Mutton Seekh Pide, 1 x Pepperoni Garlic Bread",,Flat Rs.200 off,1506.0,65.3,200.0,0.0,0.0,0.0,1371.3,5.0,,,,,19.52,0.8,Correctly,,94208e62fe6e67c8ade26a0de895ecd7c321613566b62d6a0f380710d834fd4b
20882652,Aura Pizzas,DLF Phase 1,Delhi NCR,6161246519,"10:27 PM, September 07 2024",Delivered,Zomato Delivery,3km,1 x Masala Paneer Pide,,,319.0,15.95,0.0,0.0,0.0,0.0,334.95,,,,,,24.58,3.1,Incorrectly,,fb2289f7fbf700fcc133534a85e677cb463c027afffc2b5a635c4c6719d5d977
20882652,Aura Pizzas,DLF Phase 1,Delhi NCR,6161421357,"10:13 PM, September 07 2024",Delivered,Zomato Delivery,7km,1 x Just Pepperoni Pizza,,50% off upto Rs.100,747.0,32.35,100.0,0.0,0.0,0.0,679.35,,,,,,20.75,3.6,Incorrectly,,d73e690fe2e1ec6db2cae488d7077c310f2f0c53ae4017ca3031b6f2c57fee6a
20882652,Aura Pizzas,DLF Phase 1,Delhi NCR,6157984368,"09:55 PM, September 07 2024",Delivered,Zomato Delivery,3km,2 x Jamaican Chicken Melt,,Flat Rs.200 off,958.0,37.9,200.0,0.0,0.0,0.0,795.9,,,,,,36.73,2.5,Correctly,,ea68e139ba16ac3a9dc2fc3022f2316fb1bc53a38b994d3ae66beb575d91351c
20882652,Aura Pizzas,DLF Phase 1,Delhi NCR,6159595422,"08:26 PM, September 07 2024",Delivered,Zomato Delivery,1km,"1 x Just Pepperoni Pizza, 1 x Herbed Potato, 1 x Bageecha Pizza",,Flat Rs.200 off,1596.0,69.8,200.0,0.0,0.0,0.0,1465.8,,,,,,30.92,4.9,Incorrectly,,7782c3463923f259a162e7356bf0372211c3e1aaaaa078ab8fc440819031a0ef
20882652,Aura Pizzas,DLF Phase 1,Delhi NCR,6159634231,"01:07 PM, September 07 2024",Delivered,Zomato Delivery,3km,1 x Mushroom Mozzarella Melt,,60% off upto Rs.120,449.0,17.5,99.0,0.0,0.0,0.0,367.5,,,,,,14.97,8.7,Correctly,,b19bccae9354050ec3c24d4b06bff532ff1195f36109b9cc590d083823b86c15
20882652,Aura Pizzas,DLF Phase 1,Delhi NCR,6158929672,"01:52 AM, September 07 2024",Delivered,Zomato Delivery,3km,"1 x OG Cheese Pide, 1 x Chilli Cheese Garlic Bread",,Buy 1 Get 1 - ₹259.00,349.0,17.45,0.0,0.0,0.0,0.0,366.45,1.0,,,,,24.85,2.8,Correctly,Poor taste or quality,6609ac8bc0cc0d108f9d09de90f045468d8c2bb8347ba8ee6f145f774a6f90b1
20882652,Aura Pizzas,DLF Phase 1,Delhi NCR,6159201059,"01:45 AM, September 07 2024",Delivered,Zomato Delivery,4km,"1 x Bageecha Pizza, 1 x Makhani Paneer Pizza",,Buy 1 Get 1 - ₹579.00,599.0,29.95,0.0,0.0,0.0,0.0,628.95,4.0,,,,,36.97,0.7,Correctly,,0ac70bd30bb89b13ac6c964c01434d170fae302cfbd09f1b6f7400401e5265ea
20882652,Aura Pizzas,DLF Phase 1,Delhi NCR,6153588315,"12:36 AM, September 07 2024",Delivered,Zomato Delivery,3km,1 x Just Pepperoni Pide,,50% off upto Rs.100,399.0,14.95,100.0,0.0,0.0,0.0,313.95,,,,,,19.87,6.0,Incorrectly,,0d3e7d0fa5c4cde97e568d9f52fb63515af06f8ff8207b79800c5413bcaa90a0
20882652,Aura Pizzas,DLF Phase 1,Delhi NCR,6159374016,"12:12 AM, September 07 2024",Delivered,Zomato Delivery,2km,"1 x Desi Chicken Pepperoni Pizza, 1 x Indian Pico De-Gallo, 1 x Jamaican Chicken Melt, 1 x Cafreal Sauce",,Buy 1 Get 1 - ₹539.00,669.0,33.45,0.0,0.0,0.0,0.0,702.45,,,,,,18.23,3.5,Correctly,Poor packaging or spillage,707a8d3aeaef9e0552204fa578b2a2cb51300c2e0287cefefdcddf09b3da91b1
20882652,Aura Pizzas,DLF Phase 1,Delhi NCR,6156457717,"12:05 AM, September 07 2024",Delivered,Zomato Delivery,3km,"1 x Murgh Amritsari Garlic Bread, 1 x Pepperoni Garlic Bread",,Buy 1 Get 1 - ₹279.00,289.0,14.45,0.0,0.0,0.0,0.0,303.45,,,,,,23.47,1.2,Correctly,,a414a1d91cf8214de27161579584f3d90913068b2aa905c1288916dd2132d506
20882652,Aura Pizzas,DLF Phase 1,Delhi NCR,6158915195,"11:59 PM, September 06 2024",Delivered,Zomato Delivery,6km,"1 x Just Pepperoni Pide, 1 x OG Cheese Pide, 1 x Murgh Amritsari Seekh Pizza, 1 x Murgh Amritsari Seekh Melt",,Buy 1 Get 1 - ₹1075.00,1097.0,54.85,0.0,0.0,0.0,0.0,1151.85,,,,,,25.23,1.7,Correctly,,6dddf931369b975e160050440753ae9f3f6d497a9a8f1368c4525b5402bd193f
20882652,Aura Pizzas,DLF Phase 1,Delhi NCR,6141175929,"11:50 PM, September 06 2024",Delivered,Zomato Delivery,8km,"1 x Bageecha Pizza, 1 x Murgh Amritsari Seekh Pide",,Buy 1 Get 1 - ₹349.00,599.0,29.95,0.0,0.0,0.0,0.0,628.95,,,,,,16.72,3.3,Correctly,,fa85e8b04f664ef8f6febcf598a9f8f63d2bc9d235df4d8941e0fdd536485116
20882652,Aura Pizzas,DLF Phase 1,Delhi NCR,6159004163,"11:46 PM, September 06 2024",Delivered,Zomato Delivery,6km,"1 x Bellpepper Onion Pizza, 1 x Makhani Paneer Pizza",,Buy 1 Get 1 - ₹579.00,579.0,28.95,0.0,0.0,0.0,0.0,607.95,,,,,,21.88,5.2,Correctly,,c8b8109325c3a10f6adae4dda8159ab97771060beedfcc8c44b1776a52ee3b01
20882652,Aura Pizzas,DLF Phase 1,Delhi NCR,6159112303,"11:42 PM, September 06 2024",Delivered,Zomato Delivery,9km,2 x Murgh Amritsari Garlic Bread,,Buy 1 Get 1 - ₹289.00,289.0,14.45,0.0,0.0,0.0,0.0,303.45,,,,,,17.93,1.8,Correctly,,762c7da5dbf42873f645fe37ad7d575bc50837bbd895d53327f2067b82ea3489
20882652,Aura Pizzas,DLF Phase 1,Delhi NCR,6157510535,"11:13 PM, September 06 2024",Delivered,Zomato Delivery,6km,"1 x OG Cheese Pide, 1 x Chilli Cheese Garlic Bread",,Buy 1 Get 1 - ₹318.00,349.0,17.45,0.0,0.0,0.0,0.0,366.45,5.0,,,,,19.52,2.5,Correctly,,ac1ea75a047cc1fd31cf63124fc8cfba4b60f56d68a8e0c2fb6db7951f12c820
20882652,Aura Pizzas,DLF Phase 1,Delhi NCR,6157125657,"10:45 PM, September 06 2024",Delivered,Zomato Delivery,4km,"1 x All About Chicken Pizza, 1 x Murgh Amritsari Seekh Pizza, 1 x Just Pepperoni Pide, 1 x Mutton Seekh Pide",,Buy 1 Get 1 - ₹1028.00,1058.0,52.9,0.0,0.0,0.0,0.0,1110.9,,,,,,25.91,3.8,Incorrectly,,3abb9bbd5548762a0f675c05668249f823dc0a5f3fef69c626125b637a310988
20882652,Aura Pizzas,DLF Phase 1,Delhi NCR,6144768466,"10:43 PM, September 06 2024",Delivered,Zomato Delivery,4km,"1 x Bageecha Pizza, 1 x Murgh Amritsari Seekh Pizza",,Buy 1 Get 1 - ₹599.00,629.0,31.45,0.0,0.0,0.0,0.0,660.45,,,,,,25.99,0.6,Correctly,,3ff24bd2e7a7926a79024dc2f21f66a98f12b323e4fbcba71b9f2422ea0f5cb9
20882652,Aura Pizzas,DLF Phase 1,Delhi NCR,6145536525,"10:42 PM, September 06 2024",Delivered,Zomato Delivery,7km,"1 x Murgh Amritsari Seekh Pide, 1 x Bageecha Pizza",,Buy 1 Get 1 - ₹587.00,599.0,29.95,0.0,0.0,0.0,0.0,628.95,5.0,,,,,26.84,4.5,Incorrectly,,2b04f5c72afd7c00ed7429fe1f43d6727121b0e58229397ab6ffaffdeee2a206
20882652,Aura Pizzas,DLF Phase 1,Delhi NCR,6152306637,"10:28 PM, September 06 2024",Delivered,Zomato Delivery,4km,"1 x Salted Fries, 1 x Chilli Cheese Garlic Bread",,Buy 1 Get 1 - ₹169.00,259.0,12.95,0.0,0.0,0.0,0.0,271.95,5.0,,,,,19.06,4.3,Incorrectly,,da13b384649596921212987d9f79874fcfc2037de72f5d728fde84748b59c183
20882652,Aura Pizzas,DLF Phase 1,Delhi NCR,6145896062,"10:11 PM, September 06 2024",Delivered,Zomato Delivery,5km,"1 x Bageecha Pizza, 1 x Makhani Paneer Pizza",,Buy 1 Get 1 - ₹579.00,599.0,29.95,0.0,0.0,0.0,0.0,628.95,,,,,,22.59,3.2,Incorrectly,,459357caf5543e37ad13e7acf78f1564eab099aa207f2c55515a23382228fd74
20882652,Aura Pizzas,DLF Phase 1,Delhi NCR,6157113220,"09:56 PM, September 06 2024",Delivered,Zomato Delivery,4km,2 x All About Chicken Pizza,,Buy 1 Get 1 - ₹659.00,659.0,32.95,0.0,0.0,0.0,0.0,691.95,5.0,,,,,30.96,1.9,Correctly,,279b37c06fd5ce45679634af336cf84b0485e386a68112959291f59bb5432b21
20882652,Aura Pizzas,DLF Phase 1,Delhi NCR,6158494972,"09:44 PM, September 06 2024",Delivered,Zomato Delivery,6km,"1 x Bageecha Pizza, 1 x Chilli Cheese Garlic Bread",,Buy 1 Get 1 - ₹259.00,599.0,29.95,0.0,0.0,0.0,0.0,628.95,,,,,,19.27,0.4,Correctly,,5be0aec2efff7de441d8b29eb9ea06807b6754604e1c52c35b8b12960dbc40e8
20882652,Aura Pizzas,DLF Phase 1,Delhi NCR,6156063629,"09:37 PM, September 06 2024",Delivered,Zomato Delivery,3km,"1 x Chilli Cheese Garlic Bread, 1 x Peri Peri Fries",,Buy 1 Get 1 - ₹189.00,259.0,12.95,0.0,0.0,0.0,0.0,271.95,,,,,,23.77,2.0,Correctly,,85b57f66e1893be5518ff6ce00ba43182e61f1768acfa6cb9a0c0e595eb63bde
20882652,Aura Pizzas,DLF Phase 1,Delhi NCR,6151505016,"09:13 PM, September 06 2024",Delivered,Zomato Delivery,4km,"1 x Mutton Seekh Pide, 1 x Murgh Amritsari Seekh Pide",,Buy 1 Get 1 - ₹349.00,399.0,19.95,0.0,0.0,0.0,0.0,418.95,,,,,,27.44,3.3,Incorrectly,,ad45d090aef5bc084daa060cefad74cfbcb0916da9d26d4ce767024866dd5f63
20882652,Aura Pizzas,DLF Phase 1,Delhi NCR,6158542307,"09:10 PM, September 06 2024",Delivered,Zomato Delivery,11km,"1 x Mutton Seekh Pide, 1 x Murgh Amritsari Seekh Pide",,Buy 1 Get 1 - ₹349.00,399.0,19.95,0.0,0.0,0.0,0.0,418.95,,,,,,49.62,16.3,Incorrectly,Non-refunded complaint,b55c2f76918c94017b9751f776713f9665410ba03d36b0f79ad0171132cb0bbe
20882652,Aura Pizzas,DLF Phase 1,Delhi NCR,6152768390,"08:54 PM, September 06 2024",Delivered,Zomato Delivery,8km,"1 x Desi Chicken Pepperoni Pizza, 1 x Bageecha Pizza",,Buy 1 Get 1 - ₹599.00,609.0,30.45,0.0,0.0,0.0,0.0,639.45,,,,,,29.46,3.4,Correctly,,f7db8f03d2f2e0545de8cb559133d93e73d64f1ffeb151ae5d12f538df9ff647
20882652,Aura Pizzas,DLF Phase 1,Delhi NCR,6158238823,"08:40 PM, September 06 2024",Delivered,Zomato Delivery,2km,"1 x Murgh Amritsari Seekh Melt, 1 x Jamaican Chicken Melt",,Buy 1 Get 1 - ₹479.00,479.0,23.95,0.0,0.0,0.0,0.0,502.95,,,,,,34.69,5.9,Incorrectly,,a535cf06e652013f4705b66088146f16c9e068ebf5b1737eb4f6b7760f975754
20882652,Aura Pizzas,DLF Phase 1,Delhi NCR,6154044782,"08:39 PM, September 06 2024",Delivered,Zomato Delivery,5km,"1 x Murgh Amritsari Seekh Pide, 1 x Mutton Seekh Pide, 1 x Grilled Tangdis, 1 x Indian Masala Fries",,Buy 1 Get 1 - ₹538.00,668.0,33.4,0.0,0.0,0.0,0.0,701.4,,,,,,25.17,2.7,Correctly,,0e958b7b953dfd996de4e73d14aa638c5a49eadbb89c9c492c8a00f7b3413fe5
20882652,Aura Pizzas,DLF Phase 1,Delhi NCR,6152906079,"08:29 PM, September 06 2024",Delivered,Zomato Delivery,7km,"1 x Murgh Amritsari Seekh Melt, 1 x Murgh Amritsari Garlic Bread",,Buy 1 Get 1 - ₹289.00,479.0,23.95,0.0,0.0,0.0,0.0,502.95,,,,,,24.02,1.7,Correctly,,9b0a3be344dfd35e123d3e76eb840dc112645df8a9f55491ca13be67e887ad8b
20882652,Aura Pizzas,DLF Phase 1,Delhi NCR,6155762768,"08:23 PM, September 06 2024",Delivered,Zomato Delivery,4km,"1 x All About Chicken Pizza, 1 x Makhani Paneer Pizza",,Buy 1 Get 1 - ₹659.00,748.0,37.4,0.0,0.0,0.0,0.0,785.4,,,,,,27.62,6.0,Incorrectly,,76be32bb5a6e52f99a295abec26e28be026c9996ce4b33617133d75e2a4f65ae
20882652,Aura Pizzas,DLF Phase 1,Delhi NCR,6156586190,"08:18 PM, September 06 2024",Delivered,Zomato Delivery,6km,"1 x All About Chicken Pizza, 1 x Jamaican Chicken Melt",,Buy 1 Get 1 - ₹479.00,659.0,32.95,0.0,0.0,0.0,0.0,691.95,,,,,,23.32,2.8,Correctly,,ef0dbd63eb27e76a74edf2b36d08df546817cf7a7b71d6239ffd036116665396
20882652,Aura Pizzas,DLF Phase 1,Delhi NCR,6157163618,"08:06 PM, September 06 2024",Delivered,Zomato Delivery,2km,"1 x Angara Paneer Melt, 1 x OG Cheese Pide",,Buy 1 Get 1 - ₹349.00,449.0,22.45,0.0,0.0,0.0,0.0,471.45,,,,,,29.19,4.5,Incorrectly,,0cf53eabcb8781c12b1ef6004325fcbcb188a6532c276ea645b3ccf07df06157
20882652,Aura Pizzas,DLF Phase 1,Delhi NCR,6156847145,"08:05 PM, September 06 2024",Delivered,Zomato Delivery,4km,"1 x Bageecha Pizza, 1 x Makhani Paneer Pizza, 1 x Cheesy Garlic Bread, 1 x Masala Paneer Pide",,Buy 1 Get 1 - ₹878.00,918.0,45.9,0.0,0.0,0.0,0.0,963.9,,,,,,30.07,2.8,Correctly,,d862ec2dc0f065390778ecfdf9e4f5e799207a91da0c7f6ca3bb90569d5a5d03
20882652,Aura Pizzas,DLF Phase 1,Delhi NCR,6156742238,"08:02 PM, September 06 2024",Delivered,Zomato Delivery,2km,"1 x Bageecha Pizza, 1 x All About Chicken Pizza",,Buy 1 Get 1 - ₹599.00,659.0,32.95,0.0,0.0,0.0,0.0,691.95,,,,,,28.46,2.8,Correctly,,0f07b91418c1f7735c04c8a15046c1a579e51187c8cf4b5943697f4545d507d3
20882652,Aura Pizzas,DLF Phase 1,Delhi NCR,6156178189,"07:25 PM, September 06 2024",Delivered,Zomato Delivery,10km,"1 x Just Pepperoni Pide, 1 x Murgh Amritsari Seekh Pizza, 1 x All About Chicken Pizza, 1 x OG Cheese Pide",Order: please make all pizzas loaded with cheese and meat toppings thanks . trying you for the first time,Buy 1 Get 1 - ₹1396.00,1416.0,70.8,0.0,0.0,0.0,0.0,1486.8,,,,,,24.26,1.0,Correctly,,5bf20af52bb1cea9ac355416719f98d956cb92e92f79da0b32c85e62e93bfe7e
20882652,Aura Pizzas,DLF Phase 1,Delhi NCR,6150083924,"07:01 PM, September 06 2024",Delivered,Zomato Delivery,11km,"1 x Makhani Paneer Pizza, 1 x Peri Peri Grilled Chicken Pizza",Order: Please add some veggies to both pizzas. Thank you!,Buy 1 Get 1 - ₹579.00,619.0,30.95,0.0,0.0,0.0,0.0,649.95,,,,,,19.44,7.3,Correctly,,a1efedd28e29a29ce94b9c06a2ae795c5dd95759b0833017c623880ff891c38d
20882652,Aura Pizzas,DLF Phase 1,Delhi NCR,6153824943,"05:59 PM, September 06 2024",Delivered,Zomato Delivery,7km,"1 x Tripple Cheese Pizza, 1 x All About Chicken Pizza",,Buy 1 Get 1 - ₹549.00,659.0,32.95,0.0,0.0,0.0,0.0,691.95,5.0,,,,,17.75,8.4,Correctly,,8b829e35ba66d8e8fcf4ce4bb3799292b3468e453a83be59e97871504fc41d0d
20882652,Aura Pizzas,DLF Phase 1,Delhi NCR,6156297363,"05:33 PM, September 06 2024",Delivered,Zomato Delivery,5km,"1 x Masala Potato Pide, 1 x Masala Paneer Pide",,Buy 1 Get 1 - ₹299.00,319.0,15.95,0.0,0.0,0.0,0.0,334.95,,,,,,32.7,4.8,Incorrectly,,222a43978c90b32265baecf2f668768bc39422195465bd7e77d2c0d4e2c568aa
20882652,Aura Pizzas,DLF Phase 1,Delhi NCR,6157290687,"04:36 PM, September 06 2024",Delivered,Zomato Delivery,5km,"1 x Jamaican Chicken Melt, 1 x Margherita Pizza",,Buy 1 Get 1 - ₹538.00,538.0,26.9,0.0,0.0,0.0,0.0,564.9,4.0,no extra cheese onpizza,,,,21.9,14.1,Correctly,,edad56c57f1f7768d083c506b1e2ec846ab5f3d45ef1426edee480c9e8970cc7
20882652,Aura Pizzas,DLF Phase 1,Delhi NCR,6150962489,"04:27 PM, September 06 2024",Delivered,Zomato Delivery,9km,"1 x Jamaican Chicken Melt, 1 x Mushroom Mozzarella Melt",,Buy 1 Get 1 - ₹449.00,479.0,23.95,0.0,0.0,0.0,0.0,502.95,,,,,,21.78,7.1,Correctly,,6e30f5a85eae9be5050ca00a8faf3e558333a031f6c6f45b476f900ff3f44dfc
20882652,Aura Pizzas,DLF Phase 1,Delhi NCR,6155284382,"03:46 PM, September 06 2024",Delivered,Zomato Delivery,9km,1 x Angara Paneer Melt,,50% off upto Rs.100,449.0,17.45,100.0,0.0,0.0,0.0,366.45,,,,,,17.6,6.4,Correctly,,d1148b971201caa2079cfffdc19b7d92bbbd2aabcc4fa490ff1e925e81037542
20882652,Aura Pizzas,DLF Phase 1,Delhi NCR,6144425000,"03:34 PM, September 06 2024",Delivered,Zomato Delivery,2km,2 x Margherita Pizza,,Buy 1 Get 1 - ₹459.00,459.0,22.95,0.0,0.0,0.0,0.0,481.95,,,,,,14.67,5.0,Incorrectly,,20ba3acda577ca9f776eb1bc5ce581bd4411ff90bbe8bb5d19a3669a36222717
20882652,Aura Pizzas,DLF Phase 1,Delhi NCR,6147212314,"02:48 PM, September 06 2024",Delivered,Zomato Delivery,5km,1 x Chilli Cheese Garlic Bread,,60% off upto Rs.120,259.0,8.0,99.0,0.0,0.0,0.0,168.0,,,,,,17.92,1.6,Correctly,,9dd6b35fa95b269dc63fc87cb68a07455c67659cf6e9edea5562341c30bd52af
20882652,Aura Pizzas,DLF Phase 1,Delhi NCR,6156565224,"02:37 PM, September 06 2024",Delivered,Zomato Delivery,5km,2 x OG Cheese Pide,,Buy 1 Get 1 - ₹349.00,349.0,17.45,0.0,0.0,0.0,0.0,366.45,,,,,,16.18,2.8,Correctly,,61a9a2d4cbb0375353def57d7625936ce90a9b8bc972da36b885caa43bbaea8b
20882652,Aura Pizzas,DLF Phase 1,Delhi NCR,6155784850,"02:05 PM, September 06 2024",Delivered,Zomato Delivery,3km,"1 x All About Chicken Pizza, 1 x Jamaican Chicken Melt",,Buy 1 Get 1 - ₹479.00,659.0,32.95,0.0,0.0,0.0,0.0,691.95,,,,,,21.62,3.5,Correctly,,a96438e48a295eaeb0ff7550428d45b2c40ee86df4bcf419ae4282bd45593ffe
20882652,Aura Pizzas,DLF Phase 1,Delhi NCR,6151254242,"01:42 PM, September 06 2024",Delivered,Zomato Delivery,8km,"1 x Mutton Seekh Pizza, 1 x Desi Pepperoni Pizza","Order: Please dont add any capsicum have ALLERGY, add extra onion or tomato instead.",Buy 1 Get 1 - ₹659.00,679.0,33.95,0.0,0.0,0.0,0.0,712.95,5.0,,,,,31.33,7.5,Incorrectly,,c948a7f8331b7474714f42c384d7d178aa3a81f14539485940e31404c118b4d9
20882652,Aura Pizzas,DLF Phase 1,Delhi NCR,6148018881,"01:40 PM, September 06 2024",Delivered,Zomato Delivery,7km,"1 x Desi Chicken Pepperoni Pizza, 1 x Harisa Mayo, 1 x All About Chicken Pizza, 1 x Garlic Aioli",,Buy 1 Get 1 - ₹669.00,719.0,35.95,0.0,0.0,0.0,0.0,754.95,,,,,,24.7,8.7,Incorrectly,,10003bf0f353c74c9ec3e4dd4969c47fb13519e6e15fac6aceb514b31e520f21
20882652,Aura Pizzas,DLF Phase 1,Delhi NCR,6155808461,"01:16 PM, September 06 2024",Delivered,Zomato Delivery,<1km,"1 x Pepperoni Garlic Bread, 1 x Grilled Tangdis",,Buy 1 Get 1 - ₹269.00,279.0,13.95,0.0,0.0,0.0,0.0,292.95,,,,,,30.72,4.0,Incorrectly,,f88fd0aec358e139e22c42aecfc934d2dbc4047297e604c1f276b7f3a8184764
20882652,Aura Pizzas,DLF Phase 1,Delhi NCR,6153073028,"01:11 PM, September 06 2024",Delivered,Zomato Delivery,7km,"1 x Masala Paneer Pide, 1 x Mutton Seekh Pide",,Buy 1 Get 1 - ₹319.00,399.0,19.95,0.0,0.0,0.0,0.0,418.95,,,,,,35.95,3.6,Incorrectly,,62246157a9dee5eb06916788019de43e487d1ee7b799364fc78b02c40a842b87
20882652,Aura Pizzas,DLF Phase 1,Delhi NCR,6147347436,"12:58 PM, September 06 2024",Delivered,Zomato Delivery,7km,"1 x All About Chicken Pizza, 1 x Just Pepperoni Pizza",,Buy 1 Get 1 - ₹709.00,719.0,35.95,0.0,0.0,0.0,0.0,754.95,,,,,,24.03,4.1,Incorrectly,,76376788dd2b7725bc9fea011532f41ea0cb0e3d830eb9f0ec44d4d397a86931
20882652,Aura Pizzas,DLF Phase 1,Delhi NCR,6148828600,"12:38 PM, September 06 2024",Delivered,Zomato Delivery,3km,2 x Murgh Amritsari Garlic Bread,,Buy 1 Get 1 - ₹289.00,289.0,14.45,0.0,0.0,0.0,0.0,303.45,,,,,,30.48,2.0,Correctly,,ce806e9d5ca6112750b02ddcf140a8cbc41f844d858357116e8c88140594768c
20882652,Aura Pizzas,DLF Phase 1,Delhi NCR,6151237410,"12:32 PM, September 06 2024",Rejected,Zomato Delivery,7km,"1 x Garlic Aioli, 1 x Harisa Mayo, 1 x All About Chicken Pizza, 1 x Desi Chicken Pepperoni Pizza",,Buy 1 Get 1 - ₹669.00,719.0,35.95,0.0,0.0,0.0,0.0,754.95,,,Cancelled by Zomato,301.98,,,,Missed,,10003bf0f353c74c9ec3e4dd4969c47fb13519e6e15fac6aceb514b31e520f21
20882652,Aura Pizzas,DLF Phase 1,Delhi NCR,6154836423,"12:32 PM, September 06 2024",Delivered,Zomato Delivery,10km,"1 x Tripple Cheese Pizza, 1 x Peri Peri Paneer Pizza",,Buy 1 Get 1 - ₹549.00,579.0,28.95,0.0,0.0,0.0,0.0,607.95,,,,,,37.92,27.9,Incorrectly,,326edccadb60aab3cf83acb97c3af2aaf1aef7630fd8214b3cdcb06e03ef3f65
20882652,Aura Pizzas,DLF Phase 1,Delhi NCR,6138486370,"12:21 PM, September 06 2024",Delivered,Zomato Delivery,6km,"1 x Masala Paneer Pide, 1 x Murgh Amritsari Seekh Pide",,Buy 1 Get 1 - ₹319.00,349.0,17.45,0.0,0.0,0.0,0.0,366.45,,,,,,30.22,21.5,Correctly,,0f6fc7bbba1bf828d9db76d6013e1b64e972d1dc1e1534b982064375500d4da2
20882652,Aura Pizzas,DLF Phase 1,Delhi NCR,6155785935,"12:13 PM, September 06 2024",Delivered,Zomato Delivery,6km,"1 x Peri Peri Paneer Pizza, 1 x Bellpepper Onion Pizza, 1 x All About Chicken Pizza, 1 x Peri Peri Grilled Chicken Pizza, 1 x Bageecha Pizza, 1 x Murgh Amritsari Seekh Pizza",,Buy 1 Get 1 - ₹2397.00,2457.0,122.85,0.0,0.0,0.0,0.0,2579.85,,,,,,57.6,32.9,Incorrectly,,58465770cb440b394fd078465cb7bc800fbc2be167ff2c54e16c12d9f250d03c
20882652,Aura Pizzas,DLF Phase 1,Delhi NCR,6154353342,"11:01 PM, September 05 2024",Delivered,Zomato Delivery,2km,1 x Peri Peri Fries,,60% off upto Rs.120,189.0,4.74,94.12,0.0,0.0,0.0,99.62,,,,,,15.05,0.6,Missed,,52fc512ebeaf15128011d129d9eeb1b5b5dafafb75cfba5fde4452500c02bf5d
20882652,Aura Pizzas,DLF Phase 1,Delhi NCR,6153206002,"10:01 PM, September 05 2024",Delivered,Zomato Delivery,5km,1 x Angara Paneer Melt,,60% off upto Rs.120,449.0,17.5,99.0,0.0,0.0,0.0,367.5,,,,,,21.84,4.2,Incorrectly,,82115ae607444b4c01d963a789b5075b76442e327a115bae362b41aefd984cc4
20882652,Aura Pizzas,DLF Phase 1,Delhi NCR,6155238797,"08:20 PM, September 05 2024",Delivered,Zomato Delivery,3km,1 x Mushroom Mozzarella Melt,,,449.0,22.45,0.0,0.0,0.0,0.0,471.45,,,,,,22.21,5.7,Incorrectly,,2e1060814964cf2324d8bc977a4aa6671d0dd299c3f8f7ce4689c51979f4e496
20882652,Aura Pizzas,DLF Phase 1,Delhi NCR,6130393740,"12:25 PM, September 05 2024",Delivered,Zomato Delivery,<1km,"1 x Bageecha Pizza, 1 x Malai Gud Pide",,60% off upto Rs.120,858.0,37.95,99.0,0.0,0.0,0.0,796.95,,,,,,22.22,7.3,Incorrectly,,628a458eb3d03780ae7d4d12a948a22bc8a4884e20fffa56cb67603a23b2571b
20882652,Aura Pizzas,DLF Phase 1,Delhi NCR,6151866808,"01:14 AM, September 05 2024",Delivered,Zomato Delivery,2km,1 x Angara Paneer Melt,,,449.0,22.45,0.0,0.0,0.0,0.0,471.45,,,,,,17.84,2.0,Correctly,,0cf53eabcb8781c12b1ef6004325fcbcb188a6532c276ea645b3ccf07df06157
20882652,Aura Pizzas,DLF Phase 1,Delhi NCR,6149691499,"12:06 AM, September 05 2024",Delivered,Zomato Delivery,3km,1 x Bageecha Pizza,,50% off upto Rs.100,599.0,24.95,100.0,0.0,0.0,0.0,523.95,,,,,,29.17,9.0,Incorrectly,,ab9200a1b2d289109aeacb8a8df58fe511ec59a236196b63ce47e199f5cc8ba5
20882652,Aura Pizzas,DLF Phase 1,Delhi NCR,6140038482,"10:19 PM, September 04 2024",Delivered,Zomato Delivery,2km,1 x Makhani Paneer Pizza,,,749.0,37.45,0.0,0.0,0.0,0.0,786.45,,,,,,17.28,2.8,Correctly,,6321c39d054bd4394be7e04cce118ba0f6548d184e01fb1c9380c16506225063
20882652,Aura Pizzas,DLF Phase 1,Delhi NCR,6145841051,"09:24 PM, September 04 2024",Delivered,Zomato Delivery,2km,1 x Mushroom Pizza,"Order: Don't make it spicy, this is for children.",50% off upto Rs.100,609.0,25.45,100.0,0.0,0.0,0.0,534.45,,,,,,38.06,3.1,Incorrectly,Non-refunded complaint,9ea7367ac3f27d40da1e1ae0e27fbb56f00a03d2c70c580b0c59bf4d887f5db3
20882652,Aura Pizzas,DLF Phase 1,Delhi NCR,6146530247,"12:54 PM, September 04 2024",Delivered,Zomato Delivery,5km,1 x Margherita Pizza,,60% off upto Rs.120,459.0,18.0,99.0,0.0,0.0,0.0,378.0,,,,,,45.08,6.8,Incorrectly,,72200fd6ebaabde3666df688e2238502faa2b0b5c050ca308dd364cecced7712
20882652,Aura Pizzas,DLF Phase 1,Delhi NCR,6148095258,"12:23 AM, September 04 2024",Delivered,Zomato Delivery,2km,1 x Jamaican Chicken Melt,,50% off upto Rs.100,479.0,18.95,100.0,0.0,0.0,0.0,397.95,,,,,,32.55,0.2,Correctly,,654b0727efa7e5114df741b6a3922762db6c63c7b9d6bc55b0626193e9a74618
20882652,Aura Pizzas,DLF Phase 1,Delhi NCR,6149950177,"11:22 PM, September 03 2024",Delivered,Zomato Delivery,5km,1 x Pepperoni Garlic Bread,,60% off upto Rs.120,279.0,9.0,99.0,0.0,0.0,0.0,189.0,,,,,,9.77,3.8,Correctly,,cf35e0319f70b993de048c3fec396c97eb1eda998249d30a472f4d51788ba22c
20882652,Aura Pizzas,DLF Phase 1,Delhi NCR,6148122985,"11:01 PM, September 03 2024",Delivered,Zomato Delivery,7km,"1 x Peri Peri Chicken Melt, 1 x Murgh Amritsari Garlic Bread",,Flat Rs.200 off,916.0,35.8,200.0,0.0,0.0,0.0,751.8,,,,,,19.62,3.1,Correctly,,96b3d1b85b8af949af4cdf908ca1ee930b2aa2cf3c1f3dbb94eb86531702a3f9
20882652,Aura Pizzas,DLF Phase 1,Delhi NCR,6148538274,"10:45 PM, September 03 2024",Delivered,Zomato Delivery,8km,"1 x Just Pepperoni Pizza, 1 x Indian Masala Fries",,Flat Rs.200 off,947.0,37.35,200.0,0.0,0.0,0.0,784.35,,,,,,16.07,5.9,Correctly,,c8276f681117a7486538902d04467a96656886b819c49e6f1943cc849d76723f
20882652,Aura Pizzas,DLF Phase 1,Delhi NCR,6149741531,"09:41 PM, September 03 2024",Delivered,Zomato Delivery,5km,"1 x Murgh Amritsari Seekh Pide, 1 x Indian Masala Fries",,60% off upto Rs.120,597.0,24.9,99.0,0.0,0.0,0.0,522.9,,,,,,16.62,4.4,Correctly,,000285ae83ecf06a92b936d4f5b74342edb0e1940e1f00e2d43d28dac93a034e
20882652,Aura Pizzas,DLF Phase 1,Delhi NCR,6149330523,"09:21 PM, September 03 2024",Delivered,Zomato Delivery,9km,"1 x Murgh Amritsari Seekh Melt, 1 x All About Chicken Pizza, 1 x Chicken Pepperoni Pizza",,Flat Rs.200 off,1737.0,76.85,200.0,0.0,0.0,0.0,1613.85,,,,,,26.36,3.0,Correctly,,4ff5d85530e757da901a03957e93e5b620aa21c47aeaef2e282c1457b3583fd0
20882652,Aura Pizzas,DLF Phase 1,Delhi NCR,6136829571,"08:49 PM, September 03 2024",Delivered,Zomato Delivery,4km,1 x Bageecha Pizza,,,1028.0,51.4,0.0,0.0,0.0,0.0,1079.4,,,,,,22.67,3.4,Incorrectly,,76be32bb5a6e52f99a295abec26e28be026c9996ce4b33617133d75e2a4f65ae
20882652,Aura Pizzas,DLF Phase 1,Delhi NCR,6147850010,"06:14 PM, September 03 2024",Delivered,Zomato Delivery,6km,"1 x Bacon Pepperoni Melt, 1 x Chilli Cheese Garlic Bread",,,858.0,42.9,0.0,0.0,0.0,0.0,900.9,,,,,,28.78,14.3,Correctly,,a349017fe0ebd57013ce0b985add0baa5c99d83187f89dc9bdf2192e7f12662b
20882652,Aura Pizzas,DLF Phase 1,Delhi NCR,6141731187,"06:03 PM, September 03 2024",Delivered,Zomato Delivery,5km,"1 x Makhani Paneer Pizza, 1 x Indian Pico De-Gallo, 1 x Cheesy Garlic Bread",,,878.0,43.9,0.0,0.0,0.0,0.0,921.9,,,,,,18.99,13.2,Correctly,,9117d456dbce4229b134b03b774acac4168b80561aba368cf31ad6434e3cc927
20882652,Aura Pizzas,DLF Phase 1,Delhi NCR,6144953249,"03:46 PM, September 03 2024",Delivered,Zomato Delivery,5km,"1 x OG Cheese Pide, 1 x Chilli Cheese Garlic Bread",,60% off upto Rs.120,608.0,25.45,99.0,0.0,0.0,0.0,534.45,,,,,,17.38,4.4,Incorrectly,,76c3776eab702aabe693a2b310b6aa8de31b997d00364194bf46498d44383a33
20882652,Aura Pizzas,DLF Phase 1,Delhi NCR,6145276713,"01:27 PM, September 03 2024",Delivered,Zomato Delivery,4km,1 x Peri Peri Fries,,60% off upto Rs.120,189.0,4.74,94.12,0.0,0.0,0.0,99.62,,,,,,19.8,12.7,Incorrectly,,74086d27d19825ced423c50694bf3b9b72021f52697983a7566245f212185fb9
20882652,Aura Pizzas,DLF Phase 1,Delhi NCR,6146569813,"12:13 AM, September 03 2024",Delivered,Zomato Delivery,14km,"1 x Grilled Tangdis, 1 x Herbed Potato, 1 x Cafreal Sauce, 1 x Desi Chicken Pepperoni Pizza",,Flat Rs.200 off,1086.0,44.3,200.0,0.0,0.0,0.0,930.3,,,,,,18.8,1.7,Correctly,,e9275a32d65ed1414c38bca38fd7b15b37e83dd97614c2a6b7cd232409b22134
20882652,Aura Pizzas,DLF Phase 1,Delhi NCR,6139627209,"11:23 PM, September 02 2024",Delivered,Zomato Delivery,1km,1 x Bageecha Pizza,,60% off upto Rs.120,599.0,25.0,99.0,0.0,0.0,0.0,525.0,4.0,,,,,20.64,1.8,Correctly,,ffa17baf035fa4fbf5d8057a5d66d8f53c426d3ede1f2750467395c4700bbb01
20882652,Aura Pizzas,DLF Phase 1,Delhi NCR,6147233556,"11:13 PM, September 02 2024",Delivered,Zomato Delivery,10km,"1 x Jamaican Chicken Melt, 1 x Just Pepperoni Pizza",,Flat Rs.200 off,1128.0,46.4,200.0,0.0,0.0,0.0,974.4,,,,,,15.79,6.5,Correctly,,0f0a6b9e13bbf8a2c4ae062549e503a3b3f6e7652c005e6b0a6abf089ddb0c6a
20882652,Aura Pizzas,DLF Phase 1,Delhi NCR,6145268388,"10:58 PM, September 02 2024",Delivered,Zomato Delivery,8km,"1 x Murgh Amritsari Garlic Bread, 1 x Fried Chicken Strips, 1 x Peri Peri Fries",,50% off upto Rs.100,726.0,31.3,100.0,0.0,0.0,0.0,657.3,,,,,,27.78,3.3,Incorrectly,,48723bd5a992d6a6a05c822a71ef56357d5ac6a32cec6936ced377ebb69bc229
20882652,Aura Pizzas,DLF Phase 1,Delhi NCR,6143762267,"09:58 PM, September 02 2024",Delivered,Zomato Delivery,4km,1 x Bageecha Pizza,,60% off upto Rs.120,599.0,25.0,99.0,0.0,0.0,0.0,525.0,,,,,,12.51,4.0,Correctly,,4ca1294f31fa2e50a1771ffa6b7e9efa9af7f4f8d3f6beb7e2db55ba51b65e1e
20882652,Aura Pizzas,DLF Phase 1,Delhi NCR,6147278398,"09:29 PM, September 02 2024",Delivered,Zomato Delivery,11km,"1 x OG Cheese Pide, 1 x Chilli Cheese Garlic Bread, 1 x Bageecha Pizza, 1 x Chicken Pepperoni Pizza, 1 x Indian Masala Fries",,,1995.0,99.75,0.0,0.0,0.0,0.0,2094.75,,,,,,21.0,7.8,Correctly,,50f6cd259175379dccb89e38591f4804032f81fab9daf6c2aa83da0e8f1344ec
20882652,Aura Pizzas,DLF Phase 1,Delhi NCR,6145794131,"08:39 PM, September 02 2024",Delivered,Zomato Delivery,4km,"1 x Herbed Potato, 1 x Cheesy Garlic Bread",,60% off upto Rs.120,387.0,14.4,99.0,0.0,0.0,0.0,302.4,,,,,,18.15,5.3,Correctly,,a3355b25d146abde8b93ce41b57cf909ca8d86dde76127e8ddf5c92384466b72
20882652,Aura Pizzas,DLF Phase 1,Delhi NCR,6130614779,"08:34 PM, September 02 2024",Delivered,Zomato Delivery,2km,1 x Jamaican Chicken Melt,,60% off upto Rs.120,479.0,19.0,99.0,0.0,0.0,0.0,399.0,,,,,,16.8,6.1,Correctly,,01addfa2a3daee7c98ee314b836a9ddb987ce281cdad404541dc39cf255f83c3
20882652,Aura Pizzas,DLF Phase 1,Delhi NCR,6140815834,"08:02 PM, September 02 2024",Delivered,Zomato Delivery,4km,"1 x Mushroom Pizza, 1 x Bageecha Pizza",Order: Please don't add broccoli to the bageecha pizza,Flat Rs.200 off,1257.0,52.85,200.0,0.0,0.0,0.0,1109.85,,,,,,15.41,7.6,Correctly,,f3f7ccee732ddb126bb54289cec3fde24224b54106dd1c900720a8876a3819c4
20882652,Aura Pizzas,DLF Phase 1,Delhi NCR,6146470153,"08:01 PM, September 02 2024",Delivered,Zomato Delivery,11km,1 x Murgh Amritsari Seekh Pide,,50% off upto Rs.100,349.0,12.45,100.0,0.0,0.0,0.0,261.45,,,,,,12.03,2.8,Correctly,,b55c2f76918c94017b9751f776713f9665410ba03d36b0f79ad0171132cb0bbe
20882652,Aura Pizzas,DLF Phase 1,Delhi NCR,6146712441,"07:11 PM, September 02 2024",Delivered,Zomato Delivery,6km,1 x Bageecha Pizza,,,599.0,29.95,0.0,0.0,0.0,0.0,628.95,,,,,,15.0,3.9,Correctly,,169d719046dff350427b057414ed9b08ac9e5d23927d5f5a5d2394213e317527
20882652,Aura Pizzas,DLF Phase 1,Delhi NCR,6142209572,"04:53 PM, September 02 2024",Delivered,Zomato Delivery,3km,1 x Jamaican Chicken Melt,,60% off upto Rs.120,479.0,19.0,99.0,0.0,0.0,0.0,399.0,3.0,,,,,27.54,13.4,Incorrectly,,f726fb3295a262be1a5fe1c78e10636363da13ee52e7a92d792b32dae42fccdd
20882652,Aura Pizzas,DLF Phase 1,Delhi NCR,6143396377,"04:45 PM, September 02 2024",Delivered,Zomato Delivery,2km,1 x Tripple Cheese Pizza,,60% off upto Rs.120,828.0,36.45,99.0,0.0,0.0,0.0,765.45,,,,,,15.69,4.1,Correctly,,77da83da8da362d5fc5608ac983040d7ce0b381f50a4095c923bdd3d8e0db3fb
20882652,Aura Pizzas,DLF Phase 1,Delhi NCR,6133768932,"03:34 PM, September 02 2024",Delivered,Zomato Delivery,4km,1 x All About Chicken Pizza,,60% off upto Rs.120,659.0,28.0,99.0,0.0,0.0,0.0,588.0,,,,,,15.0,2.5,Correctly,,d1a02527588bc56c1fe7d2be29c53c9bae845a94ee2edcb91efe955772621b68
20882652,Aura Pizzas,DLF Phase 1,Delhi NCR,6135456760,"10:24 PM, September 01 2024",Delivered,Zomato Delivery,7km,1 x Jamaican Chicken Melt,,Flat Rs.150 off,479.0,19.0,99.0,0.0,0.0,0.0,399.0,,,,,,18.2,7.6,Correctly,,96b3d1b85b8af949af4cdf908ca1ee930b2aa2cf3c1f3dbb94eb86531702a3f9
20882652,Aura Pizzas,DLF Phase 1,Delhi NCR,6141722287,"08:35 PM, September 01 2024",Delivered,Zomato Delivery,2km,"1 x Mutton Seekh Pizza, 1 x Spinach Sumac Pide",,Flat Rs.200 off,1128.0,46.4,200.0,0.0,0.0,0.0,974.4,,,,,,19.1,3.0,Missed,,07b5fd8da81c0861188fc13bc86adfba3071ad5e4503a5d683b143ddec9b326e
20882652,Aura Pizzas,DLF Phase 1,Delhi NCR,6143353268,"06:15 PM, September 01 2024",Delivered,Zomato Delivery,7km,1 x Mushroom Mozzarella Melt,,50% off upto Rs.100,508.0,20.4,100.0,0.0,0.0,0.0,428.4,,,,,,16.8,6.4,Incorrectly,,63d63a2aaf2ccbf061430d48ebeaa2a841608d79e735cb0ceeefbe6b9a28c5eb
20882652,Aura Pizzas,DLF Phase 1,Delhi NCR,6141489751,"05:33 PM, September 01 2024",Delivered,Zomato Delivery,9km,1 x Masala Paneer Pide,,Flat Rs.150 off,319.0,11.0,99.0,0.0,0.0,0.0,231.0,,,,,,12.57,3.0,Correctly,,730a4d0258a88daa23e6914736580fd0415ea2242f632f13e5aaa9f50147e59b
20882652,Aura Pizzas,DLF Phase 1,Delhi NCR,6142807671,"04:50 PM, September 01 2024",Delivered,Zomato Delivery,9km,"1 x Murgh Amritsari Seekh Pizza, 1 x Murgh Amritsari Seekh Pide",,Flat Rs.200 off,1037.0,41.85,200.0,0.0,0.0,0.0,878.85,,,,,,26.17,2.1,Correctly,,762c7da5dbf42873f645fe37ad7d575bc50837bbd895d53327f2067b82ea3489
20882652,Aura Pizzas,DLF Phase 1,Delhi NCR,6128781913,"03:46 PM, September 01 2024",Delivered,Zomato Delivery,18km,1 x Mushroom Pizza,,50% off upto Rs.100,609.0,25.45,100.0,0.0,0.0,0.0,534.45,,,,,,15.49,12.2,Correctly,,58c90b0bd7ba5e650464923156ce8c9fe2789b8ab42691151addc0b24a6dac7c
20882713,Swaad,DLF Phase 1,Delhi NCR,6164933438,"08:56 PM, September 10 2024",Delivered,Zomato Delivery,8km,"1 x Fried Chicken Angara Tender, 1 x Bone in Angara Grilled Chicken, 2 x Bone in Kabuli Grilled Chicken, 1 x Garlic Aioli, 1 x Fried Chicken Kabuli Tender",,,1775.0,88.75,0.0,0.0,0.0,0.0,1863.75,,,,,,26.18,4.9,Correctly,,b87b115e3d8d4679f33d4d5a27da20af3a25c7e270b9f88f65056fd489c84346
20882713,Swaad,DLF Phase 1,Delhi NCR,6168460547,"12:25 PM, September 10 2024",Delivered,Zomato Delivery,1km,"1 x Tipsy Tiger Fresh Lime Soda, 1 x Bone in Jamaican Grilled Chicken",,,884.05,44.2,0.0,0.0,0.0,0.0,928.25,,,,,,15.6,2.6,Correctly,,fc7f8a75f13a5428dd5a7abe90814e8f0dc70c746ec03df4b936011d58320e35
20882713,Swaad,DLF Phase 1,Delhi NCR,6163390947,"11:31 PM, September 09 2024",Delivered,Zomato Delivery,7km,"1 x Fried Chicken Ghostbuster Tender, 1 x Bone in Peri Peri Grilled Chicken",,Flat Rs.175 off,910.0,36.75,175.0,0.0,0.0,0.0,771.75,,,,,,24.0,13.9,Correctly,,0b021075b26ac8908d11f8cc0fad3afd94a9fcb9ca28e716fc655ef1766ae0ee
20882713,Swaad,DLF Phase 1,Delhi NCR,6168054575,"09:55 PM, September 09 2024",Delivered,Zomato Delivery,3km,1 x Bone in Jamaican Grilled Chicken,,Flat Rs.80 off,310.0,11.5,80.0,0.0,0.0,0.0,241.5,,,,,,12.47,0.3,Correctly,,80caec4f709ee3224425a5b671ef467f91bab3dc00d77b0458951b51eb6f5e88
20882713,Swaad,DLF Phase 1,Delhi NCR,6166042191,"09:26 PM, September 09 2024",Delivered,Zomato Delivery,3km,"1 x Grilled Chicken Jamaican Tender, 1 x Bone in Smoky Bbq Grilled Chicken",,Flat Rs.175 off,895.0,36.0,175.0,0.0,0.0,0.0,756.0,,,,,,22.5,0.4,Correctly,,947135ca27d5299efba66879ff996c437fc397046c988a542e53b76846340866
20882713,Swaad,DLF Phase 1,Delhi NCR,6166572654,"01:05 PM, September 09 2024",Delivered,Zomato Delivery,3km,"1 x Fried Chicken Peri Peri Tender, 1 x Grilled Chicken Jamaican Tangdi",,50% off upto Rs.100,730.0,31.5,100.0,0.0,0.0,0.0,661.5,,,,,,24.8,11.2,Correctly,,8d2704ebdb843e8c231e1304a066dc70d23d2aac8b6b4c4de0de43f168eb2b60
20882713,Swaad,DLF Phase 1,Delhi NCR,6162531285,"01:53 AM, September 09 2024",Delivered,Zomato Delivery,2km,1 x Grilled Chicken Angara Tangdi,,40% off upto Rs.80,405.0,16.25,80.0,0.0,0.0,0.0,341.25,,,,,,8.52,1.1,Correctly,,d8a07624330ec823d32e7baaa923b97f9a96876e45b3e55ef975dac197f44445
20882713,Swaad,DLF Phase 1,Delhi NCR,6156424505,"06:26 PM, September 08 2024",Delivered,Zomato Delivery,7km,1 x Fried Chicken Angara Tender,,20% off upto Rs.50,460.0,20.5,50.0,0.0,0.0,0.0,430.5,,,,,,12.65,4.2,Incorrectly,,9f7e79d9cc96c8d3c019bc1b89cf824d620e7ce9442eda94cac30bf38c0da170
20882713,Swaad,DLF Phase 1,Delhi NCR,6161955169,"01:35 AM, September 08 2024",Delivered,Zomato Delivery,3km,1 x Bone in Jamaican Grilled Chicken,,,310.0,15.5,0.0,0.0,0.0,0.0,325.5,,,,,,13.03,3.2,Incorrectly,,b3a574b758109e5dabcb63e7856621288d1d62b4a5e0aa9c1d6bf9b049a290e2
20882713,Swaad,DLF Phase 1,Delhi NCR,6150365221,"12:45 AM, September 07 2024",Delivered,Zomato Delivery,7km,"1 x Bone in Smoky Bbq Grilled Chicken, 1 x Animal Fries",,Flat Rs.175 off,1460.0,64.25,175.0,0.0,0.0,0.0,1349.25,,,,,,33.2,3.6,Incorrectly,,4d38bcec8287e3e5fcf16dff36e5b154239f8a12c494c45e8fc82364620e489d
20882713,Swaad,DLF Phase 1,Delhi NCR,6152039815,"10:13 PM, September 06 2024",Delivered,Zomato Delivery,5km,"1 x Bone in Peri Peri Grilled Chicken, 1 x Bone in Jamaican Grilled Chicken, 1 x Fried Chicken Angara Tender",,Flat Rs.175 off,945.0,38.5,175.0,0.0,0.0,0.0,808.5,,,,,,32.48,15.5,Correctly,,71f49ca39921bf22d5e0cae6741428b0aab79dfe28d641aae2dc30759bf65c6c
20882713,Swaad,DLF Phase 1,Delhi NCR,6155894512,"07:27 PM, September 06 2024",Delivered,Zomato Delivery,1km,1 x Fried Chicken Peri Peri Tender,,40% off upto Rs.80,460.0,19.0,80.0,0.0,0.0,0.0,399.0,,,,,,17.65,9.3,Correctly,,a20cdcd64ed6f47143d7f0892e6c0d373debfaf7999d30b40495e95c3545b72c
20882713,Swaad,DLF Phase 1,Delhi NCR,6154635977,"02:33 PM, September 06 2024",Delivered,Zomato Delivery,2km,1 x Bone in Smoky Bbq Grilled Chicken,Order: Please send breast piece. Thanks you!,40% off upto Rs.80,480.0,20.0,80.0,0.0,0.0,0.0,420.0,,,,,,25.6,13.7,Incorrectly,,f3ff8b34192a033a3610def0404e1e8ae645943293720c2288b634f70e816ad3
20882713,Swaad,DLF Phase 1,Delhi NCR,6156213299,"01:44 PM, September 06 2024",Delivered,Zomato Delivery,3km,1 x Bone in Jamaican Grilled Chicken,,Flat Rs.80 off,480.0,20.0,80.0,0.0,0.0,0.0,420.0,,,,,,23.71,11.5,Correctly,,64651a59506364d872d17bd68c5e3649581421bda9131c5d0dbc7e5c3b2fce58
20882713,Swaad,DLF Phase 1,Delhi NCR,6144967319,"01:31 PM, September 06 2024",Delivered,Zomato Delivery,4km,1 x Bone in Smoky Bbq Grilled Chicken,,50% off upto Rs.100,420.0,16.0,100.0,0.0,0.0,0.0,336.0,,,,,,27.25,1.8,Correctly,,1bd77a69f7976723c21021c148071e479c51635d3ec28448b989fd7277c58466
20882713,Swaad,DLF Phase 1,Delhi NCR,6147746951,"09:37 PM, September 05 2024",Delivered,Zomato Delivery,4km,"1 x Grilled Chicken Angara Tender, 1 x Grilled Chicken Peri Peri Tender",,50% off upto Rs.100,620.0,26.0,100.0,0.0,0.0,0.0,546.0,,,,,,18.33,0.2,Correctly,,a7c0da55771348f1fc9abc3d8a0b124d6b955b2616d8c30b08df06802cba3a35
20882713,Swaad,DLF Phase 1,Delhi NCR,6152262122,"09:14 PM, September 05 2024",Delivered,Zomato Delivery,2km,1 x Bone in Smoky Bbq Grilled Chicken,,Flat Rs.80 off,310.0,11.5,80.0,0.0,0.0,0.0,241.5,,,,,,15.25,0.2,Correctly,,f632838e771a2ce2a5781f46d8a5e13b5ee59a1a5d96722b9496372915e5e291
20882713,Swaad,DLF Phase 1,Delhi NCR,6152229861,"06:19 PM, September 05 2024",Delivered,Zomato Delivery,5km,1 x Bone in Jamaican Grilled Chicken,,40% off upto Rs.80,310.0,11.5,80.0,0.0,0.0,0.0,241.5,,,,,,27.17,2.2,Correctly,,1c39f11b45615331660a2f1a5b9dc7e7469af852ec58aec4c312efb9c701339c
20882713,Swaad,DLF Phase 1,Delhi NCR,6127509959,"03:09 PM, September 05 2024",Delivered,Zomato Delivery,6km,"1 x Bone in Peri Peri Grilled Chicken, 1 x Peri Peri Fries",,Flat Rs.175 off,954.0,38.95,175.0,0.0,0.0,0.0,817.95,,,,,,28.65,11.9,Incorrectly,,345d1311a52a2f97d7c5bab5a35cfe519551020f196a1bb6611634290753de99
20882713,Swaad,DLF Phase 1,Delhi NCR,6150410081,"12:09 AM, September 05 2024",Delivered,Zomato Delivery,4km,2 x Bone in Angara Grilled Chicken,,,620.0,15.5,0.0,310.0,0.0,0.0,325.5,,,,,,22.52,2.1,Correctly,,1441f74854a43fa981f547e1e317051332d49fb207b7004f49e95c63c2493171
20882713,Swaad,DLF Phase 1,Delhi NCR,6146842240,"10:15 PM, September 04 2024",Delivered,Zomato Delivery,4km,"1 x Bone in Jamaican Grilled Chicken, 1 x Grilled Chicken Jamaican Tender",,,620.0,15.5,0.0,310.0,0.0,0.0,325.5,,,,,,14.83,4.8,Incorrectly,,b831f463c55f65d7ecd59d62b234095bb77b84059f1105177798e8b58e681817
20882713,Swaad,DLF Phase 1,Delhi NCR,6151354140,"10:10 PM, September 04 2024",Delivered,Zomato Delivery,4km,"1 x Angara Rice, 1 x Fried Chicken Angara Tender",,,473.0,16.25,0.0,148.0,0.0,0.0,341.25,,,,,,14.38,5.4,Incorrectly,,e900e6f45745f9f61a4faf77245159a7d85528f0df29971940f9de55297e8042
20882713,Swaad,DLF Phase 1,Delhi NCR,6150996658,"09:13 PM, September 04 2024",Delivered,Zomato Delivery,4km,"1 x Bone in Jamaican Grilled Chicken, 1 x Bone in Kabuli Grilled Chicken",,,620.0,15.5,0.0,310.0,0.0,0.0,325.5,,,,,,18.93,1.6,Correctly,,45c5d20392a14570e8b7da52c70376d9076069625e8f785a383c39117b9be971
20882713,Swaad,DLF Phase 1,Delhi NCR,6149442844,"08:08 PM, September 04 2024",Delivered,Zomato Delivery,5km,1 x Bone in Jamaican Grilled Chicken,Order: send leg pc pls,Flat Rs.80 off,310.0,11.5,80.0,0.0,0.0,0.0,241.5,5.0,,,,,21.43,1.4,Correctly,,7b47cbdcb8523760274727755490cedd2c988279769cbfa5b7e6d90aee0926dd
20882713,Swaad,DLF Phase 1,Delhi NCR,6150473400,"08:07 PM, September 04 2024",Delivered,Zomato Delivery,2km,"1 x Fried Chicken Classic Tender, 1 x Bone in Peri Peri Grilled Chicken",,,635.0,16.25,0.0,310.0,0.0,0.0,341.25,,,,,,21.97,3.0,Incorrectly,,08396d2e66b7a6ab52ca5e99e83aa065d79fcf5e2e71d7b6bc5f932d6fe013d4
20882713,Swaad,DLF Phase 1,Delhi NCR,6150828992,"07:34 PM, September 04 2024",Delivered,Zomato Delivery,6km,"1 x Grilled Chicken Jamaican Tender, 1 x Grilled Chicken Angara Tender, 1 x Bone in Jamaican Grilled Chicken, 1 x Bone in Angara Grilled Chicken",,,1240.0,31.0,0.0,620.0,0.0,0.0,651.0,5.0,,,,,24.08,7.2,Correctly,,257be4b7402d3e7ba83a4eec501018b8806a69d76078b874f695aa621033aba5
20882713,Swaad,DLF Phase 1,Delhi NCR,6149635152,"07:18 PM, September 04 2024",Delivered,Zomato Delivery,7km,"2 x Salted Fries, 1 x Fried Chicken Ghostbuster Tender, 1 x Fried Chicken Kabuli Tender",,,988.0,24.7,0.0,494.0,0.0,0.0,518.7,,,,,,24.83,2.5,Correctly,,fe9ac822560d387939cffc4b18bac42fc8e270cd27795b5fdb25db9957ba4418
20882713,Swaad,DLF Phase 1,Delhi NCR,6143375895,"07:05 PM, September 04 2024",Delivered,Zomato Delivery,3km,"2 x Bone in Angara Grilled Chicken, 1 x Indian Pico De-Gallo",,,680.0,18.5,0.0,310.0,0.0,0.0,388.5,,,,,,22.82,0.6,Correctly,,d93f88736b36b36ed7e5472b5ee30d608d5bb06119da0832f74aeecb7552dc3b
20882713,Swaad,DLF Phase 1,Delhi NCR,6150109902,"06:31 PM, September 04 2024",Delivered,Zomato Delivery,1km,2 x Bone in Jamaican Grilled Chicken,,,1170.0,29.25,0.0,585.0,0.0,0.0,614.25,,,,,,18.62,3.8,Incorrectly,,c5f6637f822f5c448678ea1cd61145587af710f48657f1f49bb6c98b80c891fd
20882713,Swaad,DLF Phase 1,Delhi NCR,6146748184,"05:48 PM, September 04 2024",Delivered,Zomato Delivery,3km,1 x Bone in Jamaican Grilled Chicken,,50% off upto Rs.100,310.0,10.5,100.0,0.0,0.0,0.0,220.5,,,,,,11.85,0.3,Correctly,Non-refunded complaint,7864464607b4d2aeb576d23747557c1b500d1ca4a2bac6e5411466e5e5909868
20882713,Swaad,DLF Phase 1,Delhi NCR,6148958389,"12:51 PM, September 04 2024",Delivered,Zomato Delivery,8km,"1 x Bone in Jamaican Grilled Chicken, 1 x Bone in Smoky Bbq Grilled Chicken",,,620.0,15.5,0.0,310.0,0.0,0.0,325.5,,,,,,50.45,9.0,Incorrectly,,62a3fc701bb0ebd288d893def07a00394af081ed5f8abaaa2fc502b1950dc277
20882713,Swaad,DLF Phase 1,Delhi NCR,6145052165,"12:21 PM, September 04 2024",Delivered,Zomato Delivery,6km,"1 x Bone in Jamaican Grilled Chicken, 1 x Bone in Angara Grilled Chicken",,,620.0,15.5,0.0,310.0,0.0,0.0,325.5,,,,,,26.46,4.0,Incorrectly,,218b3c50a52e0b4d41fb8a2f75aba11e27242464b91a0d476923371231ef17c7
20882713,Swaad,DLF Phase 1,Delhi NCR,6148322817,"11:52 AM, September 04 2024",Delivered,Zomato Delivery,3km,"1 x Fried Chicken Angara Tender, 1 x Grilled Chicken Smoky BBQ Tender",,,635.0,16.25,0.0,310.0,0.0,0.0,341.25,5.0,Amazing food. Becoming a regular. Keep it up!,,,,21.52,10.3,Incorrectly,,24ad307865461dccb0526c3cd33a743f63143e96c55b1b5ee1c317b6a9098127
20882713,Swaad,DLF Phase 1,Delhi NCR,6135844564,"04:08 PM, September 03 2024",Delivered,Zomato Delivery,8km,1 x Bone in Jamaican Grilled Chicken,,Flat Rs.175 off,1045.0,43.5,175.0,0.0,0.0,0.0,913.5,,,,,,17.13,9.8,Correctly,,f617598b2acc596a36cfcebb426cf0c4a283e7e2a279913726881706227112db
20882713,Swaad,DLF Phase 1,Delhi NCR,6135720678,"03:08 PM, September 03 2024",Delivered,Zomato Delivery,3km,1 x Bone in Kabuli Grilled Chicken,,50% off upto Rs.100,310.0,10.5,100.0,0.0,0.0,0.0,220.5,,,,,,14.43,4.0,Correctly,,caf6ab85d7873e089bcaa67322b693f1d364a6920dda1ad51d76782463852b4e
20882713,Swaad,DLF Phase 1,Delhi NCR,6147538498,"09:25 PM, September 02 2024",Delivered,Zomato Delivery,8km,1 x Bone in Jamaican Grilled Chicken,,20% off upto Rs.50,585.0,26.75,50.0,0.0,0.0,0.0,561.75,,,,,,14.4,1.6,Correctly,,04062455a01d26b69c48fff955f020f9fbe18caa295e70bb719437ce93c377f8
20882713,Swaad,DLF Phase 1,Delhi NCR,6145538309,"06:00 PM, September 02 2024",Delivered,Zomato Delivery,2km,1 x Bone in Jamaican Grilled Chicken,,50% off upto Rs.100,420.0,16.0,100.0,0.0,0.0,0.0,336.0,5.0,,,,,16.27,8.2,Correctly,,7b47cbdcb8523760274727755490cedd2c988279769cbfa5b7e6d90aee0926dd
20882713,Swaad,DLF Phase 1,Delhi NCR,6142969913,"02:16 PM, September 02 2024",Delivered,Zomato Delivery,3km,"1 x Bone in Kabuli Grilled Chicken, 1 x Animal Fries",,Flat Rs.175 off,1460.0,64.25,175.0,0.0,0.0,0.0,1349.25,,,,,,31.53,12.0,Correctly,,4d38bcec8287e3e5fcf16dff36e5b154239f8a12c494c45e8fc82364620e489d
20882713,Swaad,DLF Phase 1,Delhi NCR,6146088816,"02:11 PM, September 02 2024",Delivered,Zomato Delivery,1km,"1 x Bone in Peri Peri Grilled Chicken, 1 x Peri Peri Fries",,Flat Rs.175 off,834.0,32.95,175.0,0.0,0.0,0.0,691.95,,,,,,18.9,4.2,Correctly,,146933f25fb3b0d3a06142249f775590a646173c68dcfd7e35fe72f5f2648a12
20882713,Swaad,DLF Phase 1,Delhi NCR,6141484544,"10:27 PM, September 01 2024",Delivered,Zomato Delivery,1km,1 x Fried Chicken Peri Peri Tender,,40% off upto Rs.80,460.0,19.0,80.0,0.0,0.0,0.0,399.0,,,,,,11.9,6.3,Correctly,,a20cdcd64ed6f47143d7f0892e6c0d373debfaf7999d30b40495e95c3545b72c
20882713,Swaad,DLF Phase 1,Delhi NCR,6144523335,"09:29 PM, September 01 2024",Delivered,Zomato Delivery,2km,1 x Bone in Jamaican Grilled Chicken,,40% off upto Rs.80,310.0,11.5,80.0,0.0,0.0,0.0,241.5,,,,,,,6.3,Missed,,1e1bf0b2324ab8049eb75b7ad96642c0ae8b464f729eb03d27919cccaa9e35a2
20882713,Swaad,DLF Phase 1,Delhi NCR,6143711389,"07:43 PM, September 01 2024",Delivered,Zomato Delivery,8km,1 x Fried Chicken Ghostbuster Tender,,20% off upto Rs.50,325.0,13.75,50.0,0.0,0.0,0.0,288.75,,,,,,15.02,3.9,Incorrectly,,48408c6428b1ddf51fe8e1bf36d03a8594f84f2d103b3bc44eb78958576dec91
20968194,Dilli Burger Adda,Sector 4,Delhi NCR,6152134405,"12:05 PM, September 05 2024",Delivered,Zomato Delivery,1km,1 x Fried Chicken Strips,,60% off upto Rs.120,254.0,7.75,99.0,0.0,0.0,0.0,162.75,,,,,,14.02,1.3,Correctly,,e9aafba1b8baee83d2676016cf85f5c4fb4ba157005e1891e5940f832decf631
